Mã sản phẩm,Quy cách (con/thùng),Nhà cung cấp,Trọng lượng (Kg/thùng),Đơn vị tính,Mô tả
TIUB01BU-100-X108Z2,8,SMC Factory 2,,roll,
TIUB01C-100-X108Z2,8,SMC Factory 2,,roll,
TIUB07B-100-X108Z2,8,SMC Factory 2,,roll,
TIUB07B-153-X108Z2,8,SMC Factory 2,,roll,
TIUB07BU-153-X108Z2,8,SMC Factory 2,,roll,
TIUB07R-153-X108Z2,8,SMC Factory 2,,roll,
TU0425B-305-X108Z2,8,SMC Factory 2,,roll,
TU0425BU-305-X108Z2,8,SMC Factory 2,,roll,
TU0425BU2-153-X108Z2,8,SMC Factory 2,,roll,
TU0425C-305-X108Z2,8,SMC Factory 2,,roll,
TU0425W-305-X108Z2,8,SMC Factory 2,,roll,
TU0425Y-100-X108Z2,8,SMC Factory 2,,roll,
TU0425Y1-305-X108Z2,8,SMC Factory 2,,roll,
TU0425YR-305-X108Z2,8,SMC Factory 2,,roll,
TU0805R-153-X108Z2,8,SMC Factory 2,,roll,
TIUB05BU-100-X108Z2,8,SMC Factory 2,,roll,
TIUB07C-100-X108Z2,8,SMC Factory 2,,roll,
TU0604Y1-153-X108Z2,8,SMC Factory 2,,roll,
TU0805BU-100-X108Z2,8,SMC Factory 2,,roll,
TIUB05C-100-X108Z2,8,SMC Factory 2,,roll,
TIUB05Y-100-X108Z2,8,SMC Factory 2,,roll,
TIUB01BU-20Z2,450,SMC Factory 2,,roll,
TIUB01C-20Z2,450,SMC Factory 2,,roll,
TIUB01G-20Z2,450,SMC Factory 2,,roll,
TIUB07BU-20Z2,112,SMC Factory 2,,roll,
TIUB07BU-305Z2,8,SMC Factory 2,,roll,
TIUB11BU-20Z2,58,SMC Factory 2,,roll,
TU0425B-153-X108Z2,8,SMC Factory 2,,roll,
TU0425BU-100-X108Z2,8,SMC Factory 2,,roll,
TU0425BU-100Z2,50,SMC Factory 2,,roll,
TU0425BU-20Z2,225,SMC Factory 2,,roll,
TU0425C-100-X108Z2,8,SMC Factory 2,,roll,
TU0604B-20Z2,96,SMC Factory 2,,roll,
TU0604BU-100-X108Z2,8,SMC Factory 2,,roll,
TU0604BU-100Z2,38,SMC Factory 2,,roll,
TU0604BU-20Z2,96,SMC Factory 2,,roll,
TU0604C-20Z2,96,SMC Factory 2,,roll,
TU0604GR1-100-X108Z2,8,SMC Factory 2,,roll,
TU0604W-100-X108Z2,8,SMC Factory 2,,roll,
TU0805B-100-X108Z2,8,SMC Factory 2,,roll,
TU0805BU-100Z2,18,SMC Factory 2,,roll,
TU0805BU-20Z2,70,SMC Factory 2,,roll,
TU0805BU-153-X108Z2,8,SMC Factory 2,,roll,
TU0805C-153-X108Z2,8,SMC Factory 2,,roll,
TU0805R-100-X108Z2,8,SMC Factory 2,,roll,
TU1065B-20Z2,44,SMC Factory 2,,roll,
TU1065BU-500Z2,1,SMC Factory 2,,roll,
TU1065BU-100-X108Z2,2,SMC Factory 2,,roll,
TU1208B-20Z2,36,SMC Factory 2,,roll,
TU1610BU-100Z2,2,SMC Factory 2,,roll,
TU1610BU-20Z2,20,SMC Factory 2,,roll,
TU0805B-305-X108Z2,2,SMC Factory 2,,roll,
TU1208C-100Z2,8,SMC Factory 2,,roll,
TIUB11BU-153Z2,3,SMC Factory 2,,roll,
TU0425B-100Z2,50,SMC Factory 2,,roll,
TU0805Y-100Z2,18,SMC Factory 2,,roll,
TU0805B-100Z2,18,SMC Factory 2,,roll,
TU1208W-100Z2,8,SMC Factory 2,,roll,
TU1610W-20Z2,20,SMC Factory 2,,roll,
TU0805BU3-100Z2,18,SMC Factory 2,,roll,
TIUB01B-100Z2,68,SMC Factory 2,,roll,
TU1065B-100Z2,12,SMC Factory 2,,roll,
TU0604B-100Z2,38,SMC Factory 2,,roll,
TU0604B-500Z2,8,SMC Factory 2,,roll,
TU0805Y-20Z2,70,SMC Factory 2,,roll,
TU1208B-100Z2,8,SMC Factory 2,,roll,
TU1065B-305Z2,2,SMC Factory 2,,roll,
TIUB01B-20Z2,450,SMC Factory 2,,roll,
TIUB01BU-100Z2,68,SMC Factory 2,,roll,
TIUB01BU-33Z2,315,SMC Factory 2,,roll,
TIUB01C-305Z2,12,SMC Factory 2,,roll,
TIUB01P1-33Z2,315,SMC Factory 2,,roll,
TIUB01R-100Z2,68,SMC Factory 2,,roll,
TIUB07BU1-33Z2,72,SMC Factory 2,,roll,
TIUB07C-153Z2,20,SMC Factory 2,,roll,
TIUB07C-20Z2,112,SMC Factory 2,,roll,
TIUB07C-305-X108Z2,4,SMC Factory 2,,roll,
TIUB07C-500Z2,3,SMC Factory 2,,roll,
TIUB07YR2-305Z2,8,SMC Factory 2,,roll,
TIUB11B-100Z2,12,SMC Factory 2,,roll,
TIUB11B-20Z2,58,SMC Factory 2,,roll,
TIUB11B-33Z2,44,SMC Factory 2,,roll,
TIUB11BU-33Z2,44,SMC Factory 2,,roll,
TIUB11BU2-153Z2,3,SMC Factory 2,,roll,
TIUB11BU2-33Z2,44,SMC Factory 2,,roll,
TIUB11G4-33Z2,44,SMC Factory 2,,roll,
TIUB11R-153Z2,3,SMC Factory 2,,roll,
TIUB13BU-100Z2,8,SMC Factory 2,,roll,
TIUB13BU-20Z2,34,SMC Factory 2,,roll,
TIUB13C-20Z2,34,SMC Factory 2,,roll,
TIUB13C-33Z2,22,SMC Factory 2,,roll,
TIUB13G-153Z2,2,SMC Factory 2,,roll,
TIUB13G4-20Z2,34,SMC Factory 2,,roll,
TIUB13GR1-153-X108Z2,2,SMC Factory 2,,roll,
TIUB13GR1-153Z2,2,SMC Factory 2,,roll,
TIUB13GR1-20Z2,34,SMC Factory 2,,roll,
TIUB13W-20Z2,34,SMC Factory 2,,roll,
TU0425B-20Z2,225,SMC Factory 2,,roll,
TU0425BU-500Z2,12,SMC Factory 2,,roll,
TU0425BU-153-X108Z2,8,SMC Factory 2,,roll,
TU0425BU-33-X108Z2,8,SMC Factory 2,,roll,
TU0425BU1-153-X108Z2,8,SMC Factory 2,,roll,
TU0425BU1-20Z2,225,SMC Factory 2,,roll,
TU0425C-100Z2,50,SMC Factory 2,,roll,
TU0425C-20Z2,225,SMC Factory 2,,roll,
TU0425C-153-X108Z2,8,SMC Factory 2,,roll,
TU0425C-33-X108Z2,8,SMC Factory 2,,roll,
TU0425G-100Z2,50,SMC Factory 2,,roll,
TU0425G-20Z2,225,SMC Factory 2,,roll,
TU0425G1-100Z2,50,SMC Factory 2,,roll,
TU0425G2-100Z2,50,SMC Factory 2,,roll,
TU0425G3-305-X108Z2,8,SMC Factory 2,,roll,
TU0425R-100Z2,50,SMC Factory 2,,roll,
TU0425R-20Z2,225,SMC Factory 2,,roll,
TU0425R-100-X108Z2,8,SMC Factory 2,,roll,
TU0425R1-153-X108Z2,8,SMC Factory 2,,roll,
TU0425R1-500Z2,12,SMC Factory 2,,roll,
TU0425W-100Z2,50,SMC Factory 2,,roll,
TU0425W-20Z2,225,SMC Factory 2,,roll,
TU0425W-500-X108Z2,8,SMC Factory 2,,roll,
TU0425Y-100Z2,50,SMC Factory 2,,roll,
TU0425Y-20Z2,225,SMC Factory 2,,roll,
TU0425YR-20Z2,225,SMC Factory 2,,roll,
TU0604B-153-X108Z2,8,SMC Factory 2,,roll,
TU0604B-20-X214Z2,96,SMC Factory 2,,roll,
TU0604BU-33-X108Z2,8,SMC Factory 2,,roll,
TU0604BU-500-X108Z2,2,SMC Factory 2,,roll,
TU0604BU-500Z2,8,SMC Factory 2,,roll,
TU0604BU-20-X214Z2,96,SMC Factory 2,,roll,
TU0604BU1-100Z2,38,SMC Factory 2,,roll,
TU0604BU1-20Z2,96,SMC Factory 2,,roll,
TU0604BU2-20Z2,96,SMC Factory 2,,roll,
TU0604BU3-100Z2,38,SMC Factory 2,,roll,
TU0604BU3-20Z2,96,SMC Factory 2,,roll,
TU0604C-100Z2,38,SMC Factory 2,,roll,
TU0604C-100-X108Z2,8,SMC Factory 2,,roll,
TU0604C-33-X108Z2,8,SMC Factory 2,,roll,
TU0604G-100Z2,38,SMC Factory 2,,roll,
TU0604G-20Z2,96,SMC Factory 2,,roll,
TU0604G-305Z2,8,SMC Factory 2,,roll,
TU0604G1-20Z2,96,SMC Factory 2,,roll,
TU0604GR1-100Z2,38,SMC Factory 2,,roll,
TU0604GR1-20Z2,96,SMC Factory 2,,roll,
TU0604GR2-100Z2,38,SMC Factory 2,,roll,
TU0604GR2-153Z2,28,SMC Factory 2,,roll,
TU0604GR2-20Z2,96,SMC Factory 2,,roll,
TU0604P1-20Z2,96,SMC Factory 2,,roll,
TU0604PU1-100Z2,38,SMC Factory 2,,roll,
TU0604R-100Z2,38,SMC Factory 2,,roll,
TU0604R-20Z2,96,SMC Factory 2,,roll,
TU0604R-500-X108Z2,2,SMC Factory 2,,roll,
TU0604R1-20Z2,96,SMC Factory 2,,roll,
TU0604W-100Z2,38,SMC Factory 2,,roll,
TU0604W-20Z2,96,SMC Factory 2,,roll,
TU0604Y-100Z2,38,SMC Factory 2,,roll,
TU0604Y-20Z2,96,SMC Factory 2,,roll,
TU0604YR-100Z2,38,SMC Factory 2,,roll,
TU0604YR-20Z2,96,SMC Factory 2,,roll,
TU0604YR-33Z2,68,SMC Factory 2,,roll,
TU0805B-20Z2,70,SMC Factory 2,,roll,
TU0805BU-153Z2,12,SMC Factory 2,,roll,
TU0805BU1-100Z2,18,SMC Factory 2,,roll,
TU0805BU1-20Z2,70,SMC Factory 2,,roll,
TU0805BU1-305-X108Z2,2,SMC Factory 2,,roll,
TU0805BU3-20Z2,70,SMC Factory 2,,roll,
TU0805BU3-305-X108Z2,2,SMC Factory 2,,roll,
TU0805C-100Z2,18,SMC Factory 2,,roll,
TU0805C-20Z2,70,SMC Factory 2,,roll,
TU0805G-100Z2,18,SMC Factory 2,,roll,
TU0805G-20Z2,70,SMC Factory 2,,roll,
TU0805G1-100Z2,18,SMC Factory 2,,roll,
TU0805G1-20Z2,70,SMC Factory 2,,roll,
TU0805G4-33Z2,58,SMC Factory 2,,roll,
TU0805R-100Z2,18,SMC Factory 2,,roll,
TU0805R-20Z2,70,SMC Factory 2,,roll,
TU0805R-33Z2,58,SMC Factory 2,,roll,
TU0805S1-100Z2,18,SMC Factory 2,,roll,
TU0805S1-20Z2,70,SMC Factory 2,,roll,
TU0805W-100Z2,18,SMC Factory 2,,roll,
TU0805W-20Z2,70,SMC Factory 2,,roll,
TU0805W-500-X108Z2,2,SMC Factory 2,,roll,
TU1065B-20-X214Z2,44,SMC Factory 2,,roll,
TU1065BU-100Z2,12,SMC Factory 2,,roll,
TU1065BU-20Z2,44,SMC Factory 2,,roll,
TU1065BU1-100Z2,12,SMC Factory 2,,roll,
TU1065BU1-20Z2,44,SMC Factory 2,,roll,
TU1065BU2-100Z2,12,SMC Factory 2,,roll,
TU1065BU2-20Z2,44,SMC Factory 2,,roll,
TU1065BU3-100Z2,12,SMC Factory 2,,roll,
TU1065BU3-20Z2,44,SMC Factory 2,,roll,
TU1065BU3-305-X108Z2,2,SMC Factory 2,,roll,
TU1065C-100Z2,12,SMC Factory 2,,roll,
TU1065C-20Z2,44,SMC Factory 2,,roll,
TU1065C-33Z2,30,SMC Factory 2,,roll,
TU1065G-100Z2,12,SMC Factory 2,,roll,
TU1065G-20Z2,44,SMC Factory 2,,roll,
TU1065G-100-X214Z2,12,SMC Factory 2,,roll,
TU1065R-100Z2,12,SMC Factory 2,,roll,
TU1065R-20Z2,44,SMC Factory 2,,roll,
TU1065W-100Z2,12,SMC Factory 2,,roll,
TU1065W-20Z2,44,SMC Factory 2,,roll,
TU1065Y-100Z2,12,SMC Factory 2,,roll,
TU1065Y-20Z2,44,SMC Factory 2,,roll,
TU1208B-153Z2,2,SMC Factory 2,,roll,
TU1208B-100-X108Z2,2,SMC Factory 2,,roll,
TU1208B-33-X108Z2,8,SMC Factory 2,,roll,
TU1208BU-100Z2,8,SMC Factory 2,,roll,
TU1208BU-20Z2,36,SMC Factory 2,,roll,
TU1208BU-33Z2,22,SMC Factory 2,,roll,
TU1208BU-100-X108Z2,2,SMC Factory 2,,roll,
TU1208BU-33-X108Z2,8,SMC Factory 2,,roll,
TU1208BU1-100Z2,8,SMC Factory 2,,roll,
TU1208BU1-20Z2,36,SMC Factory 2,,roll,
TU1208BU2-100Z2,8,SMC Factory 2,,roll,
TU1208BU2-33Z2,22,SMC Factory 2,,roll,
TU1208C-20Z2,36,SMC Factory 2,,roll,
TU1208C-33-X108Z2,8,SMC Factory 2,,roll,
TU1208GR1-20Z2,36,SMC Factory 2,,roll,
TU1208R-100Z2,8,SMC Factory 2,,roll,
TU1208R-20Z2,36,SMC Factory 2,,roll,
TU1208R-100-X108Z2,2,SMC Factory 2,,roll,
TU1208R1-100Z2,8,SMC Factory 2,,roll,
TU1208S1-20Z2,36,SMC Factory 2,,roll,
TU1208W-20Z2,36,SMC Factory 2,,roll,
TU1208Y-100Z2,8,SMC Factory 2,,roll,
TU1208Y-20Z2,36,SMC Factory 2,,roll,
TU1208Y1-100Z2,8,SMC Factory 2,,roll,
TU1208Y1-20Z2,36,SMC Factory 2,,roll,
TU1208YR-100Z2,8,SMC Factory 2,,roll,
TU1208YR-20Z2,36,SMC Factory 2,,roll,
TU1610B-100Z2,2,SMC Factory 2,,roll,
TU1610B-20Z2,20,SMC Factory 2,,roll,
TU1610BU-100-X108Z2,1,SMC Factory 2,,roll,
TU1610C-100Z2,2,SMC Factory 2,,roll,
TU1610C-20Z2,20,SMC Factory 2,,roll,
TU1610C-100-X108Z2,1,SMC Factory 2,,roll,
TU1610C-100-X214Z2,2,SMC Factory 2,,roll,
TU1610R-100Z2,2,SMC Factory 2,,roll,
TU1610R-20Z2,20,SMC Factory 2,,roll,
TU1208YR-20-X214Z2,36,SMC Factory 2,,roll,
TU1610BU1-100Z2,2,SMC Factory 2,,roll,
TU1610YR-100Z2,2,SMC Factory 2,,roll,
TU1610Y1-100Z2,2,SMC Factory 2,,roll,
TIUB13B-20Z2,34,SMC Factory 2,,roll,
TU0425C-305Z2,12,SMC Factory 2,,roll,
TIUB07Y-33Z2,72,SMC Factory 2,,roll,
TIUB13C-100Z2,8,SMC Factory 2,,roll,
TU0604S1-20Z2,96,SMC Factory 2,,roll,
TIUB07B-20Z2,112,SMC Factory 2,,roll,
TIUB07C-33Z2,72,SMC Factory 2,,roll,
TU0604Y2-20Z2,96,SMC Factory 2,,roll,
TIUB11BU-100Z2,12,SMC Factory 2,,roll,
TU0425B-100,50,SMC Factory 2,,roll,
TU0425B-100Z1,50,SMC Factory 2,,roll,
TU0425B-100Z12,50,SMC Factory 2,,roll,
TU0425B-100Z34,50,SMC Factory 2,,roll,
TU0425B-153,30,SMC Factory 2,,roll,
TU0425B-153Z1,30,SMC Factory 2,,roll,
TU0425B-153Z2,30,SMC Factory 2,,roll,
TU0425B-153Z34,30,SMC Factory 2,,roll,
TU0425B-20,225,SMC Factory 2,,roll,
TU0425B-20Z1,225,SMC Factory 2,,roll,
TU0425B-20Z12,225,SMC Factory 2,,roll,
TU0425B-20Z34,225,SMC Factory 2,,roll,
TU0425B-33,112,SMC Factory 2,,roll,
TU0425B-33Z1,112,SMC Factory 2,,roll,
TU0425B-33Z2,112,SMC Factory 2,,roll,
TU0425B-33Z34,112,SMC Factory 2,,roll,
TU0425BU-100,50,SMC Factory 2,,roll,
TU0425BU-100Z1,50,SMC Factory 2,,roll,
TU0425BU-100Z34,50,SMC Factory 2,,roll,
TU0425BU-153,30,SMC Factory 2,,roll,
TU0425BU-153Z1,30,SMC Factory 2,,roll,
TU0425BU-153Z2,30,SMC Factory 2,,roll,
TU0425BU-153Z34,30,SMC Factory 2,,roll,
TU0425BU-20,225,SMC Factory 2,,roll,
TU0425BU-20Z1,225,SMC Factory 2,,roll,
TU0425BU-20Z34,225,SMC Factory 2,,roll,
TU0425BU-33,112,SMC Factory 2,,roll,
TU0425BU-33Z1,112,SMC Factory 2,,roll,
TU0425BU-33Z2,112,SMC Factory 2,,roll,
TU0425BU-33Z34,112,SMC Factory 2,,roll,
TU0425C-100,50,SMC Factory 2,,roll,
TU0425C-153,30,SMC Factory 2,,roll,
TU0425C-153Z2,30,SMC Factory 2,,roll,
TU0425C-20,225,SMC Factory 2,,roll,
TU0425C-33,112,SMC Factory 2,,roll,
TU0425C-33Z2,112,SMC Factory 2,,roll,
TU0425G-100,50,SMC Factory 2,,roll,
TU0425G-100Z1,50,SMC Factory 2,,roll,
TU0425G-100Z34,50,SMC Factory 2,,roll,
TU0425G-153,30,SMC Factory 2,,roll,
TU0425G-153Z1,30,SMC Factory 2,,roll,
TU0425G-153Z2,30,SMC Factory 2,,roll,
TU0425G-153Z34,30,SMC Factory 2,,roll,
TU0425G-20,225,SMC Factory 2,,roll,
TU0425G-20Z1,225,SMC Factory 2,,roll,
TU0425G-20Z34,225,SMC Factory 2,,roll,
TU0425G-33,112,SMC Factory 2,,roll,
TU0425G-33Z1,112,SMC Factory 2,,roll,
TU0425G-33Z2,112,SMC Factory 2,,roll,
TU0425G-33Z34,112,SMC Factory 2,,roll,
TU0425R-100,50,SMC Factory 2,,roll,
TU0425R-100Z1,50,SMC Factory 2,,roll,
TU0425R-100Z34,50,SMC Factory 2,,roll,
TU0425R-153,30,SMC Factory 2,,roll,
TU0425R-153Z1,30,SMC Factory 2,,roll,
TU0425R-153Z2,30,SMC Factory 2,,roll,
TU0425R-153Z34,30,SMC Factory 2,,roll,
TU0425R-20,225,SMC Factory 2,,roll,
TU0425R-20Z1,225,SMC Factory 2,,roll,
TU0425R-20Z34,225,SMC Factory 2,,roll,
TU0425R-33,112,SMC Factory 2,,roll,
TU0425R-33Z1,112,SMC Factory 2,,roll,
TU0425R-33Z2,112,SMC Factory 2,,roll,
TU0425R-33Z34,112,SMC Factory 2,,roll,
TU0425W-100,50,SMC Factory 2,,roll,
TU0425W-100Z1,50,SMC Factory 2,,roll,
TU0425W-100Z34,50,SMC Factory 2,,roll,
TU0425W-153,30,SMC Factory 2,,roll,
TU0425W-153Z1,30,SMC Factory 2,,roll,
TU0425W-153Z2,30,SMC Factory 2,,roll,
TU0425W-153Z34,30,SMC Factory 2,,roll,
TU0425W-20,225,SMC Factory 2,,roll,
TU0425W-20Z1,225,SMC Factory 2,,roll,
TU0425W-20Z34,225,SMC Factory 2,,roll,
TU0425W-33,112,SMC Factory 2,,roll,
TU0425W-33Z1,112,SMC Factory 2,,roll,
TU0425W-33Z2,112,SMC Factory 2,,roll,
TU0425W-33Z34,112,SMC Factory 2,,roll,
TU0425Y-100,50,SMC Factory 2,,roll,
TU0425Y-100Z1,50,SMC Factory 2,,roll,
TU0425Y-100Z34,50,SMC Factory 2,,roll,
TU0425Y-153,30,SMC Factory 2,,roll,
TU0425Y-153Z1,30,SMC Factory 2,,roll,
TU0425Y-153Z2,30,SMC Factory 2,,roll,
TU0425Y-153Z34,30,SMC Factory 2,,roll,
TU0425Y-20,225,SMC Factory 2,,roll,
TU0425Y-20Z1,225,SMC Factory 2,,roll,
TU0425Y-20Z34,225,SMC Factory 2,,roll,
TU0425Y-33,112,SMC Factory 2,,roll,
TU0425Y-33Z1,112,SMC Factory 2,,roll,
TU0425Y-33Z2,112,SMC Factory 2,,roll,
TU0425Y-33Z34,112,SMC Factory 2,,roll,
TU0425YR-100,50,SMC Factory 2,,roll,
TU0425YR-100Z1,50,SMC Factory 2,,roll,
TU0425YR-100Z2,50,SMC Factory 2,,roll,
TU0425YR-100Z34,50,SMC Factory 2,,roll,
TU0425YR-153,30,SMC Factory 2,,roll,
TU0425YR-153Z1,30,SMC Factory 2,,roll,
TU0425YR-153Z2,30,SMC Factory 2,,roll,
TU0425YR-153Z34,30,SMC Factory 2,,roll,
TU0425YR-20,225,SMC Factory 2,,roll,
TU0425YR-20Z1,225,SMC Factory 2,,roll,
TU0425YR-20Z34,225,SMC Factory 2,,roll,
TU0425YR-33,112,SMC Factory 2,,roll,
TU0425YR-33Z1,112,SMC Factory 2,,roll,
TU0425YR-33Z2,112,SMC Factory 2,,roll,
TU0425YR-33Z34,112,SMC Factory 2,,roll,
TU0604B-100,38,SMC Factory 2,,roll,
TU0604B-100Z1,38,SMC Factory 2,,roll,
TU0604B-100Z12,38,SMC Factory 2,,roll,
TU0604B-100Z34,38,SMC Factory 2,,roll,
TU0604B-153,28,SMC Factory 2,,roll,
TU0604B-153Z1,28,SMC Factory 2,,roll,
TU0604B-153Z2,28,SMC Factory 2,,roll,
TU0604B-153Z34,28,SMC Factory 2,,roll,
TU0604B-20,96,SMC Factory 2,,roll,
TU0604B-20Z1,96,SMC Factory 2,,roll,
TU0604B-20Z12,96,SMC Factory 2,,roll,
TU0604B-20Z34,96,SMC Factory 2,,roll,
TU0604B-33,68,SMC Factory 2,,roll,
TU0604B-33Z1,68,SMC Factory 2,,roll,
TU0604B-33Z2,68,SMC Factory 2,,roll,
TU0604B-33Z34,68,SMC Factory 2,,roll,
TU0604BU-100,38,SMC Factory 2,,roll,
TU0604BU-100Z1,38,SMC Factory 2,,roll,
TU0604BU-100Z34,38,SMC Factory 2,,roll,
TU0604BU-153,28,SMC Factory 2,,roll,
TU0604BU-153Z1,28,SMC Factory 2,,roll,
TU0604BU-153Z2,28,SMC Factory 2,,roll,
TU0604BU-153Z34,28,SMC Factory 2,,roll,
TU0604BU-20,96,SMC Factory 2,,roll,
TU0604BU-20Z1,96,SMC Factory 2,,roll,
TU0604BU-20Z34,96,SMC Factory 2,,roll,
TU0604BU-33,68,SMC Factory 2,,roll,
TU0604BU-33Z1,68,SMC Factory 2,,roll,
TU0604BU-33Z2,68,SMC Factory 2,,roll,
TU0604BU-33Z34,68,SMC Factory 2,,roll,
TU0604C-100,38,SMC Factory 2,,roll,
TU0604C-153,28,SMC Factory 2,,roll,
TU0604C-153Z2,28,SMC Factory 2,,roll,
TU0604C-20,96,SMC Factory 2,,roll,
TU0604C-33,68,SMC Factory 2,,roll,
TU0604C-33Z2,68,SMC Factory 2,,roll,
TU0604G-100,38,SMC Factory 2,,roll,
TU0604G-100Z1,38,SMC Factory 2,,roll,
TU0604G-100Z34,38,SMC Factory 2,,roll,
TU0604G-153,28,SMC Factory 2,,roll,
TU0604G-153Z1,28,SMC Factory 2,,roll,
TU0604G-153Z2,28,SMC Factory 2,,roll,
TU0604G-153Z34,28,SMC Factory 2,,roll,
TU0604G-20,96,SMC Factory 2,,roll,
TU0604G-20Z1,96,SMC Factory 2,,roll,
TU0604G-20Z34,96,SMC Factory 2,,roll,
TU0604G-33,68,SMC Factory 2,,roll,
TU0604G-33Z1,68,SMC Factory 2,,roll,
TU0604G-33Z2,68,SMC Factory 2,,roll,
TU0604G-33Z34,68,SMC Factory 2,,roll,
TU0604R-100,38,SMC Factory 2,,roll,
TU0604R-100Z1,38,SMC Factory 2,,roll,
TU0604R-100Z34,38,SMC Factory 2,,roll,
TU0604R-153,28,SMC Factory 2,,roll,
TU0604R-153Z1,28,SMC Factory 2,,roll,
TU0604R-153Z2,28,SMC Factory 2,,roll,
TU0604R-153Z34,28,SMC Factory 2,,roll,
TU0604R-20,96,SMC Factory 2,,roll,
TU0604R-20Z1,96,SMC Factory 2,,roll,
TU0604R-20Z34,96,SMC Factory 2,,roll,
TU0604R-33,68,SMC Factory 2,,roll,
TU0604R-33Z1,68,SMC Factory 2,,roll,
TU0604R-33Z2,68,SMC Factory 2,,roll,
TU0604R-33Z34,68,SMC Factory 2,,roll,
TU0604W-100,38,SMC Factory 2,,roll,
TU0604W-100Z1,38,SMC Factory 2,,roll,
TU0604W-100Z34,38,SMC Factory 2,,roll,
TU0604W-153,28,SMC Factory 2,,roll,
TU0604W-153Z1,28,SMC Factory 2,,roll,
TU0604W-153Z2,28,SMC Factory 2,,roll,
TU0604W-153Z34,28,SMC Factory 2,,roll,
TU0604W-20,96,SMC Factory 2,,roll,
TU0604W-20Z1,96,SMC Factory 2,,roll,
TU0604W-20Z34,96,SMC Factory 2,,roll,
TU0604W-33,68,SMC Factory 2,,roll,
TU0604W-33Z1,68,SMC Factory 2,,roll,
TU0604W-33Z2,68,SMC Factory 2,,roll,
TU0604W-33Z34,68,SMC Factory 2,,roll,
TU0604Y-100,38,SMC Factory 2,,roll,
TU0604Y-100Z1,38,SMC Factory 2,,roll,
TU0604Y-100Z34,38,SMC Factory 2,,roll,
TU0604Y-153,28,SMC Factory 2,,roll,
TU0604Y-153Z1,28,SMC Factory 2,,roll,
TU0604Y-153Z2,28,SMC Factory 2,,roll,
TU0604Y-153Z34,28,SMC Factory 2,,roll,
TU0604Y-20,96,SMC Factory 2,,roll,
TU0604Y-20Z1,96,SMC Factory 2,,roll,
TU0604Y-20Z34,96,SMC Factory 2,,roll,
TU0604Y-33,68,SMC Factory 2,,roll,
TU0604Y-33Z1,68,SMC Factory 2,,roll,
TU0604Y-33Z2,68,SMC Factory 2,,roll,
TU0604Y-33Z34,68,SMC Factory 2,,roll,
TU0604YR-100,38,SMC Factory 2,,roll,
TU0604YR-100Z1,38,SMC Factory 2,,roll,
TU0604YR-100Z34,38,SMC Factory 2,,roll,
TU0604YR-153,28,SMC Factory 2,,roll,
TU0604YR-153Z1,28,SMC Factory 2,,roll,
TU0604YR-153Z2,28,SMC Factory 2,,roll,
TU0604YR-153Z34,28,SMC Factory 2,,roll,
TU0604YR-20,96,SMC Factory 2,,roll,
TU0604YR-20Z1,96,SMC Factory 2,,roll,
TU0604YR-20Z34,96,SMC Factory 2,,roll,
TU0604YR-33,68,SMC Factory 2,,roll,
TU0604YR-33Z1,68,SMC Factory 2,,roll,
TU0604YR-33Z34,68,SMC Factory 2,,roll,
TU0805B-100,18,SMC Factory 2,,roll,
TU0805B-100Z1,18,SMC Factory 2,,roll,
TU0805B-100Z12,18,SMC Factory 2,,roll,
TU0805B-100Z34,18,SMC Factory 2,,roll,
TU0805B-153,12,SMC Factory 2,,roll,
TU0805B-153Z1,12,SMC Factory 2,,roll,
TU0805B-153Z2,12,SMC Factory 2,,roll,
TU0805B-153Z34,12,SMC Factory 2,,roll,
TU0805B-20,70,SMC Factory 2,,roll,
TU0805B-20Z1,70,SMC Factory 2,,roll,
TU0805B-20Z12,70,SMC Factory 2,,roll,
TU0805B-20Z34,70,SMC Factory 2,,roll,
TU0805B-33,58,SMC Factory 2,,roll,
TU0805B-33Z1,58,SMC Factory 2,,roll,
TU0805B-33Z2,58,SMC Factory 2,,roll,
TU0805B-33Z34,58,SMC Factory 2,,roll,
TU0805BU-100,18,SMC Factory 2,,roll,
TU0805BU-100Z1,18,SMC Factory 2,,roll,
TU0805BU-100Z34,18,SMC Factory 2,,roll,
TU0805BU-153,12,SMC Factory 2,,roll,
TU0805BU-153Z1,12,SMC Factory 2,,roll,
TU0805BU-153Z34,12,SMC Factory 2,,roll,
TU0805BU-20,70,SMC Factory 2,,roll,
TU0805BU-20Z1,70,SMC Factory 2,,roll,
TU0805BU-20Z34,70,SMC Factory 2,,roll,
TU0805BU-33,58,SMC Factory 2,,roll,
TU0805BU-33Z1,58,SMC Factory 2,,roll,
TU0805BU-33Z2,58,SMC Factory 2,,roll,
TU0805BU-33Z34,58,SMC Factory 2,,roll,
TU0805C-100,18,SMC Factory 2,,roll,
TU0805C-153,12,SMC Factory 2,,roll,
TU0805C-153Z2,12,SMC Factory 2,,roll,
TU0805C-20,70,SMC Factory 2,,roll,
TU0805C-33,58,SMC Factory 2,,roll,
TU0805C-33Z2,58,SMC Factory 2,,roll,
TU0805G-100,18,SMC Factory 2,,roll,
TU0805G-100Z1,18,SMC Factory 2,,roll,
TU0805G-100Z34,18,SMC Factory 2,,roll,
TU0805G-153,12,SMC Factory 2,,roll,
TU0805G-153Z1,12,SMC Factory 2,,roll,
TU0805G-153Z2,12,SMC Factory 2,,roll,
TU0805G-153Z34,12,SMC Factory 2,,roll,
TU0805G-20,70,SMC Factory 2,,roll,
TU0805G-20Z1,70,SMC Factory 2,,roll,
TU0805G-20Z34,70,SMC Factory 2,,roll,
TU0805G-33,58,SMC Factory 2,,roll,
TU0805G-33Z1,58,SMC Factory 2,,roll,
TU0805G-33Z2,58,SMC Factory 2,,roll,
TU0805G-33Z34,58,SMC Factory 2,,roll,
TU0805R-100,18,SMC Factory 2,,roll,
TU0805R-100Z1,18,SMC Factory 2,,roll,
TU0805R-100Z34,18,SMC Factory 2,,roll,
TU0805R-153,12,SMC Factory 2,,roll,
TU0805R-153Z1,12,SMC Factory 2,,roll,
TU0805R-153Z2,12,SMC Factory 2,,roll,
TU0805R-153Z34,12,SMC Factory 2,,roll,
TU0805R-20,70,SMC Factory 2,,roll,
TU0805R-20Z1,70,SMC Factory 2,,roll,
TU0805R-20Z34,70,SMC Factory 2,,roll,
TU0805R-33,58,SMC Factory 2,,roll,
TU0805R-33Z1,58,SMC Factory 2,,roll,
TU0805R-33Z34,58,SMC Factory 2,,roll,
TU0805W-100,18,SMC Factory 2,,roll,
TU0805W-100Z1,18,SMC Factory 2,,roll,
TU0805W-100Z34,18,SMC Factory 2,,roll,
TU0805W-153,12,SMC Factory 2,,roll,
TU0805W-153Z1,12,SMC Factory 2,,roll,
TU0805W-153Z2,12,SMC Factory 2,,roll,
TU0805W-153Z34,12,SMC Factory 2,,roll,
TU0805W-20,70,SMC Factory 2,,roll,
TU0805W-20Z1,70,SMC Factory 2,,roll,
TU0805W-20Z34,70,SMC Factory 2,,roll,
TU0805W-33,58,SMC Factory 2,,roll,
TU0805W-33Z1,58,SMC Factory 2,,roll,
TU0805W-33Z2,58,SMC Factory 2,,roll,
TU0805W-33Z34,58,SMC Factory 2,,roll,
TU0805Y-100,18,SMC Factory 2,,roll,
TU0805Y-100Z1,18,SMC Factory 2,,roll,
TU0805Y-100Z34,18,SMC Factory 2,,roll,
TU0805Y-153,12,SMC Factory 2,,roll,
TU0805Y-153Z1,12,SMC Factory 2,,roll,
TU0805Y-153Z2,12,SMC Factory 2,,roll,
TU0805Y-153Z34,12,SMC Factory 2,,roll,
TU0805Y-20,70,SMC Factory 2,,roll,
TU0805Y-20Z1,70,SMC Factory 2,,roll,
TU0805Y-20Z34,70,SMC Factory 2,,roll,
TU0805Y-33,58,SMC Factory 2,,roll,
TU0805Y-33Z1,58,SMC Factory 2,,roll,
TU0805Y-33Z2,58,SMC Factory 2,,roll,
TU0805Y-33Z34,58,SMC Factory 2,,roll,
TU0805YR-100,18,SMC Factory 2,,roll,
TU0805YR-100Z1,18,SMC Factory 2,,roll,
TU0805YR-100Z2,18,SMC Factory 2,,roll,
TU0805YR-100Z34,18,SMC Factory 2,,roll,
TU0805YR-153,12,SMC Factory 2,,roll,
TU0805YR-153Z1,12,SMC Factory 2,,roll,
TU0805YR-153Z2,12,SMC Factory 2,,roll,
TU0805YR-153Z34,12,SMC Factory 2,,roll,
TU0805YR-20,70,SMC Factory 2,,roll,
TU0805YR-20Z1,70,SMC Factory 2,,roll,
TU0805YR-20Z2,70,SMC Factory 2,,roll,
TU0805YR-20Z34,70,SMC Factory 2,,roll,
TU0805YR-33,58,SMC Factory 2,,roll,
TU0805YR-33Z1,58,SMC Factory 2,,roll,
TU0805YR-33Z2,58,SMC Factory 2,,roll,
TU0805YR-33Z34,58,SMC Factory 2,,roll,
TU1065B-100,12,SMC Factory 2,,roll,
TU1065B-100Z1,12,SMC Factory 2,,roll,
TU1065B-100Z12,12,SMC Factory 2,,roll,
TU1065B-100Z34,12,SMC Factory 2,,roll,
TU1065B-153,3,SMC Factory 2,,roll,
TU1065B-153Z1,3,SMC Factory 2,,roll,
TU1065B-153Z2,3,SMC Factory 2,,roll,
TU1065B-153Z34,3,SMC Factory 2,,roll,
TU1065B-20,44,SMC Factory 2,,roll,
TU1065B-20Z1,44,SMC Factory 2,,roll,
TU1065B-20Z12,44,SMC Factory 2,,roll,
TU1065B-20Z34,44,SMC Factory 2,,roll,
TU1065B-33,30,SMC Factory 2,,roll,
TU1065B-33Z1,30,SMC Factory 2,,roll,
TU1065B-33Z2,30,SMC Factory 2,,roll,
TU1065B-33Z34,30,SMC Factory 2,,roll,
TU1065BU-100,12,SMC Factory 2,,roll,
TU1065BU-100Z1,12,SMC Factory 2,,roll,
TU1065BU-100Z34,12,SMC Factory 2,,roll,
TU1065BU-153,3,SMC Factory 2,,roll,
TU1065BU-153Z1,3,SMC Factory 2,,roll,
TU1065BU-153Z2,3,SMC Factory 2,,roll,
TU1065BU-153Z34,3,SMC Factory 2,,roll,
TU1065BU-20,44,SMC Factory 2,,roll,
TU1065BU-20Z1,44,SMC Factory 2,,roll,
TU1065BU-20Z34,44,SMC Factory 2,,roll,
TU1065BU-33,30,SMC Factory 2,,roll,
TU1065BU-33Z1,30,SMC Factory 2,,roll,
TU1065BU-33Z2,30,SMC Factory 2,,roll,
TU1065BU-33Z34,30,SMC Factory 2,,roll,
TU1065C-100,12,SMC Factory 2,,roll,
TU1065C-153,3,SMC Factory 2,,roll,
TU1065C-153Z2,3,SMC Factory 2,,roll,
TU1065C-20,44,SMC Factory 2,,roll,
TU1065C-33,30,SMC Factory 2,,roll,
TU1065G-100,12,SMC Factory 2,,roll,
TU1065G-100Z1,12,SMC Factory 2,,roll,
TU1065G-100Z34,12,SMC Factory 2,,roll,
TU1065G-153,3,SMC Factory 2,,roll,
TU1065G-153Z1,3,SMC Factory 2,,roll,
TU1065G-153Z2,3,SMC Factory 2,,roll,
TU1065G-153Z34,3,SMC Factory 2,,roll,
TU1065G-20,44,SMC Factory 2,,roll,
TU1065G-20Z1,44,SMC Factory 2,,roll,
TU1065G-20Z34,44,SMC Factory 2,,roll,
TU1065G-33,30,SMC Factory 2,,roll,
TU1065G-33Z1,30,SMC Factory 2,,roll,
TU1065G-33Z2,30,SMC Factory 2,,roll,
TU1065G-33Z34,30,SMC Factory 2,,roll,
TU1065R-100,12,SMC Factory 2,,roll,
TU1065R-100Z1,12,SMC Factory 2,,roll,
TU1065R-100Z34,12,SMC Factory 2,,roll,
TU1065R-153,3,SMC Factory 2,,roll,
TU1065R-153Z1,3,SMC Factory 2,,roll,
TU1065R-153Z2,3,SMC Factory 2,,roll,
TU1065R-153Z34,3,SMC Factory 2,,roll,
TU1065R-20,44,SMC Factory 2,,roll,
TU1065R-20Z1,44,SMC Factory 2,,roll,
TU1065R-20Z34,44,SMC Factory 2,,roll,
TU1065R-33,30,SMC Factory 2,,roll,
TU1065R-33Z1,30,SMC Factory 2,,roll,
TU1065R-33Z2,30,SMC Factory 2,,roll,
TU1065R-33Z34,30,SMC Factory 2,,roll,
TU1065W-100,12,SMC Factory 2,,roll,
TU1065W-100Z1,12,SMC Factory 2,,roll,
TU1065W-100Z34,12,SMC Factory 2,,roll,
TU1065W-153,3,SMC Factory 2,,roll,
TU1065W-153Z1,3,SMC Factory 2,,roll,
TU1065W-153Z2,3,SMC Factory 2,,roll,
TU1065W-153Z34,3,SMC Factory 2,,roll,
TU1065W-20,44,SMC Factory 2,,roll,
TU1065W-20Z1,44,SMC Factory 2,,roll,
TU1065W-20Z34,44,SMC Factory 2,,roll,
TU1065W-33,30,SMC Factory 2,,roll,
TU1065W-33Z1,30,SMC Factory 2,,roll,
TU1065W-33Z2,30,SMC Factory 2,,roll,
TU1065W-33Z34,30,SMC Factory 2,,roll,
TU1065Y-100,12,SMC Factory 2,,roll,
TU1065Y-100Z1,12,SMC Factory 2,,roll,
TU1065Y-100Z34,12,SMC Factory 2,,roll,
TU1065Y-153,3,SMC Factory 2,,roll,
TU1065Y-153Z1,3,SMC Factory 2,,roll,
TU1065Y-153Z2,3,SMC Factory 2,,roll,
TU1065Y-153Z34,3,SMC Factory 2,,roll,
TU1065Y-20,44,SMC Factory 2,,roll,
TU1065Y-20Z1,44,SMC Factory 2,,roll,
TU1065Y-20Z34,44,SMC Factory 2,,roll,
TU1065Y-33,30,SMC Factory 2,,roll,
TU1065Y-33Z1,30,SMC Factory 2,,roll,
TU1065Y-33Z2,30,SMC Factory 2,,roll,
TU1065Y-33Z34,30,SMC Factory 2,,roll,
TU1065YR-100,12,SMC Factory 2,,roll,
TU1065YR-100Z1,12,SMC Factory 2,,roll,
TU1065YR-100Z2,12,SMC Factory 2,,roll,
TU1065YR-100Z34,12,SMC Factory 2,,roll,
TU1065YR-153,3,SMC Factory 2,,roll,
TU1065YR-153Z1,3,SMC Factory 2,,roll,
TU1065YR-153Z2,3,SMC Factory 2,,roll,
TU1065YR-153Z34,3,SMC Factory 2,,roll,
TU1065YR-20,44,SMC Factory 2,,roll,
TU1065YR-20Z1,44,SMC Factory 2,,roll,
TU1065YR-20Z2,44,SMC Factory 2,,roll,
TU1065YR-20Z34,44,SMC Factory 2,,roll,
TU1065YR-33,30,SMC Factory 2,,roll,
TU1065YR-33Z1,30,SMC Factory 2,,roll,
TU1065YR-33Z2,30,SMC Factory 2,,roll,
TU1065YR-33Z34,30,SMC Factory 2,,roll,
TU1208B-100,8,SMC Factory 2,,roll,
TU1208B-100Z1,8,SMC Factory 2,,roll,
TU1208B-100Z12,8,SMC Factory 2,,roll,
TU1208B-100Z34,8,SMC Factory 2,,roll,
TU1208B-153,2,SMC Factory 2,,roll,
TU1208B-153Z1,2,SMC Factory 2,,roll,
TU1208B-153Z34,2,SMC Factory 2,,roll,
TU1208B-20,36,SMC Factory 2,,roll,
TU1208B-20Z1,36,SMC Factory 2,,roll,
TU1208B-20Z12,36,SMC Factory 2,,roll,
TU1208B-20Z34,36,SMC Factory 2,,roll,
TU1208B-33,22,SMC Factory 2,,roll,
TU1208B-33Z1,22,SMC Factory 2,,roll,
TU1208B-33Z2,22,SMC Factory 2,,roll,
TU1208B-33Z34,22,SMC Factory 2,,roll,
TU1208BU-100,8,SMC Factory 2,,roll,
TU1208BU-100Z1,8,SMC Factory 2,,roll,
TU1208BU-100Z34,8,SMC Factory 2,,roll,
TU1208BU-153,2,SMC Factory 2,,roll,
TU1208BU-153Z1,2,SMC Factory 2,,roll,
TU1208BU-153Z2,2,SMC Factory 2,,roll,
TU1208BU-153Z34,2,SMC Factory 2,,roll,
TU1208BU-20,36,SMC Factory 2,,roll,
TU1208BU-20Z1,36,SMC Factory 2,,roll,
TU1208BU-20Z34,36,SMC Factory 2,,roll,
TU1208BU-33,22,SMC Factory 2,,roll,
TU1208BU-33Z1,22,SMC Factory 2,,roll,
TU1208BU-33Z34,22,SMC Factory 2,,roll,
TU1208C-100,8,SMC Factory 2,,roll,
TU1208C-153,2,SMC Factory 2,,roll,
TU1208C-153Z2,2,SMC Factory 2,,roll,
TU1208C-20,36,SMC Factory 2,,roll,
TU1208C-33,22,SMC Factory 2,,roll,
TU1208C-33Z2,22,SMC Factory 2,,roll,
TU1208G-100,8,SMC Factory 2,,roll,
TU1208G-100Z1,8,SMC Factory 2,,roll,
TU1208G-100Z2,8,SMC Factory 2,,roll,
TU1208G-100Z34,8,SMC Factory 2,,roll,
TU1208G-153,2,SMC Factory 2,,roll,
TU1208G-153Z1,2,SMC Factory 2,,roll,
TU1208G-153Z2,2,SMC Factory 2,,roll,
TU1208G-153Z34,2,SMC Factory 2,,roll,
TU1208G-20,36,SMC Factory 2,,roll,
TU1208G-20Z1,36,SMC Factory 2,,roll,
TU1208G-20Z2,36,SMC Factory 2,,roll,
TU1208G-20Z34,36,SMC Factory 2,,roll,
TU1208G-33,22,SMC Factory 2,,roll,
TU1208G-33Z1,22,SMC Factory 2,,roll,
TU1208G-33Z2,22,SMC Factory 2,,roll,
TU1208G-33Z34,22,SMC Factory 2,,roll,
TU1208R-100,8,SMC Factory 2,,roll,
TU1208R-100Z1,8,SMC Factory 2,,roll,
TU1208R-100Z34,8,SMC Factory 2,,roll,
TU1208R-153,2,SMC Factory 2,,roll,
TU1208R-153Z1,2,SMC Factory 2,,roll,
TU1208R-153Z2,2,SMC Factory 2,,roll,
TU1208R-153Z34,2,SMC Factory 2,,roll,
TU1208R-20,36,SMC Factory 2,,roll,
TU1208R-20Z1,36,SMC Factory 2,,roll,
TU1208R-20Z34,36,SMC Factory 2,,roll,
TU1208R-33,22,SMC Factory 2,,roll,
TU1208R-33Z1,22,SMC Factory 2,,roll,
TU1208R-33Z2,22,SMC Factory 2,,roll,
TU1208R-33Z34,22,SMC Factory 2,,roll,
TU1208W-100,8,SMC Factory 2,,roll,
TU1208W-100Z1,8,SMC Factory 2,,roll,
TU1208W-100Z34,8,SMC Factory 2,,roll,
TU1208W-153,2,SMC Factory 2,,roll,
TU1208W-153Z1,2,SMC Factory 2,,roll,
TU1208W-153Z2,2,SMC Factory 2,,roll,
TU1208W-153Z34,2,SMC Factory 2,,roll,
TU1208W-20,36,SMC Factory 2,,roll,
TU1208W-20Z1,36,SMC Factory 2,,roll,
TU1208W-20Z34,36,SMC Factory 2,,roll,
TU1208W-33,22,SMC Factory 2,,roll,
TU1208W-33Z1,22,SMC Factory 2,,roll,
TU1208W-33Z2,22,SMC Factory 2,,roll,
TU1208W-33Z34,22,SMC Factory 2,,roll,
TU1208Y-100,8,SMC Factory 2,,roll,
TU1208Y-100Z1,8,SMC Factory 2,,roll,
TU1208Y-100Z34,8,SMC Factory 2,,roll,
TU1208Y-153,2,SMC Factory 2,,roll,
TU1208Y-153Z1,2,SMC Factory 2,,roll,
TU1208Y-153Z2,2,SMC Factory 2,,roll,
TU1208Y-153Z34,2,SMC Factory 2,,roll,
TU1208Y-20,36,SMC Factory 2,,roll,
TU1208Y-20Z1,36,SMC Factory 2,,roll,
TU1208Y-20Z34,36,SMC Factory 2,,roll,
TU1208Y-33,22,SMC Factory 2,,roll,
TU1208Y-33Z1,22,SMC Factory 2,,roll,
TU1208Y-33Z2,22,SMC Factory 2,,roll,
TU1208Y-33Z34,22,SMC Factory 2,,roll,
TU1208YR-100,8,SMC Factory 2,,roll,
TU1208YR-100Z1,8,SMC Factory 2,,roll,
TU1208YR-100Z34,8,SMC Factory 2,,roll,
TU1208YR-153,2,SMC Factory 2,,roll,
TU1208YR-153Z1,2,SMC Factory 2,,roll,
TU1208YR-153Z2,2,SMC Factory 2,,roll,
TU1208YR-153Z34,2,SMC Factory 2,,roll,
TU1208YR-20,36,SMC Factory 2,,roll,
TU1208YR-20Z1,36,SMC Factory 2,,roll,
TU1208YR-20Z34,36,SMC Factory 2,,roll,
TU1208YR-33,22,SMC Factory 2,,roll,
TU1208YR-33Z1,22,SMC Factory 2,,roll,
TU1208YR-33Z2,22,SMC Factory 2,,roll,
TU1208YR-33Z34,22,SMC Factory 2,,roll,
TU1610B-100,2,SMC Factory 2,,roll,
TU1610B-100Z1,2,SMC Factory 2,,roll,
TU1610B-100Z34,2,SMC Factory 2,,roll,
TU1610B-20,20,SMC Factory 2,,roll,
TU1610B-20Z1,20,SMC Factory 2,,roll,
TU1610B-20Z34,20,SMC Factory 2,,roll,
TU1610BU-100,2,SMC Factory 2,,roll,
TU1610BU-100Z1,2,SMC Factory 2,,roll,
TU1610BU-100Z34,2,SMC Factory 2,,roll,
TU1610BU-20,20,SMC Factory 2,,roll,
TU1610BU-20Z1,20,SMC Factory 2,,roll,
TU1610BU-20Z34,20,SMC Factory 2,,roll,
TU1610C-100,2,SMC Factory 2,,roll,
TU1610C-20,20,SMC Factory 2,,roll,
TU1610G-100,2,SMC Factory 2,,roll,
TU1610G-100Z1,2,SMC Factory 2,,roll,
TU1610G-100Z2,2,SMC Factory 2,,roll,
TU1610G-100Z34,2,SMC Factory 2,,roll,
TU1610G-20,20,SMC Factory 2,,roll,
TU1610G-20Z1,20,SMC Factory 2,,roll,
TU1610G-20Z2,20,SMC Factory 2,,roll,
TU1610G-20Z34,20,SMC Factory 2,,roll,
TU1610R-100,2,SMC Factory 2,,roll,
TU1610R-100Z1,2,SMC Factory 2,,roll,
TU1610R-100Z34,2,SMC Factory 2,,roll,
TU1610R-20,20,SMC Factory 2,,roll,
TU1610R-20Z1,20,SMC Factory 2,,roll,
TU1610R-20Z34,20,SMC Factory 2,,roll,
TU1610W-100,2,SMC Factory 2,,roll,
TU1610W-100Z1,2,SMC Factory 2,,roll,
TU1610W-100Z2,2,SMC Factory 2,,roll,
TU1610W-100Z34,2,SMC Factory 2,,roll,
TU1610W-20,20,SMC Factory 2,,roll,
TU1610W-20Z1,20,SMC Factory 2,,roll,
TU1610W-20Z34,20,SMC Factory 2,,roll,
TU1610Y-100,2,SMC Factory 2,,roll,
TU1610Y-100Z1,2,SMC Factory 2,,roll,
TU1610Y-100Z2,2,SMC Factory 2,,roll,
TU1610Y-100Z34,2,SMC Factory 2,,roll,
TU1610Y-20,20,SMC Factory 2,,roll,
TU1610Y-20Z1,20,SMC Factory 2,,roll,
TU1610Y-20Z2,20,SMC Factory 2,,roll,
TU1610Y-20Z34,20,SMC Factory 2,,roll,
TU1610YR-100,2,SMC Factory 2,,roll,
TU1610YR-100Z1,2,SMC Factory 2,,roll,
TU1610YR-100Z34,2,SMC Factory 2,,roll,
TU1610YR-20,20,SMC Factory 2,,roll,
TU1610YR-20Z1,20,SMC Factory 2,,roll,
TU1610YR-20Z2,20,SMC Factory 2,,roll,
TU1610YR-20Z34,20,SMC Factory 2,,roll,
TU0425BR1-100Z2,50,SMC Factory 2,,roll,
TU0425BR1-100Z34,50,SMC Factory 2,,roll,
TU0425BR1-153Z2,30,SMC Factory 2,,roll,
TU0425BR1-153Z34,30,SMC Factory 2,,roll,
TU0425BR1-20Z2,225,SMC Factory 2,,roll,
TU0425BR1-20Z34,225,SMC Factory 2,,roll,
TU0425BR1-33Z2,112,SMC Factory 2,,roll,
TU0425BR1-33Z34,112,SMC Factory 2,,roll,
TU0425BU1-100Z2,50,SMC Factory 2,,roll,
TU0425BU1-100Z34,50,SMC Factory 2,,roll,
TU0425BU1-153Z2,30,SMC Factory 2,,roll,
TU0425BU1-153Z34,30,SMC Factory 2,,roll,
TU0425BU1-20Z34,225,SMC Factory 2,,roll,
TU0425BU1-33Z2,112,SMC Factory 2,,roll,
TU0425BU1-33Z34,112,SMC Factory 2,,roll,
TU0425BU2-100Z2,50,SMC Factory 2,,roll,
TU0425BU2-100Z34,50,SMC Factory 2,,roll,
TU0425BU2-153Z2,30,SMC Factory 2,,roll,
TU0425BU2-153Z34,30,SMC Factory 2,,roll,
TU0425BU2-20Z2,225,SMC Factory 2,,roll,
TU0425BU2-20Z34,225,SMC Factory 2,,roll,
TU0425BU2-33Z2,112,SMC Factory 2,,roll,
TU0425BU2-33Z34,112,SMC Factory 2,,roll,
TU0425BU3-100Z2,50,SMC Factory 2,,roll,
TU0425BU3-100Z34,50,SMC Factory 2,,roll,
TU0425BU3-153Z2,30,SMC Factory 2,,roll,
TU0425BU3-153Z34,30,SMC Factory 2,,roll,
TU0425BU3-20Z2,225,SMC Factory 2,,roll,
TU0425BU3-20Z34,225,SMC Factory 2,,roll,
TU0425BU3-33Z2,112,SMC Factory 2,,roll,
TU0425BU3-33Z34,112,SMC Factory 2,,roll,
TU0425G1-100Z34,50,SMC Factory 2,,roll,
TU0425G1-153Z2,30,SMC Factory 2,,roll,
TU0425G1-153Z34,30,SMC Factory 2,,roll,
TU0425G1-20Z2,225,SMC Factory 2,,roll,
TU0425G1-20Z34,225,SMC Factory 2,,roll,
TU0425G1-33Z2,112,SMC Factory 2,,roll,
TU0425G1-33Z34,112,SMC Factory 2,,roll,
TU0425G2-100Z34,50,SMC Factory 2,,roll,
TU0425G2-153Z2,30,SMC Factory 2,,roll,
TU0425G2-153Z34,30,SMC Factory 2,,roll,
TU0425G2-20Z2,225,SMC Factory 2,,roll,
TU0425G2-20Z34,225,SMC Factory 2,,roll,
TU0425G2-33Z2,112,SMC Factory 2,,roll,
TU0425G2-33Z34,112,SMC Factory 2,,roll,
TU0425G3-100Z2,50,SMC Factory 2,,roll,
TU0425G3-100Z34,50,SMC Factory 2,,roll,
TU0425G3-153Z2,30,SMC Factory 2,,roll,
TU0425G3-153Z34,30,SMC Factory 2,,roll,
TU0425G3-20Z2,225,SMC Factory 2,,roll,
TU0425G3-20Z34,225,SMC Factory 2,,roll,
TU0425G3-33Z2,112,SMC Factory 2,,roll,
TU0425G3-33Z34,112,SMC Factory 2,,roll,
TU0425G4-100Z2,50,SMC Factory 2,,roll,
TU0425G4-100Z34,50,SMC Factory 2,,roll,
TU0425G4-153Z2,30,SMC Factory 2,,roll,
TU0425G4-153Z34,30,SMC Factory 2,,roll,
TU0425G4-20Z2,225,SMC Factory 2,,roll,
TU0425G4-20Z34,225,SMC Factory 2,,roll,
TU0425G4-33Z2,112,SMC Factory 2,,roll,
TU0425G4-33Z34,112,SMC Factory 2,,roll,
TU0425GR1-100Z2,50,SMC Factory 2,,roll,
TU0425GR1-100Z34,50,SMC Factory 2,,roll,
TU0425GR1-153Z2,30,SMC Factory 2,,roll,
TU0425GR1-153Z34,30,SMC Factory 2,,roll,
TU0425GR1-20Z2,225,SMC Factory 2,,roll,
TU0425GR1-20Z34,225,SMC Factory 2,,roll,
TU0425GR1-33Z2,112,SMC Factory 2,,roll,
TU0425GR1-33Z34,112,SMC Factory 2,,roll,
TU0425GR2-100Z2,50,SMC Factory 2,,roll,
TU0425GR2-100Z34,50,SMC Factory 2,,roll,
TU0425GR2-153Z2,30,SMC Factory 2,,roll,
TU0425GR2-153Z34,30,SMC Factory 2,,roll,
TU0425GR2-20Z2,225,SMC Factory 2,,roll,
TU0425GR2-20Z34,225,SMC Factory 2,,roll,
TU0425GR2-33Z2,112,SMC Factory 2,,roll,
TU0425GR2-33Z34,112,SMC Factory 2,,roll,
TU0425P1-100Z2,50,SMC Factory 2,,roll,
TU0425P1-100Z34,50,SMC Factory 2,,roll,
TU0425P1-153Z2,30,SMC Factory 2,,roll,
TU0425P1-153Z34,30,SMC Factory 2,,roll,
TU0425P1-20Z2,225,SMC Factory 2,,roll,
TU0425P1-20Z34,225,SMC Factory 2,,roll,
TU0425P1-33Z2,112,SMC Factory 2,,roll,
TU0425P1-33Z34,112,SMC Factory 2,,roll,
TU0425PU1-100Z2,50,SMC Factory 2,,roll,
TU0425PU1-100Z34,50,SMC Factory 2,,roll,
TU0425PU1-153Z2,30,SMC Factory 2,,roll,
TU0425PU1-153Z34,30,SMC Factory 2,,roll,
TU0425PU1-20Z2,225,SMC Factory 2,,roll,
TU0425PU1-20Z34,225,SMC Factory 2,,roll,
TU0425PU1-33Z2,112,SMC Factory 2,,roll,
TU0425PU1-33Z34,112,SMC Factory 2,,roll,
TU0425PU2-100Z2,50,SMC Factory 2,,roll,
TU0425PU2-100Z34,50,SMC Factory 2,,roll,
TU0425PU2-153Z2,30,SMC Factory 2,,roll,
TU0425PU2-153Z34,30,SMC Factory 2,,roll,
TU0425PU2-20Z2,225,SMC Factory 2,,roll,
TU0425PU2-20Z34,225,SMC Factory 2,,roll,
TU0425PU2-33Z2,112,SMC Factory 2,,roll,
TU0425PU2-33Z34,112,SMC Factory 2,,roll,
TU0425R1-100Z2,50,SMC Factory 2,,roll,
TU0425R1-100Z34,50,SMC Factory 2,,roll,
TU0425R1-153Z2,30,SMC Factory 2,,roll,
TU0425R1-153Z34,30,SMC Factory 2,,roll,
TU0425R1-20Z2,225,SMC Factory 2,,roll,
TU0425R1-20Z34,225,SMC Factory 2,,roll,
TU0425R1-33Z2,112,SMC Factory 2,,roll,
TU0425R1-33Z34,112,SMC Factory 2,,roll,
TU0425R2-100Z2,50,SMC Factory 2,,roll,
TU0425R2-100Z34,50,SMC Factory 2,,roll,
TU0425R2-153Z2,30,SMC Factory 2,,roll,
TU0425R2-153Z34,30,SMC Factory 2,,roll,
TU0425R2-20Z2,225,SMC Factory 2,,roll,
TU0425R2-20Z34,225,SMC Factory 2,,roll,
TU0425R2-33Z2,112,SMC Factory 2,,roll,
TU0425R2-33Z34,112,SMC Factory 2,,roll,
TU0425S1-100Z2,50,SMC Factory 2,,roll,
TU0425S1-100Z34,50,SMC Factory 2,,roll,
TU0425S1-153Z2,30,SMC Factory 2,,roll,
TU0425S1-153Z34,30,SMC Factory 2,,roll,
TU0425S1-20Z2,225,SMC Factory 2,,roll,
TU0425S1-20Z34,225,SMC Factory 2,,roll,
TU0425S1-33Z2,112,SMC Factory 2,,roll,
TU0425S1-33Z34,112,SMC Factory 2,,roll,
TU0425Y1-100Z2,50,SMC Factory 2,,roll,
TU0425Y1-100Z34,50,SMC Factory 2,,roll,
TU0425Y1-153Z2,30,SMC Factory 2,,roll,
TU0425Y1-153Z34,30,SMC Factory 2,,roll,
TU0425Y1-20Z2,225,SMC Factory 2,,roll,
TU0425Y1-20Z34,225,SMC Factory 2,,roll,
TU0425Y1-33Z2,112,SMC Factory 2,,roll,
TU0425Y1-33Z34,112,SMC Factory 2,,roll,
TU0425Y2-100Z2,50,SMC Factory 2,,roll,
TU0425Y2-100Z34,50,SMC Factory 2,,roll,
TU0425Y2-153Z2,30,SMC Factory 2,,roll,
TU0425Y2-153Z34,30,SMC Factory 2,,roll,
TU0425Y2-20Z2,225,SMC Factory 2,,roll,
TU0425Y2-20Z34,225,SMC Factory 2,,roll,
TU0425Y2-33Z2,112,SMC Factory 2,,roll,
TU0425Y2-33Z34,112,SMC Factory 2,,roll,
TU0425Y3-100Z2,50,SMC Factory 2,,roll,
TU0425Y3-100Z34,50,SMC Factory 2,,roll,
TU0425Y3-153Z2,30,SMC Factory 2,,roll,
TU0425Y3-153Z34,30,SMC Factory 2,,roll,
TU0425Y3-20Z2,225,SMC Factory 2,,roll,
TU0425Y3-20Z34,225,SMC Factory 2,,roll,
TU0425Y3-33Z2,112,SMC Factory 2,,roll,
TU0425Y3-33Z34,112,SMC Factory 2,,roll,
TU0425YR1-100Z2,50,SMC Factory 2,,roll,
TU0425YR1-100Z34,50,SMC Factory 2,,roll,
TU0425YR1-153Z2,30,SMC Factory 2,,roll,
TU0425YR1-153Z34,30,SMC Factory 2,,roll,
TU0425YR1-20Z2,225,SMC Factory 2,,roll,
TU0425YR1-20Z34,225,SMC Factory 2,,roll,
TU0425YR1-33Z2,112,SMC Factory 2,,roll,
TU0425YR1-33Z34,112,SMC Factory 2,,roll,
TU0425YR2-100Z2,50,SMC Factory 2,,roll,
TU0425YR2-100Z34,50,SMC Factory 2,,roll,
TU0425YR2-153Z2,30,SMC Factory 2,,roll,
TU0425YR2-153Z34,30,SMC Factory 2,,roll,
TU0425YR2-20Z2,225,SMC Factory 2,,roll,
TU0425YR2-20Z34,225,SMC Factory 2,,roll,
TU0425YR2-33Z2,112,SMC Factory 2,,roll,
TU0425YR2-33Z34,112,SMC Factory 2,,roll,
TU0604BR1-100Z2,38,SMC Factory 2,,roll,
TU0604BR1-100Z34,38,SMC Factory 2,,roll,
TU0604BR1-153Z2,28,SMC Factory 2,,roll,
TU0604BR1-153Z34,28,SMC Factory 2,,roll,
TU0604BR1-20Z2,96,SMC Factory 2,,roll,
TU0604BR1-20Z34,96,SMC Factory 2,,roll,
TU0604BR1-33Z2,68,SMC Factory 2,,roll,
TU0604BR1-33Z34,68,SMC Factory 2,,roll,
TU0604BU1-100Z34,38,SMC Factory 2,,roll,
TU0604BU1-153Z2,28,SMC Factory 2,,roll,
TU0604BU1-153Z34,28,SMC Factory 2,,roll,
TU0604BU1-20Z34,96,SMC Factory 2,,roll,
TU0604BU1-33Z2,68,SMC Factory 2,,roll,
TU0604BU1-33Z34,68,SMC Factory 2,,roll,
TU0604BU2-100Z2,38,SMC Factory 2,,roll,
TU0604BU2-100Z34,38,SMC Factory 2,,roll,
TU0604BU2-153Z2,28,SMC Factory 2,,roll,
TU0604BU2-153Z34,28,SMC Factory 2,,roll,
TU0604BU2-20Z34,96,SMC Factory 2,,roll,
TU0604BU2-33Z2,68,SMC Factory 2,,roll,
TU0604BU2-33Z34,68,SMC Factory 2,,roll,
TU0604BU3-100Z34,38,SMC Factory 2,,roll,
TU0604BU3-153Z2,28,SMC Factory 2,,roll,
TU0604BU3-153Z34,28,SMC Factory 2,,roll,
TU0604BU3-20Z34,96,SMC Factory 2,,roll,
TU0604BU3-33Z2,68,SMC Factory 2,,roll,
TU0604BU3-33Z34,68,SMC Factory 2,,roll,
TU0604G1-100Z2,38,SMC Factory 2,,roll,
TU0604G1-100Z34,38,SMC Factory 2,,roll,
TU0604G1-153Z2,28,SMC Factory 2,,roll,
TU0604G1-153Z34,28,SMC Factory 2,,roll,
TU0604G1-20Z34,96,SMC Factory 2,,roll,
TU0604G1-33Z2,68,SMC Factory 2,,roll,
TU0604G1-33Z34,68,SMC Factory 2,,roll,
TU0604G2-100Z2,38,SMC Factory 2,,roll,
TU0604G2-100Z34,38,SMC Factory 2,,roll,
TU0604G2-153Z2,28,SMC Factory 2,,roll,
TU0604G2-153Z34,28,SMC Factory 2,,roll,
TU0604G2-20Z2,96,SMC Factory 2,,roll,
TU0604G2-20Z34,96,SMC Factory 2,,roll,
TU0604G2-33Z2,68,SMC Factory 2,,roll,
TU0604G2-33Z34,68,SMC Factory 2,,roll,
TU0604G3-100Z2,38,SMC Factory 2,,roll,
TU0604G3-100Z34,38,SMC Factory 2,,roll,
TU0604G3-153Z2,28,SMC Factory 2,,roll,
TU0604G3-153Z34,28,SMC Factory 2,,roll,
TU0604G3-20Z2,96,SMC Factory 2,,roll,
TU0604G3-20Z34,96,SMC Factory 2,,roll,
TU0604G3-33Z2,68,SMC Factory 2,,roll,
TU0604G3-33Z34,68,SMC Factory 2,,roll,
TU0604G4-100Z2,38,SMC Factory 2,,roll,
TU0604G4-100Z34,38,SMC Factory 2,,roll,
TU0604G4-153Z2,28,SMC Factory 2,,roll,
TU0604G4-153Z34,28,SMC Factory 2,,roll,
TU0604G4-20Z2,96,SMC Factory 2,,roll,
TU0604G4-20Z34,96,SMC Factory 2,,roll,
TU0604G4-33Z2,68,SMC Factory 2,,roll,
TU0604G4-33Z34,68,SMC Factory 2,,roll,
TU0604GR1-100Z34,38,SMC Factory 2,,roll,
TU0604GR1-153Z2,28,SMC Factory 2,,roll,
TU0604GR1-153Z34,28,SMC Factory 2,,roll,
TU0604GR1-20Z34,96,SMC Factory 2,,roll,
TU0604GR1-33Z2,68,SMC Factory 2,,roll,
TU0604GR1-33Z34,68,SMC Factory 2,,roll,
TU0604GR2-100Z34,38,SMC Factory 2,,roll,
TU0604GR2-153Z34,28,SMC Factory 2,,roll,
TU0604GR2-20Z34,96,SMC Factory 2,,roll,
TU0604GR2-33Z2,68,SMC Factory 2,,roll,
TU0604GR2-33Z34,68,SMC Factory 2,,roll,
TU0604P1-100Z2,38,SMC Factory 2,,roll,
TU0604P1-100Z34,38,SMC Factory 2,,roll,
TU0604P1-153Z2,28,SMC Factory 2,,roll,
TU0604P1-153Z34,28,SMC Factory 2,,roll,
TU0604P1-20Z34,96,SMC Factory 2,,roll,
TU0604P1-33Z2,68,SMC Factory 2,,roll,
TU0604P1-33Z34,68,SMC Factory 2,,roll,
TU0604PU1-100Z34,38,SMC Factory 2,,roll,
TU0604PU1-153Z2,28,SMC Factory 2,,roll,
TU0604PU1-153Z34,28,SMC Factory 2,,roll,
TU0604PU1-20Z2,96,SMC Factory 2,,roll,
TU0604PU1-20Z34,96,SMC Factory 2,,roll,
TU0604PU1-33Z2,68,SMC Factory 2,,roll,
TU0604PU1-33Z34,68,SMC Factory 2,,roll,
TU0604PU2-100Z2,38,SMC Factory 2,,roll,
TU0604PU2-100Z34,38,SMC Factory 2,,roll,
TU0604PU2-153Z2,28,SMC Factory 2,,roll,
TU0604PU2-153Z34,28,SMC Factory 2,,roll,
TU0604PU2-20Z2,96,SMC Factory 2,,roll,
TU0604PU2-20Z34,96,SMC Factory 2,,roll,
TU0604PU2-33Z2,68,SMC Factory 2,,roll,
TU0604PU2-33Z34,68,SMC Factory 2,,roll,
TU0604R1-100Z2,38,SMC Factory 2,,roll,
TU0604R1-100Z34,38,SMC Factory 2,,roll,
TU0604R1-153Z2,28,SMC Factory 2,,roll,
TU0604R1-153Z34,28,SMC Factory 2,,roll,
TU0604R1-20Z34,96,SMC Factory 2,,roll,
TU0604R1-33Z2,68,SMC Factory 2,,roll,
TU0604R1-33Z34,68,SMC Factory 2,,roll,
TU0604R2-100Z2,38,SMC Factory 2,,roll,
TU0604R2-100Z34,38,SMC Factory 2,,roll,
TU0604R2-153Z2,28,SMC Factory 2,,roll,
TU0604R2-153Z34,28,SMC Factory 2,,roll,
TU0604R2-20Z2,96,SMC Factory 2,,roll,
TU0604R2-20Z34,96,SMC Factory 2,,roll,
TU0604R2-33Z2,68,SMC Factory 2,,roll,
TU0604R2-33Z34,68,SMC Factory 2,,roll,
TU0604S1-100Z2,38,SMC Factory 2,,roll,
TU0604S1-100Z34,38,SMC Factory 2,,roll,
TU0604S1-153Z2,28,SMC Factory 2,,roll,
TU0604S1-153Z34,28,SMC Factory 2,,roll,
TU0604S1-20Z34,96,SMC Factory 2,,roll,
TU0604S1-33Z2,68,SMC Factory 2,,roll,
TU0604S1-33Z34,68,SMC Factory 2,,roll,
TU0604Y1-100Z2,38,SMC Factory 2,,roll,
TU0604Y1-100Z34,38,SMC Factory 2,,roll,
TU0604Y1-153Z2,28,SMC Factory 2,,roll,
TU0604Y1-153Z34,28,SMC Factory 2,,roll,
TU0604Y1-20Z2,96,SMC Factory 2,,roll,
TU0604Y1-20Z34,96,SMC Factory 2,,roll,
TU0604Y1-33Z2,68,SMC Factory 2,,roll,
TU0604Y1-33Z34,68,SMC Factory 2,,roll,
TU0604Y2-100Z2,38,SMC Factory 2,,roll,
TU0604Y2-100Z34,38,SMC Factory 2,,roll,
TU0604Y2-153Z2,28,SMC Factory 2,,roll,
TU0604Y2-153Z34,28,SMC Factory 2,,roll,
TU0604Y2-20Z34,96,SMC Factory 2,,roll,
TU0604Y2-33Z2,68,SMC Factory 2,,roll,
TU0604Y2-33Z34,68,SMC Factory 2,,roll,
TU0604Y3-100Z2,38,SMC Factory 2,,roll,
TU0604Y3-100Z34,38,SMC Factory 2,,roll,
TU0604Y3-153Z2,28,SMC Factory 2,,roll,
TU0604Y3-153Z34,28,SMC Factory 2,,roll,
TU0604Y3-20Z2,96,SMC Factory 2,,roll,
TU0604Y3-20Z34,96,SMC Factory 2,,roll,
TU0604Y3-33Z2,68,SMC Factory 2,,roll,
TU0604Y3-33Z34,68,SMC Factory 2,,roll,
TU0604YR1-100Z2,38,SMC Factory 2,,roll,
TU0604YR1-100Z34,38,SMC Factory 2,,roll,
TU0604YR1-153Z2,28,SMC Factory 2,,roll,
TU0604YR1-153Z34,28,SMC Factory 2,,roll,
TU0604YR1-20Z2,96,SMC Factory 2,,roll,
TU0604YR1-20Z34,96,SMC Factory 2,,roll,
TU0604YR1-33Z2,68,SMC Factory 2,,roll,
TU0604YR1-33Z34,68,SMC Factory 2,,roll,
TU0604YR2-100Z2,38,SMC Factory 2,,roll,
TU0604YR2-100Z34,38,SMC Factory 2,,roll,
TU0604YR2-153Z2,28,SMC Factory 2,,roll,
TU0604YR2-153Z34,28,SMC Factory 2,,roll,
TU0604YR2-20Z2,96,SMC Factory 2,,roll,
TU0604YR2-20Z34,96,SMC Factory 2,,roll,
TU0604YR2-33Z2,68,SMC Factory 2,,roll,
TU0604YR2-33Z34,68,SMC Factory 2,,roll,
TU0805BR1-100Z2,18,SMC Factory 2,,roll,
TU0805BR1-100Z34,18,SMC Factory 2,,roll,
TU0805BR1-153Z2,12,SMC Factory 2,,roll,
TU0805BR1-153Z34,12,SMC Factory 2,,roll,
TU0805BR1-20Z2,70,SMC Factory 2,,roll,
TU0805BR1-20Z34,70,SMC Factory 2,,roll,
TU0805BR1-33Z2,58,SMC Factory 2,,roll,
TU0805BR1-33Z34,58,SMC Factory 2,,roll,
TU0805BU1-100Z34,18,SMC Factory 2,,roll,
TU0805BU1-153Z2,12,SMC Factory 2,,roll,
TU0805BU1-153Z34,12,SMC Factory 2,,roll,
TU0805BU1-20Z34,70,SMC Factory 2,,roll,
TU0805BU1-33Z2,58,SMC Factory 2,,roll,
TU0805BU1-33Z34,58,SMC Factory 2,,roll,
TU0805BU2-100Z2,18,SMC Factory 2,,roll,
TU0805BU2-100Z34,18,SMC Factory 2,,roll,
TU0805BU2-153Z2,12,SMC Factory 2,,roll,
TU0805BU2-153Z34,12,SMC Factory 2,,roll,
TU0805BU2-20Z2,70,SMC Factory 2,,roll,
TU0805BU2-20Z34,70,SMC Factory 2,,roll,
TU0805BU2-33Z2,58,SMC Factory 2,,roll,
TU0805BU2-33Z34,58,SMC Factory 2,,roll,
TU0805BU3-100Z34,18,SMC Factory 2,,roll,
TU0805BU3-153Z2,12,SMC Factory 2,,roll,
TU0805BU3-153Z34,12,SMC Factory 2,,roll,
TU0805BU3-20Z34,70,SMC Factory 2,,roll,
TU0805BU3-33Z2,58,SMC Factory 2,,roll,
TU0805BU3-33Z34,58,SMC Factory 2,,roll,
TU0805G1-100Z34,18,SMC Factory 2,,roll,
TU0805G1-153Z2,12,SMC Factory 2,,roll,
TU0805G1-153Z34,12,SMC Factory 2,,roll,
TU0805G1-20Z34,70,SMC Factory 2,,roll,
TU0805G1-33Z2,58,SMC Factory 2,,roll,
TU0805G1-33Z34,58,SMC Factory 2,,roll,
TU0805G2-100Z2,18,SMC Factory 2,,roll,
TU0805G2-100Z34,18,SMC Factory 2,,roll,
TU0805G2-153Z2,12,SMC Factory 2,,roll,
TU0805G2-153Z34,12,SMC Factory 2,,roll,
TU0805G2-20Z2,70,SMC Factory 2,,roll,
TU0805G2-20Z34,70,SMC Factory 2,,roll,
TU0805G2-33Z2,58,SMC Factory 2,,roll,
TU0805G2-33Z34,58,SMC Factory 2,,roll,
TU0805G3-100Z2,18,SMC Factory 2,,roll,
TU0805G3-100Z34,18,SMC Factory 2,,roll,
TU0805G3-153Z2,12,SMC Factory 2,,roll,
TU0805G3-153Z34,12,SMC Factory 2,,roll,
TU0805G3-20Z2,70,SMC Factory 2,,roll,
TU0805G3-20Z34,70,SMC Factory 2,,roll,
TU0805G3-33Z2,58,SMC Factory 2,,roll,
TU0805G3-33Z34,58,SMC Factory 2,,roll,
TU0805G4-100Z2,18,SMC Factory 2,,roll,
TU0805G4-100Z34,18,SMC Factory 2,,roll,
TU0805G4-153Z2,12,SMC Factory 2,,roll,
TU0805G4-153Z34,12,SMC Factory 2,,roll,
TU0805G4-20Z2,70,SMC Factory 2,,roll,
TU0805G4-20Z34,70,SMC Factory 2,,roll,
TU0805G4-33Z34,58,SMC Factory 2,,roll,
TU0805GR1-100Z2,18,SMC Factory 2,,roll,
TU0805GR1-100Z34,18,SMC Factory 2,,roll,
TU0805GR1-153Z2,12,SMC Factory 2,,roll,
TU0805GR1-153Z34,12,SMC Factory 2,,roll,
TU0805GR1-20Z2,70,SMC Factory 2,,roll,
TU0805GR1-20Z34,70,SMC Factory 2,,roll,
TU0805GR1-33Z2,58,SMC Factory 2,,roll,
TU0805GR1-33Z34,58,SMC Factory 2,,roll,
TU0805GR2-100Z2,18,SMC Factory 2,,roll,
TU0805GR2-100Z34,18,SMC Factory 2,,roll,
TU0805GR2-153Z2,12,SMC Factory 2,,roll,
TU0805GR2-153Z34,12,SMC Factory 2,,roll,
TU0805GR2-20Z2,70,SMC Factory 2,,roll,
TU0805GR2-20Z34,70,SMC Factory 2,,roll,
TU0805GR2-33Z2,58,SMC Factory 2,,roll,
TU0805GR2-33Z34,58,SMC Factory 2,,roll,
TU0805P1-100Z2,18,SMC Factory 2,,roll,
TU0805P1-100Z34,18,SMC Factory 2,,roll,
TU0805P1-153Z2,12,SMC Factory 2,,roll,
TU0805P1-153Z34,12,SMC Factory 2,,roll,
TU0805P1-20Z2,70,SMC Factory 2,,roll,
TU0805P1-20Z34,70,SMC Factory 2,,roll,
TU0805P1-33Z2,58,SMC Factory 2,,roll,
TU0805P1-33Z34,58,SMC Factory 2,,roll,
TU0805PU1-100Z2,18,SMC Factory 2,,roll,
TU0805PU1-100Z34,18,SMC Factory 2,,roll,
TU0805PU1-153Z2,12,SMC Factory 2,,roll,
TU0805PU1-153Z34,12,SMC Factory 2,,roll,
TU0805PU1-20Z2,70,SMC Factory 2,,roll,
TU0805PU1-20Z34,70,SMC Factory 2,,roll,
TU0805PU1-33Z2,58,SMC Factory 2,,roll,
TU0805PU1-33Z34,58,SMC Factory 2,,roll,
TU0805PU2-100Z2,18,SMC Factory 2,,roll,
TU0805PU2-100Z34,18,SMC Factory 2,,roll,
TU0805PU2-153Z2,12,SMC Factory 2,,roll,
TU0805PU2-153Z34,12,SMC Factory 2,,roll,
TU0805PU2-20Z2,70,SMC Factory 2,,roll,
TU0805PU2-20Z34,70,SMC Factory 2,,roll,
TU0805PU2-33Z2,58,SMC Factory 2,,roll,
TU0805PU2-33Z34,58,SMC Factory 2,,roll,
TU0805R1-100Z2,18,SMC Factory 2,,roll,
TU0805R1-100Z34,18,SMC Factory 2,,roll,
TU0805R1-153Z2,12,SMC Factory 2,,roll,
TU0805R1-153Z34,12,SMC Factory 2,,roll,
TU0805R1-20Z2,70,SMC Factory 2,,roll,
TU0805R1-20Z34,70,SMC Factory 2,,roll,
TU0805R1-33Z2,58,SMC Factory 2,,roll,
TU0805R1-33Z34,58,SMC Factory 2,,roll,
TU0805R2-100Z2,18,SMC Factory 2,,roll,
TU0805R2-100Z34,18,SMC Factory 2,,roll,
TU0805R2-153Z2,12,SMC Factory 2,,roll,
TU0805R2-153Z34,12,SMC Factory 2,,roll,
TU0805R2-20Z2,70,SMC Factory 2,,roll,
TU0805R2-20Z34,70,SMC Factory 2,,roll,
TU0805R2-33Z2,58,SMC Factory 2,,roll,
TU0805R2-33Z34,58,SMC Factory 2,,roll,
TU0805S1-100Z34,18,SMC Factory 2,,roll,
TU0805S1-153Z2,12,SMC Factory 2,,roll,
TU0805S1-153Z34,12,SMC Factory 2,,roll,
TU0805S1-20Z34,70,SMC Factory 2,,roll,
TU0805S1-33Z2,58,SMC Factory 2,,roll,
TU0805S1-33Z34,58,SMC Factory 2,,roll,
TU0805Y1-100Z2,18,SMC Factory 2,,roll,
TU0805Y1-100Z34,18,SMC Factory 2,,roll,
TU0805Y1-153Z2,12,SMC Factory 2,,roll,
TU0805Y1-153Z34,12,SMC Factory 2,,roll,
TU0805Y1-20Z2,70,SMC Factory 2,,roll,
TU0805Y1-20Z34,70,SMC Factory 2,,roll,
TU0805Y1-33Z2,58,SMC Factory 2,,roll,
TU0805Y1-33Z34,58,SMC Factory 2,,roll,
TU0805Y2-100Z2,18,SMC Factory 2,,roll,
TU0805Y2-100Z34,18,SMC Factory 2,,roll,
TU0805Y2-153Z2,12,SMC Factory 2,,roll,
TU0805Y2-153Z34,12,SMC Factory 2,,roll,
TU0805Y2-20Z2,70,SMC Factory 2,,roll,
TU0805Y2-20Z34,70,SMC Factory 2,,roll,
TU0805Y2-33Z2,58,SMC Factory 2,,roll,
TU0805Y2-33Z34,58,SMC Factory 2,,roll,
TU0805Y3-100Z2,18,SMC Factory 2,,roll,
TU0805Y3-100Z34,18,SMC Factory 2,,roll,
TU0805Y3-153Z2,12,SMC Factory 2,,roll,
TU0805Y3-153Z34,12,SMC Factory 2,,roll,
TU0805Y3-20Z2,70,SMC Factory 2,,roll,
TU0805Y3-20Z34,70,SMC Factory 2,,roll,
TU0805Y3-33Z2,58,SMC Factory 2,,roll,
TU0805Y3-33Z34,58,SMC Factory 2,,roll,
TU0805YR1-100Z2,18,SMC Factory 2,,roll,
TU0805YR1-100Z34,18,SMC Factory 2,,roll,
TU0805YR1-153Z2,12,SMC Factory 2,,roll,
TU0805YR1-153Z34,12,SMC Factory 2,,roll,
TU0805YR1-20Z2,70,SMC Factory 2,,roll,
TU0805YR1-20Z34,70,SMC Factory 2,,roll,
TU0805YR1-33Z2,58,SMC Factory 2,,roll,
TU0805YR1-33Z34,58,SMC Factory 2,,roll,
TU0805YR2-100Z2,18,SMC Factory 2,,roll,
TU0805YR2-100Z34,18,SMC Factory 2,,roll,
TU0805YR2-153Z2,12,SMC Factory 2,,roll,
TU0805YR2-153Z34,12,SMC Factory 2,,roll,
TU0805YR2-20Z2,70,SMC Factory 2,,roll,
TU0805YR2-20Z34,70,SMC Factory 2,,roll,
TU0805YR2-33Z2,58,SMC Factory 2,,roll,
TU0805YR2-33Z34,58,SMC Factory 2,,roll,
TU1065BR1-100Z2,12,SMC Factory 2,,roll,
TU1065BR1-100Z34,12,SMC Factory 2,,roll,
TU1065BR1-153Z2,3,SMC Factory 2,,roll,
TU1065BR1-153Z34,3,SMC Factory 2,,roll,
TU1065BR1-20Z2,44,SMC Factory 2,,roll,
TU1065BR1-20Z34,44,SMC Factory 2,,roll,
TU1065BR1-33Z2,30,SMC Factory 2,,roll,
TU1065BR1-33Z34,30,SMC Factory 2,,roll,
TU1065BU1-100Z34,12,SMC Factory 2,,roll,
TU1065BU1-153Z2,3,SMC Factory 2,,roll,
TU1065BU1-153Z34,3,SMC Factory 2,,roll,
TU1065BU1-20Z34,44,SMC Factory 2,,roll,
TU1065BU1-33Z2,30,SMC Factory 2,,roll,
TU1065BU1-33Z34,30,SMC Factory 2,,roll,
TU1065BU2-100Z34,12,SMC Factory 2,,roll,
TU1065BU2-153Z2,3,SMC Factory 2,,roll,
TU1065BU2-153Z34,3,SMC Factory 2,,roll,
TU1065BU2-20Z34,44,SMC Factory 2,,roll,
TU1065BU2-33Z2,30,SMC Factory 2,,roll,
TU1065BU2-33Z34,30,SMC Factory 2,,roll,
TU1065BU3-100Z34,12,SMC Factory 2,,roll,
TU1065BU3-153Z2,3,SMC Factory 2,,roll,
TU1065BU3-153Z34,3,SMC Factory 2,,roll,
TU1065BU3-20Z34,44,SMC Factory 2,,roll,
TU1065BU3-33Z2,30,SMC Factory 2,,roll,
TU1065BU3-33Z34,30,SMC Factory 2,,roll,
TU1065G1-100Z2,12,SMC Factory 2,,roll,
TU1065G1-100Z34,12,SMC Factory 2,,roll,
TU1065G1-153Z2,3,SMC Factory 2,,roll,
TU1065G1-153Z34,3,SMC Factory 2,,roll,
TU1065G1-20Z2,44,SMC Factory 2,,roll,
TU1065G1-20Z34,44,SMC Factory 2,,roll,
TU1065G1-33Z2,30,SMC Factory 2,,roll,
TU1065G1-33Z34,30,SMC Factory 2,,roll,
TU1065G2-100Z2,12,SMC Factory 2,,roll,
TU1065G2-100Z34,12,SMC Factory 2,,roll,
TU1065G2-153Z2,3,SMC Factory 2,,roll,
TU1065G2-153Z34,3,SMC Factory 2,,roll,
TU1065G2-20Z2,44,SMC Factory 2,,roll,
TU1065G2-20Z34,44,SMC Factory 2,,roll,
TU1065G2-33Z2,30,SMC Factory 2,,roll,
TU1065G2-33Z34,30,SMC Factory 2,,roll,
TU1065G3-100Z2,12,SMC Factory 2,,roll,
TU1065G3-100Z34,12,SMC Factory 2,,roll,
TU1065G3-153Z2,3,SMC Factory 2,,roll,
TU1065G3-153Z34,3,SMC Factory 2,,roll,
TU1065G3-20Z2,44,SMC Factory 2,,roll,
TU1065G3-20Z34,44,SMC Factory 2,,roll,
TU1065G3-33Z2,30,SMC Factory 2,,roll,
TU1065G3-33Z34,30,SMC Factory 2,,roll,
TU1065G4-100Z2,12,SMC Factory 2,,roll,
TU1065G4-100Z34,12,SMC Factory 2,,roll,
TU1065G4-153Z2,3,SMC Factory 2,,roll,
TU1065G4-153Z34,3,SMC Factory 2,,roll,
TU1065G4-20Z2,44,SMC Factory 2,,roll,
TU1065G4-20Z34,44,SMC Factory 2,,roll,
TU1065G4-33Z2,30,SMC Factory 2,,roll,
TU1065G4-33Z34,30,SMC Factory 2,,roll,
TU1065GR1-100Z2,12,SMC Factory 2,,roll,
TU1065GR1-100Z34,12,SMC Factory 2,,roll,
TU1065GR1-153Z2,3,SMC Factory 2,,roll,
TU1065GR1-153Z34,3,SMC Factory 2,,roll,
TU1065GR1-20Z2,44,SMC Factory 2,,roll,
TU1065GR1-20Z34,44,SMC Factory 2,,roll,
TU1065GR1-33Z2,30,SMC Factory 2,,roll,
TU1065GR1-33Z34,30,SMC Factory 2,,roll,
TU1065GR2-100Z2,12,SMC Factory 2,,roll,
TU1065GR2-100Z34,12,SMC Factory 2,,roll,
TU1065GR2-153Z2,3,SMC Factory 2,,roll,
TU1065GR2-153Z34,3,SMC Factory 2,,roll,
TU1065GR2-20Z2,44,SMC Factory 2,,roll,
TU1065GR2-20Z34,44,SMC Factory 2,,roll,
TU1065GR2-33Z2,30,SMC Factory 2,,roll,
TU1065GR2-33Z34,30,SMC Factory 2,,roll,
TU1065P1-100Z2,12,SMC Factory 2,,roll,
TU1065P1-100Z34,12,SMC Factory 2,,roll,
TU1065P1-153Z2,3,SMC Factory 2,,roll,
TU1065P1-153Z34,3,SMC Factory 2,,roll,
TU1065P1-20Z2,44,SMC Factory 2,,roll,
TU1065P1-20Z34,44,SMC Factory 2,,roll,
TU1065P1-33Z2,30,SMC Factory 2,,roll,
TU1065P1-33Z34,30,SMC Factory 2,,roll,
TU1065PU1-100Z2,12,SMC Factory 2,,roll,
TU1065PU1-100Z34,12,SMC Factory 2,,roll,
TU1065PU1-153Z2,3,SMC Factory 2,,roll,
TU1065PU1-153Z34,3,SMC Factory 2,,roll,
TU1065PU1-20Z2,44,SMC Factory 2,,roll,
TU1065PU1-20Z34,44,SMC Factory 2,,roll,
TU1065PU1-33Z2,30,SMC Factory 2,,roll,
TU1065PU1-33Z34,30,SMC Factory 2,,roll,
TU1065PU2-100Z2,12,SMC Factory 2,,roll,
TU1065PU2-100Z34,12,SMC Factory 2,,roll,
TU1065PU2-153Z2,3,SMC Factory 2,,roll,
TU1065PU2-153Z34,3,SMC Factory 2,,roll,
TU1065PU2-20Z2,44,SMC Factory 2,,roll,
TU1065PU2-20Z34,44,SMC Factory 2,,roll,
TU1065PU2-33Z2,30,SMC Factory 2,,roll,
TU1065PU2-33Z34,30,SMC Factory 2,,roll,
TU1065R1-100Z2,12,SMC Factory 2,,roll,
TU1065R1-100Z34,12,SMC Factory 2,,roll,
TU1065R1-153Z2,3,SMC Factory 2,,roll,
TU1065R1-153Z34,3,SMC Factory 2,,roll,
TU1065R1-20Z2,44,SMC Factory 2,,roll,
TU1065R1-20Z34,44,SMC Factory 2,,roll,
TU1065R1-33Z2,30,SMC Factory 2,,roll,
TU1065R1-33Z34,30,SMC Factory 2,,roll,
TU1065R2-100Z2,12,SMC Factory 2,,roll,
TU1065R2-100Z34,12,SMC Factory 2,,roll,
TU1065R2-153Z2,3,SMC Factory 2,,roll,
TU1065R2-153Z34,3,SMC Factory 2,,roll,
TU1065R2-20Z2,44,SMC Factory 2,,roll,
TU1065R2-20Z34,44,SMC Factory 2,,roll,
TU1065R2-33Z2,30,SMC Factory 2,,roll,
TU1065R2-33Z34,30,SMC Factory 2,,roll,
TU1065S1-100Z2,12,SMC Factory 2,,roll,
TU1065S1-100Z34,12,SMC Factory 2,,roll,
TU1065S1-153Z2,3,SMC Factory 2,,roll,
TU1065S1-153Z34,3,SMC Factory 2,,roll,
TU1065S1-20Z2,44,SMC Factory 2,,roll,
TU1065S1-20Z34,44,SMC Factory 2,,roll,
TU1065S1-33Z2,30,SMC Factory 2,,roll,
TU1065S1-33Z34,30,SMC Factory 2,,roll,
TU1065Y1-100Z2,12,SMC Factory 2,,roll,
TU1065Y1-100Z34,12,SMC Factory 2,,roll,
TU1065Y1-153Z2,3,SMC Factory 2,,roll,
TU1065Y1-153Z34,3,SMC Factory 2,,roll,
TU1065Y1-20Z2,44,SMC Factory 2,,roll,
TU1065Y1-20Z34,44,SMC Factory 2,,roll,
TU1065Y1-33Z2,30,SMC Factory 2,,roll,
TU1065Y1-33Z34,30,SMC Factory 2,,roll,
TU1065Y2-100Z2,12,SMC Factory 2,,roll,
TU1065Y2-100Z34,12,SMC Factory 2,,roll,
TU1065Y2-153Z2,3,SMC Factory 2,,roll,
TU1065Y2-153Z34,3,SMC Factory 2,,roll,
TU1065Y2-20Z2,44,SMC Factory 2,,roll,
TU1065Y2-20Z34,44,SMC Factory 2,,roll,
TU1065Y2-33Z2,30,SMC Factory 2,,roll,
TU1065Y2-33Z34,30,SMC Factory 2,,roll,
TU1065Y3-100Z2,12,SMC Factory 2,,roll,
TU1065Y3-100Z34,12,SMC Factory 2,,roll,
TU1065Y3-153Z2,3,SMC Factory 2,,roll,
TU1065Y3-153Z34,3,SMC Factory 2,,roll,
TU1065Y3-20Z2,44,SMC Factory 2,,roll,
TU1065Y3-20Z34,44,SMC Factory 2,,roll,
TU1065Y3-33Z2,30,SMC Factory 2,,roll,
TU1065Y3-33Z34,30,SMC Factory 2,,roll,
TU1065YR1-100Z2,12,SMC Factory 2,,roll,
TU1065YR1-100Z34,12,SMC Factory 2,,roll,
TU1065YR1-153Z2,3,SMC Factory 2,,roll,
TU1065YR1-153Z34,3,SMC Factory 2,,roll,
TU1065YR1-20Z2,44,SMC Factory 2,,roll,
TU1065YR1-20Z34,44,SMC Factory 2,,roll,
TU1065YR1-33Z2,30,SMC Factory 2,,roll,
TU1065YR1-33Z34,30,SMC Factory 2,,roll,
TU1065YR2-100Z2,12,SMC Factory 2,,roll,
TU1065YR2-100Z34,12,SMC Factory 2,,roll,
TU1065YR2-153Z2,3,SMC Factory 2,,roll,
TU1065YR2-153Z34,3,SMC Factory 2,,roll,
TU1065YR2-20Z2,44,SMC Factory 2,,roll,
TU1065YR2-20Z34,44,SMC Factory 2,,roll,
TU1065YR2-33Z2,30,SMC Factory 2,,roll,
TU1065YR2-33Z34,30,SMC Factory 2,,roll,
TU1208BR1-100Z2,8,SMC Factory 2,,roll,
TU1208BR1-100Z34,8,SMC Factory 2,,roll,
TU1208BR1-153Z2,2,SMC Factory 2,,roll,
TU1208BR1-153Z34,2,SMC Factory 2,,roll,
TU1208BR1-20Z2,36,SMC Factory 2,,roll,
TU1208BR1-20Z34,36,SMC Factory 2,,roll,
TU1208BR1-33Z2,22,SMC Factory 2,,roll,
TU1208BR1-33Z34,22,SMC Factory 2,,roll,
TU1208BU1-100Z34,8,SMC Factory 2,,roll,
TU1208BU1-153Z2,2,SMC Factory 2,,roll,
TU1208BU1-153Z34,2,SMC Factory 2,,roll,
TU1208BU1-20Z34,36,SMC Factory 2,,roll,
TU1208BU1-33Z2,22,SMC Factory 2,,roll,
TU1208BU1-33Z34,22,SMC Factory 2,,roll,
TU1208BU2-100Z34,8,SMC Factory 2,,roll,
TU1208BU2-153Z2,2,SMC Factory 2,,roll,
TU1208BU2-153Z34,2,SMC Factory 2,,roll,
TU1208BU2-20Z2,36,SMC Factory 2,,roll,
TU1208BU2-20Z34,36,SMC Factory 2,,roll,
TU1208BU2-33Z34,22,SMC Factory 2,,roll,
TU1208BU3-100Z2,8,SMC Factory 2,,roll,
TU1208BU3-100Z34,8,SMC Factory 2,,roll,
TU1208BU3-153Z2,2,SMC Factory 2,,roll,
TU1208BU3-153Z34,2,SMC Factory 2,,roll,
TU1208BU3-20Z2,36,SMC Factory 2,,roll,
TU1208BU3-20Z34,36,SMC Factory 2,,roll,
TU1208BU3-33Z2,22,SMC Factory 2,,roll,
TU1208BU3-33Z34,22,SMC Factory 2,,roll,
TU1208G1-100Z2,8,SMC Factory 2,,roll,
TU1208G1-100Z34,8,SMC Factory 2,,roll,
TU1208G1-153Z2,2,SMC Factory 2,,roll,
TU1208G1-153Z34,2,SMC Factory 2,,roll,
TU1208G1-20Z2,36,SMC Factory 2,,roll,
TU1208G1-20Z34,36,SMC Factory 2,,roll,
TU1208G1-33Z2,22,SMC Factory 2,,roll,
TU1208G1-33Z34,22,SMC Factory 2,,roll,
TU1208G2-100Z2,8,SMC Factory 2,,roll,
TU1208G2-100Z34,8,SMC Factory 2,,roll,
TU1208G2-153Z2,2,SMC Factory 2,,roll,
TU1208G2-153Z34,2,SMC Factory 2,,roll,
TU1208G2-20Z2,36,SMC Factory 2,,roll,
TU1208G2-20Z34,36,SMC Factory 2,,roll,
TU1208G2-33Z2,22,SMC Factory 2,,roll,
TU1208G2-33Z34,22,SMC Factory 2,,roll,
TU1208G3-100Z2,8,SMC Factory 2,,roll,
TU1208G3-100Z34,8,SMC Factory 2,,roll,
TU1208G3-153Z2,2,SMC Factory 2,,roll,
TU1208G3-153Z34,2,SMC Factory 2,,roll,
TU1208G3-20Z2,36,SMC Factory 2,,roll,
TU1208G3-20Z34,36,SMC Factory 2,,roll,
TU1208G3-33Z2,22,SMC Factory 2,,roll,
TU1208G3-33Z34,22,SMC Factory 2,,roll,
TU1208G4-100Z2,8,SMC Factory 2,,roll,
TU1208G4-100Z34,8,SMC Factory 2,,roll,
TU1208G4-153Z2,2,SMC Factory 2,,roll,
TU1208G4-153Z34,2,SMC Factory 2,,roll,
TU1208G4-20Z2,36,SMC Factory 2,,roll,
TU1208G4-20Z34,36,SMC Factory 2,,roll,
TU1208G4-33Z2,22,SMC Factory 2,,roll,
TU1208G4-33Z34,22,SMC Factory 2,,roll,
TU1208GR1-100Z2,8,SMC Factory 2,,roll,
TU1208GR1-100Z34,8,SMC Factory 2,,roll,
TU1208GR1-153Z2,2,SMC Factory 2,,roll,
TU1208GR1-153Z34,2,SMC Factory 2,,roll,
TU1208GR1-20Z34,36,SMC Factory 2,,roll,
TU1208GR1-33Z2,22,SMC Factory 2,,roll,
TU1208GR1-33Z34,22,SMC Factory 2,,roll,
TU1208GR2-100Z2,8,SMC Factory 2,,roll,
TU1208GR2-100Z34,8,SMC Factory 2,,roll,
TU1208GR2-153Z2,2,SMC Factory 2,,roll,
TU1208GR2-153Z34,2,SMC Factory 2,,roll,
TU1208GR2-20Z2,36,SMC Factory 2,,roll,
TU1208GR2-20Z34,36,SMC Factory 2,,roll,
TU1208GR2-33Z2,22,SMC Factory 2,,roll,
TU1208GR2-33Z34,22,SMC Factory 2,,roll,
TU1208P1-100Z2,8,SMC Factory 2,,roll,
TU1208P1-100Z34,8,SMC Factory 2,,roll,
TU1208P1-153Z2,2,SMC Factory 2,,roll,
TU1208P1-153Z34,2,SMC Factory 2,,roll,
TU1208P1-20Z2,36,SMC Factory 2,,roll,
TU1208P1-20Z34,36,SMC Factory 2,,roll,
TU1208P1-33Z2,22,SMC Factory 2,,roll,
TU1208P1-33Z34,22,SMC Factory 2,,roll,
TU1208PU1-100Z2,8,SMC Factory 2,,roll,
TU1208PU1-100Z34,8,SMC Factory 2,,roll,
TU1208PU1-153Z2,2,SMC Factory 2,,roll,
TU1208PU1-153Z34,2,SMC Factory 2,,roll,
TU1208PU1-20Z2,36,SMC Factory 2,,roll,
TU1208PU1-20Z34,36,SMC Factory 2,,roll,
TU1208PU1-33Z2,22,SMC Factory 2,,roll,
TU1208PU1-33Z34,22,SMC Factory 2,,roll,
TU1208PU2-100Z2,8,SMC Factory 2,,roll,
TU1208PU2-100Z34,8,SMC Factory 2,,roll,
TU1208PU2-153Z2,2,SMC Factory 2,,roll,
TU1208PU2-153Z34,2,SMC Factory 2,,roll,
TU1208PU2-20Z2,36,SMC Factory 2,,roll,
TU1208PU2-20Z34,36,SMC Factory 2,,roll,
TU1208PU2-33Z2,22,SMC Factory 2,,roll,
TU1208PU2-33Z34,22,SMC Factory 2,,roll,
TU1208R1-100Z34,8,SMC Factory 2,,roll,
TU1208R1-153Z2,2,SMC Factory 2,,roll,
TU1208R1-153Z34,2,SMC Factory 2,,roll,
TU1208R1-20Z2,36,SMC Factory 2,,roll,
TU1208R1-20Z34,36,SMC Factory 2,,roll,
TU1208R1-33Z2,22,SMC Factory 2,,roll,
TU1208R1-33Z34,22,SMC Factory 2,,roll,
TU1208R2-100Z2,8,SMC Factory 2,,roll,
TU1208R2-100Z34,8,SMC Factory 2,,roll,
TU1208R2-153Z2,2,SMC Factory 2,,roll,
TU1208R2-153Z34,2,SMC Factory 2,,roll,
TU1208R2-20Z2,36,SMC Factory 2,,roll,
TU1208R2-20Z34,36,SMC Factory 2,,roll,
TU1208R2-33Z2,22,SMC Factory 2,,roll,
TU1208R2-33Z34,22,SMC Factory 2,,roll,
TU1208S1-100Z2,8,SMC Factory 2,,roll,
TU1208S1-100Z34,8,SMC Factory 2,,roll,
TU1208S1-153Z2,2,SMC Factory 2,,roll,
TU1208S1-153Z34,2,SMC Factory 2,,roll,
TU1208S1-20Z34,36,SMC Factory 2,,roll,
TU1208S1-33Z2,22,SMC Factory 2,,roll,
TU1208S1-33Z34,22,SMC Factory 2,,roll,
TU1208Y1-100Z34,8,SMC Factory 2,,roll,
TU1208Y1-153Z2,2,SMC Factory 2,,roll,
TU1208Y1-153Z34,2,SMC Factory 2,,roll,
TU1208Y1-20Z34,36,SMC Factory 2,,roll,
TU1208Y1-33Z2,22,SMC Factory 2,,roll,
TU1208Y1-33Z34,22,SMC Factory 2,,roll,
TU1208Y2-100Z2,8,SMC Factory 2,,roll,
TU1208Y2-100Z34,8,SMC Factory 2,,roll,
TU1208Y2-153Z2,2,SMC Factory 2,,roll,
TU1208Y2-153Z34,2,SMC Factory 2,,roll,
TU1208Y2-20Z2,36,SMC Factory 2,,roll,
TU1208Y2-20Z34,36,SMC Factory 2,,roll,
TU1208Y2-33Z2,22,SMC Factory 2,,roll,
TU1208Y2-33Z34,22,SMC Factory 2,,roll,
TU1208Y3-100Z2,8,SMC Factory 2,,roll,
TU1208Y3-100Z34,8,SMC Factory 2,,roll,
TU1208Y3-153Z2,2,SMC Factory 2,,roll,
TU1208Y3-153Z34,2,SMC Factory 2,,roll,
TU1208Y3-20Z2,36,SMC Factory 2,,roll,
TU1208Y3-20Z34,36,SMC Factory 2,,roll,
TU1208Y3-33Z2,22,SMC Factory 2,,roll,
TU1208Y3-33Z34,22,SMC Factory 2,,roll,
TU1208YR1-100Z2,8,SMC Factory 2,,roll,
TU1208YR1-100Z34,8,SMC Factory 2,,roll,
TU1208YR1-153Z2,2,SMC Factory 2,,roll,
TU1208YR1-153Z34,2,SMC Factory 2,,roll,
TU1208YR1-20Z2,36,SMC Factory 2,,roll,
TU1208YR1-20Z34,36,SMC Factory 2,,roll,
TU1208YR1-33Z2,22,SMC Factory 2,,roll,
TU1208YR1-33Z34,22,SMC Factory 2,,roll,
TU1208YR2-100Z2,8,SMC Factory 2,,roll,
TU1208YR2-100Z34,8,SMC Factory 2,,roll,
TU1208YR2-153Z2,2,SMC Factory 2,,roll,
TU1208YR2-153Z34,2,SMC Factory 2,,roll,
TU1208YR2-20Z2,36,SMC Factory 2,,roll,
TU1208YR2-20Z34,36,SMC Factory 2,,roll,
TU1208YR2-33Z2,22,SMC Factory 2,,roll,
TU1208YR2-33Z34,22,SMC Factory 2,,roll,
TU1610BR1-100Z2,2,SMC Factory 2,,roll,
TU1610BR1-100Z34,2,SMC Factory 2,,roll,
TU1610BR1-20Z2,20,SMC Factory 2,,roll,
TU1610BR1-20Z34,20,SMC Factory 2,,roll,
TU1610BU1-100Z34,2,SMC Factory 2,,roll,
TU1610BU1-20Z2,20,SMC Factory 2,,roll,
TU1610BU1-20Z34,20,SMC Factory 2,,roll,
TU1610BU2-100Z2,2,SMC Factory 2,,roll,
TU1610BU2-100Z34,2,SMC Factory 2,,roll,
TU1610BU2-20Z2,20,SMC Factory 2,,roll,
TU1610BU2-20Z34,20,SMC Factory 2,,roll,
TU1610BU3-100Z2,2,SMC Factory 2,,roll,
TU1610BU3-100Z34,2,SMC Factory 2,,roll,
TU1610BU3-20Z2,20,SMC Factory 2,,roll,
TU1610BU3-20Z34,20,SMC Factory 2,,roll,
TU1610G1-100Z2,2,SMC Factory 2,,roll,
TU1610G1-100Z34,2,SMC Factory 2,,roll,
TU1610G1-20Z2,20,SMC Factory 2,,roll,
TU1610G1-20Z34,20,SMC Factory 2,,roll,
TU1610G2-100Z2,2,SMC Factory 2,,roll,
TU1610G2-100Z34,2,SMC Factory 2,,roll,
TU1610G2-20Z2,20,SMC Factory 2,,roll,
TU1610G2-20Z34,20,SMC Factory 2,,roll,
TU1610G3-100Z2,2,SMC Factory 2,,roll,
TU1610G3-100Z34,2,SMC Factory 2,,roll,
TU1610G3-20Z2,20,SMC Factory 2,,roll,
TU1610G3-20Z34,20,SMC Factory 2,,roll,
TU1610G4-100Z2,2,SMC Factory 2,,roll,
TU1610G4-100Z34,2,SMC Factory 2,,roll,
TU1610G4-20Z2,20,SMC Factory 2,,roll,
TU1610G4-20Z34,20,SMC Factory 2,,roll,
TU1610GR1-100Z2,2,SMC Factory 2,,roll,
TU1610GR1-100Z34,2,SMC Factory 2,,roll,
TU1610GR1-20Z2,20,SMC Factory 2,,roll,
TU1610GR1-20Z34,20,SMC Factory 2,,roll,
TU1610GR2-100Z2,2,SMC Factory 2,,roll,
TU1610GR2-100Z34,2,SMC Factory 2,,roll,
TU1610GR2-20Z2,20,SMC Factory 2,,roll,
TU1610GR2-20Z34,20,SMC Factory 2,,roll,
TU1610P1-100Z2,2,SMC Factory 2,,roll,
TU1610P1-100Z34,2,SMC Factory 2,,roll,
TU1610P1-20Z2,20,SMC Factory 2,,roll,
TU1610P1-20Z34,20,SMC Factory 2,,roll,
TU1610PU1-100Z2,2,SMC Factory 2,,roll,
TU1610PU1-100Z34,2,SMC Factory 2,,roll,
TU1610PU1-20Z2,20,SMC Factory 2,,roll,
TU1610PU1-20Z34,20,SMC Factory 2,,roll,
TU1610PU2-100Z2,2,SMC Factory 2,,roll,
TU1610PU2-100Z34,2,SMC Factory 2,,roll,
TU1610PU2-20Z2,20,SMC Factory 2,,roll,
TU1610PU2-20Z34,20,SMC Factory 2,,roll,
TU1610R1-100Z2,2,SMC Factory 2,,roll,
TU1610R1-100Z34,2,SMC Factory 2,,roll,
TU1610R1-20Z2,20,SMC Factory 2,,roll,
TU1610R1-20Z34,20,SMC Factory 2,,roll,
TU1610R2-100Z2,2,SMC Factory 2,,roll,
TU1610R2-100Z34,2,SMC Factory 2,,roll,
TU1610R2-20Z2,20,SMC Factory 2,,roll,
TU1610R2-20Z34,20,SMC Factory 2,,roll,
TU1610S1-100Z2,2,SMC Factory 2,,roll,
TU1610S1-100Z34,2,SMC Factory 2,,roll,
TU1610S1-20Z2,20,SMC Factory 2,,roll,
TU1610S1-20Z34,20,SMC Factory 2,,roll,
TU1610Y1-100Z34,2,SMC Factory 2,,roll,
TU1610Y1-20Z2,20,SMC Factory 2,,roll,
TU1610Y1-20Z34,20,SMC Factory 2,,roll,
TU1610Y2-100Z2,2,SMC Factory 2,,roll,
TU1610Y2-100Z34,2,SMC Factory 2,,roll,
TU1610Y2-20Z2,20,SMC Factory 2,,roll,
TU1610Y2-20Z34,20,SMC Factory 2,,roll,
TU1610Y3-100Z2,2,SMC Factory 2,,roll,
TU1610Y3-100Z34,2,SMC Factory 2,,roll,
TU1610Y3-20Z2,20,SMC Factory 2,,roll,
TU1610Y3-20Z34,20,SMC Factory 2,,roll,
TU1610YR1-100Z2,2,SMC Factory 2,,roll,
TU1610YR1-100Z34,2,SMC Factory 2,,roll,
TU1610YR1-20Z2,20,SMC Factory 2,,roll,
TU1610YR1-20Z34,20,SMC Factory 2,,roll,
TU1610YR2-100Z2,2,SMC Factory 2,,roll,
TU1610YR2-100Z34,2,SMC Factory 2,,roll,
TU1610YR2-20Z2,20,SMC Factory 2,,roll,
TU1610YR2-20Z34,20,SMC Factory 2,,roll,
TIUB01B-100,68,SMC Factory 2,,roll,
TIUB01B-100Z1,68,SMC Factory 2,,roll,
TIUB01B-100Z34,68,SMC Factory 2,,roll,
TIUB01B-153,56,SMC Factory 2,,roll,
TIUB01B-153Z1,56,SMC Factory 2,,roll,
TIUB01B-153Z2,56,SMC Factory 2,,roll,
TIUB01B-153Z34,56,SMC Factory 2,,roll,
TIUB01B-20,450,SMC Factory 2,,roll,
TIUB01B-20Z1,450,SMC Factory 2,,roll,
TIUB01B-20Z34,450,SMC Factory 2,,roll,
TIUB01B-33,315,SMC Factory 2,,roll,
TIUB01B-33Z1,315,SMC Factory 2,,roll,
TIUB01B-33Z2,315,SMC Factory 2,,roll,
TIUB01B-33Z34,315,SMC Factory 2,,roll,
TIUB01BR1-100Z2,68,SMC Factory 2,,roll,
TIUB01BR1-100Z34,68,SMC Factory 2,,roll,
TIUB01BR1-153Z2,56,SMC Factory 2,,roll,
TIUB01BR1-153Z34,56,SMC Factory 2,,roll,
TIUB01BR1-20Z2,450,SMC Factory 2,,roll,
TIUB01BR1-20Z34,450,SMC Factory 2,,roll,
TIUB01BR1-33Z2,315,SMC Factory 2,,roll,
TIUB01BR1-33Z34,315,SMC Factory 2,,roll,
TIUB01BU-100,68,SMC Factory 2,,roll,
TIUB01BU-100Z1,68,SMC Factory 2,,roll,
TIUB01BU-100Z34,68,SMC Factory 2,,roll,
TIUB01BU1-100Z2,68,SMC Factory 2,,roll,
TIUB01BU1-100Z34,68,SMC Factory 2,,roll,
TIUB01BU1-153Z2,56,SMC Factory 2,,roll,
TIUB01BU1-153Z34,56,SMC Factory 2,,roll,
TIUB01BU1-20Z2,450,SMC Factory 2,,roll,
TIUB01BU1-20Z34,450,SMC Factory 2,,roll,
TIUB01BU1-33Z2,315,SMC Factory 2,,roll,
TIUB01BU1-33Z34,315,SMC Factory 2,,roll,
TIUB01BU-153,56,SMC Factory 2,,roll,
TIUB01BU-153Z1,56,SMC Factory 2,,roll,
TIUB01BU-153Z2,56,SMC Factory 2,,roll,
TIUB01BU-153Z34,56,SMC Factory 2,,roll,
TIUB01BU-20,450,SMC Factory 2,,roll,
TIUB01BU-20Z1,450,SMC Factory 2,,roll,
TIUB01BU-20Z34,450,SMC Factory 2,,roll,
TIUB01BU2-100Z2,68,SMC Factory 2,,roll,
TIUB01BU2-100Z34,68,SMC Factory 2,,roll,
TIUB01BU2-153Z2,56,SMC Factory 2,,roll,
TIUB01BU2-153Z34,56,SMC Factory 2,,roll,
TIUB01BU2-20Z2,450,SMC Factory 2,,roll,
TIUB01BU2-20Z34,450,SMC Factory 2,,roll,
TIUB01BU2-33Z2,315,SMC Factory 2,,roll,
TIUB01BU2-33Z34,315,SMC Factory 2,,roll,
TIUB01BU3-100Z2,68,SMC Factory 2,,roll,
TIUB01BU3-100Z34,68,SMC Factory 2,,roll,
TIUB01BU3-153Z2,56,SMC Factory 2,,roll,
TIUB01BU3-153Z34,56,SMC Factory 2,,roll,
TIUB01BU3-20Z2,450,SMC Factory 2,,roll,
TIUB01BU3-20Z34,450,SMC Factory 2,,roll,
TIUB01BU-33,315,SMC Factory 2,,roll,
TIUB01BU3-33Z2,315,SMC Factory 2,,roll,
TIUB01BU3-33Z34,315,SMC Factory 2,,roll,
TIUB01BU-33Z1,315,SMC Factory 2,,roll,
TIUB01BU-33Z34,315,SMC Factory 2,,roll,
TIUB01C-100,68,SMC Factory 2,,roll,
TIUB01C-100Z2,68,SMC Factory 2,,roll,
TIUB01C-153,56,SMC Factory 2,,roll,
TIUB01C-153Z2,56,SMC Factory 2,,roll,
TIUB01C-20,450,SMC Factory 2,,roll,
TIUB01C-33,315,SMC Factory 2,,roll,
TIUB01C-33Z2,315,SMC Factory 2,,roll,
TIUB01G-100,68,SMC Factory 2,,roll,
TIUB01G-100Z1,68,SMC Factory 2,,roll,
TIUB01G-100Z2,68,SMC Factory 2,,roll,
TIUB01G-100Z34,68,SMC Factory 2,,roll,
TIUB01G1-100Z2,68,SMC Factory 2,,roll,
TIUB01G1-100Z34,68,SMC Factory 2,,roll,
TIUB01G1-153Z2,56,SMC Factory 2,,roll,
TIUB01G1-153Z34,56,SMC Factory 2,,roll,
TIUB01G1-20Z2,450,SMC Factory 2,,roll,
TIUB01G1-20Z34,450,SMC Factory 2,,roll,
TIUB01G1-33Z2,315,SMC Factory 2,,roll,
TIUB01G1-33Z34,315,SMC Factory 2,,roll,
TIUB01G-153,56,SMC Factory 2,,roll,
TIUB01G-153Z1,56,SMC Factory 2,,roll,
TIUB01G-153Z2,56,SMC Factory 2,,roll,
TIUB01G-153Z34,56,SMC Factory 2,,roll,
TIUB01G-20,450,SMC Factory 2,,roll,
TIUB01G-20Z1,450,SMC Factory 2,,roll,
TIUB01G-20Z34,450,SMC Factory 2,,roll,
TIUB01G2-100Z2,68,SMC Factory 2,,roll,
TIUB01G2-100Z34,68,SMC Factory 2,,roll,
TIUB01G2-153Z2,56,SMC Factory 2,,roll,
TIUB01G2-153Z34,56,SMC Factory 2,,roll,
TIUB01G2-20Z2,450,SMC Factory 2,,roll,
TIUB01G2-20Z34,450,SMC Factory 2,,roll,
TIUB01G2-33Z2,315,SMC Factory 2,,roll,
TIUB01G2-33Z34,315,SMC Factory 2,,roll,
TIUB01G3-100Z2,68,SMC Factory 2,,roll,
TIUB01G3-100Z34,68,SMC Factory 2,,roll,
TIUB01G3-153Z2,56,SMC Factory 2,,roll,
TIUB01G3-153Z34,56,SMC Factory 2,,roll,
TIUB01G3-20Z2,450,SMC Factory 2,,roll,
TIUB01G3-20Z34,450,SMC Factory 2,,roll,
TIUB01G-33,315,SMC Factory 2,,roll,
TIUB01G3-33Z2,315,SMC Factory 2,,roll,
TIUB01G3-33Z34,315,SMC Factory 2,,roll,
TIUB01G-33Z1,315,SMC Factory 2,,roll,
TIUB01G-33Z2,315,SMC Factory 2,,roll,
TIUB01G-33Z34,315,SMC Factory 2,,roll,
TIUB01G4-100Z2,68,SMC Factory 2,,roll,
TIUB01G4-100Z34,68,SMC Factory 2,,roll,
TIUB01G4-153Z2,56,SMC Factory 2,,roll,
TIUB01G4-153Z34,56,SMC Factory 2,,roll,
TIUB01G4-20Z2,450,SMC Factory 2,,roll,
TIUB01G4-20Z34,450,SMC Factory 2,,roll,
TIUB01G4-33Z2,315,SMC Factory 2,,roll,
TIUB01G4-33Z34,315,SMC Factory 2,,roll,
TIUB01GR1-100Z2,68,SMC Factory 2,,roll,
TIUB01GR1-100Z34,68,SMC Factory 2,,roll,
TIUB01GR1-153Z2,56,SMC Factory 2,,roll,
TIUB01GR1-153Z34,56,SMC Factory 2,,roll,
TIUB01GR1-20Z2,450,SMC Factory 2,,roll,
TIUB01GR1-20Z34,450,SMC Factory 2,,roll,
TIUB01GR1-33Z2,315,SMC Factory 2,,roll,
TIUB01GR1-33Z34,315,SMC Factory 2,,roll,
TIUB01GR2-100Z2,68,SMC Factory 2,,roll,
TIUB01GR2-100Z34,68,SMC Factory 2,,roll,
TIUB01GR2-153Z2,56,SMC Factory 2,,roll,
TIUB01GR2-153Z34,56,SMC Factory 2,,roll,
TIUB01GR2-20Z2,450,SMC Factory 2,,roll,
TIUB01GR2-20Z34,450,SMC Factory 2,,roll,
TIUB01GR2-33Z2,315,SMC Factory 2,,roll,
TIUB01GR2-33Z34,315,SMC Factory 2,,roll,
TIUB01P1-100Z2,68,SMC Factory 2,,roll,
TIUB01P1-100Z34,68,SMC Factory 2,,roll,
TIUB01P1-153Z2,56,SMC Factory 2,,roll,
TIUB01P1-153Z34,56,SMC Factory 2,,roll,
TIUB01P1-20Z2,450,SMC Factory 2,,roll,
TIUB01P1-20Z34,450,SMC Factory 2,,roll,
TIUB01P1-33Z34,315,SMC Factory 2,,roll,
TIUB01P-33Z2,315,SMC Factory 2,,roll,
TIUB01PU1-100Z2,68,SMC Factory 2,,roll,
TIUB01PU1-100Z34,68,SMC Factory 2,,roll,
TIUB01PU1-153Z2,56,SMC Factory 2,,roll,
TIUB01PU1-153Z34,56,SMC Factory 2,,roll,
TIUB01PU1-20Z2,450,SMC Factory 2,,roll,
TIUB01PU1-20Z34,450,SMC Factory 2,,roll,
TIUB01PU1-33Z2,315,SMC Factory 2,,roll,
TIUB01PU1-33Z34,315,SMC Factory 2,,roll,
TIUB01PU2-100Z2,68,SMC Factory 2,,roll,
TIUB01PU2-100Z34,68,SMC Factory 2,,roll,
TIUB01PU2-153Z2,56,SMC Factory 2,,roll,
TIUB01PU2-153Z34,56,SMC Factory 2,,roll,
TIUB01PU2-20Z2,450,SMC Factory 2,,roll,
TIUB01PU2-20Z34,450,SMC Factory 2,,roll,
TIUB01PU2-33Z2,315,SMC Factory 2,,roll,
TIUB01PU2-33Z34,315,SMC Factory 2,,roll,
TIUB01R-100,68,SMC Factory 2,,roll,
TIUB01R-100Z1,68,SMC Factory 2,,roll,
TIUB01R-100Z34,68,SMC Factory 2,,roll,
TIUB01R1-100Z2,68,SMC Factory 2,,roll,
TIUB01R1-100Z34,68,SMC Factory 2,,roll,
TIUB01R1-153Z2,56,SMC Factory 2,,roll,
TIUB01R1-153Z34,56,SMC Factory 2,,roll,
TIUB01R1-20Z2,450,SMC Factory 2,,roll,
TIUB01R1-20Z34,450,SMC Factory 2,,roll,
TIUB01R1-33Z2,315,SMC Factory 2,,roll,
TIUB01R1-33Z34,315,SMC Factory 2,,roll,
TIUB01R-153,56,SMC Factory 2,,roll,
TIUB01R-153Z1,56,SMC Factory 2,,roll,
TIUB01R-153Z2,56,SMC Factory 2,,roll,
TIUB01R-153Z34,56,SMC Factory 2,,roll,
TIUB01R-20,450,SMC Factory 2,,roll,
TIUB01R-20Z1,450,SMC Factory 2,,roll,
TIUB01R-20Z2,450,SMC Factory 2,,roll,
TIUB01R-20Z34,450,SMC Factory 2,,roll,
TIUB01R2-100Z2,68,SMC Factory 2,,roll,
TIUB01R2-100Z34,68,SMC Factory 2,,roll,
TIUB01R2-153Z2,56,SMC Factory 2,,roll,
TIUB01R2-153Z34,56,SMC Factory 2,,roll,
TIUB01R2-20Z2,450,SMC Factory 2,,roll,
TIUB01R2-20Z34,450,SMC Factory 2,,roll,
TIUB01R2-33Z34,315,SMC Factory 2,,roll,
TIUB01R-33,315,SMC Factory 2,,roll,
TIUB01R-33Z1,315,SMC Factory 2,,roll,
TIUB01R-33Z2,315,SMC Factory 2,,roll,
TIUB01R-33Z34,315,SMC Factory 2,,roll,
TIUB01S1-100Z2,68,SMC Factory 2,,roll,
TIUB01S1-100Z34,68,SMC Factory 2,,roll,
TIUB01S1-153Z2,56,SMC Factory 2,,roll,
TIUB01S1-153Z34,56,SMC Factory 2,,roll,
TIUB01S1-20Z2,450,SMC Factory 2,,roll,
TIUB01S1-20Z34,450,SMC Factory 2,,roll,
TIUB01S1-33Z2,315,SMC Factory 2,,roll,
TIUB01S1-33Z34,315,SMC Factory 2,,roll,
TIUB01S-33Z2,315,SMC Factory 2,,roll,
TIUB01W-100,68,SMC Factory 2,,roll,
TIUB01W-100Z1,68,SMC Factory 2,,roll,
TIUB01W-100Z2,68,SMC Factory 2,,roll,
TIUB01W-100Z34,68,SMC Factory 2,,roll,
TIUB01W-153,56,SMC Factory 2,,roll,
TIUB01W-153Z1,56,SMC Factory 2,,roll,
TIUB01W-153Z2,56,SMC Factory 2,,roll,
TIUB01W-153Z34,56,SMC Factory 2,,roll,
TIUB01W-20,450,SMC Factory 2,,roll,
TIUB01W-20Z1,450,SMC Factory 2,,roll,
TIUB01W-20Z2,450,SMC Factory 2,,roll,
TIUB01W-20Z34,450,SMC Factory 2,,roll,
TIUB01W-33,315,SMC Factory 2,,roll,
TIUB01W-33Z1,315,SMC Factory 2,,roll,
TIUB01W-33Z2,315,SMC Factory 2,,roll,
TIUB01W-33Z34,315,SMC Factory 2,,roll,
TIUB01Y-100,68,SMC Factory 2,,roll,
TIUB01Y-100Z1,68,SMC Factory 2,,roll,
TIUB01Y-100Z2,68,SMC Factory 2,,roll,
TIUB01Y-100Z34,68,SMC Factory 2,,roll,
TIUB01Y1-100Z2,68,SMC Factory 2,,roll,
TIUB01Y1-100Z34,68,SMC Factory 2,,roll,
TIUB01Y1-153Z2,56,SMC Factory 2,,roll,
TIUB01Y1-153Z34,56,SMC Factory 2,,roll,
TIUB01Y1-20Z2,450,SMC Factory 2,,roll,
TIUB01Y1-20Z34,450,SMC Factory 2,,roll,
TIUB01Y1-33Z2,315,SMC Factory 2,,roll,
TIUB01Y1-33Z34,315,SMC Factory 2,,roll,
TIUB01Y-153,56,SMC Factory 2,,roll,
TIUB01Y-153Z1,56,SMC Factory 2,,roll,
TIUB01Y-153Z2,56,SMC Factory 2,,roll,
TIUB01Y-153Z34,56,SMC Factory 2,,roll,
TIUB01Y-20,450,SMC Factory 2,,roll,
TIUB01Y-20Z1,450,SMC Factory 2,,roll,
TIUB01Y-20Z2,450,SMC Factory 2,,roll,
TIUB01Y-20Z34,450,SMC Factory 2,,roll,
TIUB01Y2-100Z2,68,SMC Factory 2,,roll,
TIUB01Y2-100Z34,68,SMC Factory 2,,roll,
TIUB01Y2-153Z2,56,SMC Factory 2,,roll,
TIUB01Y2-153Z34,56,SMC Factory 2,,roll,
TIUB01Y2-20Z2,450,SMC Factory 2,,roll,
TIUB01Y2-20Z34,450,SMC Factory 2,,roll,
TIUB01Y2-33Z2,315,SMC Factory 2,,roll,
TIUB01Y2-33Z34,315,SMC Factory 2,,roll,
TIUB01Y3-100Z2,68,SMC Factory 2,,roll,
TIUB01Y3-100Z34,68,SMC Factory 2,,roll,
TIUB01Y3-153Z2,56,SMC Factory 2,,roll,
TIUB01Y3-153Z34,56,SMC Factory 2,,roll,
TIUB01Y3-20Z2,450,SMC Factory 2,,roll,
TIUB01Y3-20Z34,450,SMC Factory 2,,roll,
TIUB01Y-33,315,SMC Factory 2,,roll,
TIUB01Y3-33Z2,315,SMC Factory 2,,roll,
TIUB01Y3-33Z34,315,SMC Factory 2,,roll,
TIUB01Y-33Z1,315,SMC Factory 2,,roll,
TIUB01Y-33Z2,315,SMC Factory 2,,roll,
TIUB01Y-33Z34,315,SMC Factory 2,,roll,
TIUB01YR-100,68,SMC Factory 2,,roll,
TIUB01YR-100Z1,68,SMC Factory 2,,roll,
TIUB01YR-100Z2,68,SMC Factory 2,,roll,
TIUB01YR-100Z34,68,SMC Factory 2,,roll,
TIUB01YR1-100Z2,68,SMC Factory 2,,roll,
TIUB01YR1-100Z34,68,SMC Factory 2,,roll,
TIUB01YR1-153Z2,56,SMC Factory 2,,roll,
TIUB01YR1-153Z34,56,SMC Factory 2,,roll,
TIUB01YR1-20Z2,450,SMC Factory 2,,roll,
TIUB01YR1-20Z34,450,SMC Factory 2,,roll,
TIUB01YR1-33Z2,315,SMC Factory 2,,roll,
TIUB01YR1-33Z34,315,SMC Factory 2,,roll,
TIUB01YR-153,56,SMC Factory 2,,roll,
TIUB01YR-153Z1,56,SMC Factory 2,,roll,
TIUB01YR-153Z2,56,SMC Factory 2,,roll,
TIUB01YR-153Z34,56,SMC Factory 2,,roll,
TIUB01YR-20,450,SMC Factory 2,,roll,
TIUB01YR-20Z1,450,SMC Factory 2,,roll,
TIUB01YR-20Z2,450,SMC Factory 2,,roll,
TIUB01YR-20Z34,450,SMC Factory 2,,roll,
TIUB01YR2-100Z2,68,SMC Factory 2,,roll,
TIUB01YR2-100Z34,68,SMC Factory 2,,roll,
TIUB01YR2-153Z2,56,SMC Factory 2,,roll,
TIUB01YR2-153Z34,56,SMC Factory 2,,roll,
TIUB01YR2-20Z2,450,SMC Factory 2,,roll,
TIUB01YR2-20Z34,450,SMC Factory 2,,roll,
TIUB01YR2-33Z2,315,SMC Factory 2,,roll,
TIUB01YR2-33Z34,315,SMC Factory 2,,roll,
TIUB01YR-33,315,SMC Factory 2,,roll,
TIUB01YR-33Z1,315,SMC Factory 2,,roll,
TIUB01YR-33Z2,315,SMC Factory 2,,roll,
TIUB01YR-33Z34,315,SMC Factory 2,,roll,
TIUB05B-100,60,SMC Factory 2,,roll,
TIUB05B-100Z1,60,SMC Factory 2,,roll,
TIUB05B-100Z2,60,SMC Factory 2,,roll,
TIUB05B-100Z34,60,SMC Factory 2,,roll,
TIUB05B-153,32,SMC Factory 2,,roll,
TIUB05B-153Z1,32,SMC Factory 2,,roll,
TIUB05B-153Z2,32,SMC Factory 2,,roll,
TIUB05B-153Z34,32,SMC Factory 2,,roll,
TIUB05B-20,180,SMC Factory 2,,roll,
TIUB05B-20Z1,180,SMC Factory 2,,roll,
TIUB05B-20Z2,180,SMC Factory 2,,roll,
TIUB05B-20Z34,180,SMC Factory 2,,roll,
TIUB05B-33,118,SMC Factory 2,,roll,
TIUB05B-33Z1,118,SMC Factory 2,,roll,
TIUB05B-33Z2,118,SMC Factory 2,,roll,
TIUB05B-33Z34,118,SMC Factory 2,,roll,
TIUB05BR1-100Z2,60,SMC Factory 2,,roll,
TIUB05BR1-100Z34,60,SMC Factory 2,,roll,
TIUB05BR1-153Z2,32,SMC Factory 2,,roll,
TIUB05BR1-153Z34,32,SMC Factory 2,,roll,
TIUB05BR1-20Z2,180,SMC Factory 2,,roll,
TIUB05BR1-20Z34,180,SMC Factory 2,,roll,
TIUB05BR1-33Z2,118,SMC Factory 2,,roll,
TIUB05BR1-33Z34,118,SMC Factory 2,,roll,
TIUB05BU-100,60,SMC Factory 2,,roll,
TIUB05BU-100Z1,60,SMC Factory 2,,roll,
TIUB05BU-100Z2,60,SMC Factory 2,,roll,
TIUB05BU-100Z34,60,SMC Factory 2,,roll,
TIUB05BU1-100Z2,60,SMC Factory 2,,roll,
TIUB05BU1-100Z34,60,SMC Factory 2,,roll,
TIUB05BU1-153Z2,32,SMC Factory 2,,roll,
TIUB05BU1-153Z34,32,SMC Factory 2,,roll,
TIUB05BU1-20Z2,180,SMC Factory 2,,roll,
TIUB05BU1-20Z34,180,SMC Factory 2,,roll,
TIUB05BU1-33Z2,118,SMC Factory 2,,roll,
TIUB05BU1-33Z34,118,SMC Factory 2,,roll,
TIUB05BU-153,32,SMC Factory 2,,roll,
TIUB05BU-153Z1,32,SMC Factory 2,,roll,
TIUB05BU-153Z2,32,SMC Factory 2,,roll,
TIUB05BU-153Z34,32,SMC Factory 2,,roll,
TIUB05BU-20,180,SMC Factory 2,,roll,
TIUB05BU-20Z1,180,SMC Factory 2,,roll,
TIUB05BU-20Z2,180,SMC Factory 2,,roll,
TIUB05BU-20Z34,180,SMC Factory 2,,roll,
TIUB05BU2-100Z2,60,SMC Factory 2,,roll,
TIUB05BU2-100Z34,60,SMC Factory 2,,roll,
TIUB05BU2-153Z2,32,SMC Factory 2,,roll,
TIUB05BU2-153Z34,32,SMC Factory 2,,roll,
TIUB05BU2-20Z2,180,SMC Factory 2,,roll,
TIUB05BU2-20Z34,180,SMC Factory 2,,roll,
TIUB05BU2-33Z2,118,SMC Factory 2,,roll,
TIUB05BU2-33Z34,118,SMC Factory 2,,roll,
TIUB05BU3-100Z2,60,SMC Factory 2,,roll,
TIUB05BU3-100Z34,60,SMC Factory 2,,roll,
TIUB05BU3-153Z2,32,SMC Factory 2,,roll,
TIUB05BU3-153Z34,32,SMC Factory 2,,roll,
TIUB05BU3-20Z2,180,SMC Factory 2,,roll,
TIUB05BU3-20Z34,180,SMC Factory 2,,roll,
TIUB05BU-33,118,SMC Factory 2,,roll,
TIUB05BU3-33Z2,118,SMC Factory 2,,roll,
TIUB05BU3-33Z34,118,SMC Factory 2,,roll,
TIUB05BU-33Z1,118,SMC Factory 2,,roll,
TIUB05BU-33Z2,118,SMC Factory 2,,roll,
TIUB05BU-33Z34,118,SMC Factory 2,,roll,
TIUB05C-100,60,SMC Factory 2,,roll,
TIUB05C-100Z2,60,SMC Factory 2,,roll,
TIUB05C-153,32,SMC Factory 2,,roll,
TIUB05C-153Z2,32,SMC Factory 2,,roll,
TIUB05C-20,180,SMC Factory 2,,roll,
TIUB05C-20Z2,180,SMC Factory 2,,roll,
TIUB05C-33,118,SMC Factory 2,,roll,
TIUB05C-33Z2,118,SMC Factory 2,,roll,
TIUB05G-100,60,SMC Factory 2,,roll,
TIUB05G-100Z1,60,SMC Factory 2,,roll,
TIUB05G-100Z2,60,SMC Factory 2,,roll,
TIUB05G-100Z34,60,SMC Factory 2,,roll,
TIUB05G1-100Z2,60,SMC Factory 2,,roll,
TIUB05G1-100Z34,60,SMC Factory 2,,roll,
TIUB05G1-153Z2,32,SMC Factory 2,,roll,
TIUB05G1-153Z34,32,SMC Factory 2,,roll,
TIUB05G1-20Z2,180,SMC Factory 2,,roll,
TIUB05G1-20Z34,180,SMC Factory 2,,roll,
TIUB05G1-33Z2,118,SMC Factory 2,,roll,
TIUB05G1-33Z34,118,SMC Factory 2,,roll,
TIUB05G-153,32,SMC Factory 2,,roll,
TIUB05G-153Z1,32,SMC Factory 2,,roll,
TIUB05G-153Z2,32,SMC Factory 2,,roll,
TIUB05G-153Z34,32,SMC Factory 2,,roll,
TIUB05G-20,180,SMC Factory 2,,roll,
TIUB05G-20Z1,180,SMC Factory 2,,roll,
TIUB05G-20Z2,180,SMC Factory 2,,roll,
TIUB05G-20Z34,180,SMC Factory 2,,roll,
TIUB05G2-100Z2,60,SMC Factory 2,,roll,
TIUB05G2-100Z34,60,SMC Factory 2,,roll,
TIUB05G2-153Z2,32,SMC Factory 2,,roll,
TIUB05G2-153Z34,32,SMC Factory 2,,roll,
TIUB05G2-20Z2,180,SMC Factory 2,,roll,
TIUB05G2-20Z34,180,SMC Factory 2,,roll,
TIUB05G2-33Z2,118,SMC Factory 2,,roll,
TIUB05G2-33Z34,118,SMC Factory 2,,roll,
TIUB05G3-100Z2,60,SMC Factory 2,,roll,
TIUB05G3-100Z34,60,SMC Factory 2,,roll,
TIUB05G3-153Z2,32,SMC Factory 2,,roll,
TIUB05G3-153Z34,32,SMC Factory 2,,roll,
TIUB05G3-20Z2,180,SMC Factory 2,,roll,
TIUB05G3-20Z34,180,SMC Factory 2,,roll,
TIUB05G-33,118,SMC Factory 2,,roll,
TIUB05G3-33Z2,118,SMC Factory 2,,roll,
TIUB05G3-33Z34,118,SMC Factory 2,,roll,
TIUB05G-33Z1,118,SMC Factory 2,,roll,
TIUB05G-33Z2,118,SMC Factory 2,,roll,
TIUB05G-33Z34,118,SMC Factory 2,,roll,
TIUB05G4-100Z2,60,SMC Factory 2,,roll,
TIUB05G4-100Z34,60,SMC Factory 2,,roll,
TIUB05G4-153Z2,32,SMC Factory 2,,roll,
TIUB05G4-153Z34,32,SMC Factory 2,,roll,
TIUB05G4-20Z2,180,SMC Factory 2,,roll,
TIUB05G4-20Z34,180,SMC Factory 2,,roll,
TIUB05G4-33Z2,118,SMC Factory 2,,roll,
TIUB05G4-33Z34,118,SMC Factory 2,,roll,
TIUB05GR1-100Z2,60,SMC Factory 2,,roll,
TIUB05GR1-100Z34,60,SMC Factory 2,,roll,
TIUB05GR1-153Z2,32,SMC Factory 2,,roll,
TIUB05GR1-153Z34,32,SMC Factory 2,,roll,
TIUB05GR1-20Z2,180,SMC Factory 2,,roll,
TIUB05GR1-20Z34,180,SMC Factory 2,,roll,
TIUB05GR1-33Z2,118,SMC Factory 2,,roll,
TIUB05GR1-33Z34,118,SMC Factory 2,,roll,
TIUB05GR2-100Z2,60,SMC Factory 2,,roll,
TIUB05GR2-100Z34,60,SMC Factory 2,,roll,
TIUB05GR2-153Z2,32,SMC Factory 2,,roll,
TIUB05GR2-153Z34,32,SMC Factory 2,,roll,
TIUB05GR2-20Z2,180,SMC Factory 2,,roll,
TIUB05GR2-20Z34,180,SMC Factory 2,,roll,
TIUB05GR2-33Z2,118,SMC Factory 2,,roll,
TIUB05GR2-33Z34,118,SMC Factory 2,,roll,
TIUB05P1-100Z2,60,SMC Factory 2,,roll,
TIUB05P1-100Z34,60,SMC Factory 2,,roll,
TIUB05P1-153Z2,32,SMC Factory 2,,roll,
TIUB05P1-153Z34,32,SMC Factory 2,,roll,
TIUB05P1-20Z2,180,SMC Factory 2,,roll,
TIUB05P1-20Z34,180,SMC Factory 2,,roll,
TIUB05P1-33Z2,118,SMC Factory 2,,roll,
TIUB05P1-33Z34,118,SMC Factory 2,,roll,
TIUB05P-33Z2,118,SMC Factory 2,,roll,
TIUB05PU1-100Z2,60,SMC Factory 2,,roll,
TIUB05PU1-100Z34,60,SMC Factory 2,,roll,
TIUB05PU1-153Z2,32,SMC Factory 2,,roll,
TIUB05PU1-153Z34,32,SMC Factory 2,,roll,
TIUB05PU1-20Z2,180,SMC Factory 2,,roll,
TIUB05PU1-20Z34,180,SMC Factory 2,,roll,
TIUB05PU1-33Z2,118,SMC Factory 2,,roll,
TIUB05PU1-33Z34,118,SMC Factory 2,,roll,
TIUB05PU2-100Z2,60,SMC Factory 2,,roll,
TIUB05PU2-100Z34,60,SMC Factory 2,,roll,
TIUB05PU2-153Z2,32,SMC Factory 2,,roll,
TIUB05PU2-153Z34,32,SMC Factory 2,,roll,
TIUB05PU2-20Z2,180,SMC Factory 2,,roll,
TIUB05PU2-20Z34,180,SMC Factory 2,,roll,
TIUB05PU2-33Z2,118,SMC Factory 2,,roll,
TIUB05PU2-33Z34,118,SMC Factory 2,,roll,
TIUB05R-100,60,SMC Factory 2,,roll,
TIUB05R-100Z1,60,SMC Factory 2,,roll,
TIUB05R-100Z2,60,SMC Factory 2,,roll,
TIUB05R-100Z34,60,SMC Factory 2,,roll,
TIUB05R1-100Z2,60,SMC Factory 2,,roll,
TIUB05R1-100Z34,60,SMC Factory 2,,roll,
TIUB05R1-153Z2,32,SMC Factory 2,,roll,
TIUB05R1-153Z34,32,SMC Factory 2,,roll,
TIUB05R1-20Z2,180,SMC Factory 2,,roll,
TIUB05R1-20Z34,180,SMC Factory 2,,roll,
TIUB05R1-33Z2,118,SMC Factory 2,,roll,
TIUB05R1-33Z34,118,SMC Factory 2,,roll,
TIUB05R-153,32,SMC Factory 2,,roll,
TIUB05R-153Z1,32,SMC Factory 2,,roll,
TIUB05R-153Z2,32,SMC Factory 2,,roll,
TIUB05R-153Z34,32,SMC Factory 2,,roll,
TIUB05R-20,180,SMC Factory 2,,roll,
TIUB05R-20Z1,180,SMC Factory 2,,roll,
TIUB05R-20Z2,180,SMC Factory 2,,roll,
TIUB05R-20Z34,180,SMC Factory 2,,roll,
TIUB05R2-100Z2,60,SMC Factory 2,,roll,
TIUB05R2-100Z34,60,SMC Factory 2,,roll,
TIUB05R2-153Z2,32,SMC Factory 2,,roll,
TIUB05R2-153Z34,32,SMC Factory 2,,roll,
TIUB05R2-20Z2,180,SMC Factory 2,,roll,
TIUB05R2-20Z34,180,SMC Factory 2,,roll,
TIUB05R2-33Z2,118,SMC Factory 2,,roll,
TIUB05R2-33Z34,118,SMC Factory 2,,roll,
TIUB05R-33,118,SMC Factory 2,,roll,
TIUB05R-33Z1,118,SMC Factory 2,,roll,
TIUB05R-33Z2,118,SMC Factory 2,,roll,
TIUB05R-33Z34,118,SMC Factory 2,,roll,
TIUB05S1-100Z2,60,SMC Factory 2,,roll,
TIUB05S1-100Z34,60,SMC Factory 2,,roll,
TIUB05S1-153Z2,32,SMC Factory 2,,roll,
TIUB05S1-153Z34,32,SMC Factory 2,,roll,
TIUB05S1-20Z2,180,SMC Factory 2,,roll,
TIUB05S1-20Z34,180,SMC Factory 2,,roll,
TIUB05S1-33Z2,118,SMC Factory 2,,roll,
TIUB05S1-33Z34,118,SMC Factory 2,,roll,
TIUB05S-33Z2,118,SMC Factory 2,,roll,
TIUB05W-100,60,SMC Factory 2,,roll,
TIUB05W-100Z1,60,SMC Factory 2,,roll,
TIUB05W-100Z2,60,SMC Factory 2,,roll,
TIUB05W-100Z34,60,SMC Factory 2,,roll,
TIUB05W-153,32,SMC Factory 2,,roll,
TIUB05W-153Z1,32,SMC Factory 2,,roll,
TIUB05W-153Z2,32,SMC Factory 2,,roll,
TIUB05W-153Z34,32,SMC Factory 2,,roll,
TIUB05W-20,180,SMC Factory 2,,roll,
TIUB05W-20Z1,180,SMC Factory 2,,roll,
TIUB05W-20Z2,180,SMC Factory 2,,roll,
TIUB05W-20Z34,180,SMC Factory 2,,roll,
TIUB05W-33,118,SMC Factory 2,,roll,
TIUB05W-33Z1,118,SMC Factory 2,,roll,
TIUB05W-33Z2,118,SMC Factory 2,,roll,
TIUB05W-33Z34,118,SMC Factory 2,,roll,
TIUB05Y-100,60,SMC Factory 2,,roll,
TIUB05Y-100Z1,60,SMC Factory 2,,roll,
TIUB05Y-100Z2,60,SMC Factory 2,,roll,
TIUB05Y-100Z34,60,SMC Factory 2,,roll,
TIUB05Y1-100Z2,60,SMC Factory 2,,roll,
TIUB05Y1-100Z34,60,SMC Factory 2,,roll,
TIUB05Y1-153Z2,32,SMC Factory 2,,roll,
TIUB05Y1-153Z34,32,SMC Factory 2,,roll,
TIUB05Y1-20Z2,180,SMC Factory 2,,roll,
TIUB05Y1-20Z34,180,SMC Factory 2,,roll,
TIUB05Y1-33Z2,118,SMC Factory 2,,roll,
TIUB05Y1-33Z34,118,SMC Factory 2,,roll,
TIUB05Y-153,32,SMC Factory 2,,roll,
TIUB05Y-153Z1,32,SMC Factory 2,,roll,
TIUB05Y-153Z2,32,SMC Factory 2,,roll,
TIUB05Y-153Z34,32,SMC Factory 2,,roll,
TIUB05Y-20,180,SMC Factory 2,,roll,
TIUB05Y-20Z1,180,SMC Factory 2,,roll,
TIUB05Y-20Z2,180,SMC Factory 2,,roll,
TIUB05Y-20Z34,180,SMC Factory 2,,roll,
TIUB05Y2-100Z2,60,SMC Factory 2,,roll,
TIUB05Y2-100Z34,60,SMC Factory 2,,roll,
TIUB05Y2-153Z2,32,SMC Factory 2,,roll,
TIUB05Y2-153Z34,32,SMC Factory 2,,roll,
TIUB05Y2-20Z2,180,SMC Factory 2,,roll,
TIUB05Y2-20Z34,180,SMC Factory 2,,roll,
TIUB05Y2-33Z2,118,SMC Factory 2,,roll,
TIUB05Y2-33Z34,118,SMC Factory 2,,roll,
TIUB05Y3-100Z2,60,SMC Factory 2,,roll,
TIUB05Y3-100Z34,60,SMC Factory 2,,roll,
TIUB05Y3-153Z2,32,SMC Factory 2,,roll,
TIUB05Y3-153Z34,32,SMC Factory 2,,roll,
TIUB05Y3-20Z2,180,SMC Factory 2,,roll,
TIUB05Y3-20Z34,180,SMC Factory 2,,roll,
TIUB05Y-33,118,SMC Factory 2,,roll,
TIUB05Y3-33Z2,118,SMC Factory 2,,roll,
TIUB05Y3-33Z34,118,SMC Factory 2,,roll,
TIUB05Y-33Z1,118,SMC Factory 2,,roll,
TIUB05Y-33Z2,118,SMC Factory 2,,roll,
TIUB05Y-33Z34,118,SMC Factory 2,,roll,
TIUB05YR-100,60,SMC Factory 2,,roll,
TIUB05YR-100Z1,60,SMC Factory 2,,roll,
TIUB05YR-100Z2,60,SMC Factory 2,,roll,
TIUB05YR-100Z34,60,SMC Factory 2,,roll,
TIUB05YR1-100Z2,60,SMC Factory 2,,roll,
TIUB05YR1-100Z34,60,SMC Factory 2,,roll,
TIUB05YR1-153Z2,32,SMC Factory 2,,roll,
TIUB05YR1-153Z34,32,SMC Factory 2,,roll,
TIUB05YR1-20Z2,180,SMC Factory 2,,roll,
TIUB05YR1-20Z34,180,SMC Factory 2,,roll,
TIUB05YR1-33Z2,118,SMC Factory 2,,roll,
TIUB05YR1-33Z34,118,SMC Factory 2,,roll,
TIUB05YR-153,32,SMC Factory 2,,roll,
TIUB05YR-153Z1,32,SMC Factory 2,,roll,
TIUB05YR-153Z2,32,SMC Factory 2,,roll,
TIUB05YR-153Z34,32,SMC Factory 2,,roll,
TIUB05YR-20,180,SMC Factory 2,,roll,
TIUB05YR-20Z1,180,SMC Factory 2,,roll,
TIUB05YR-20Z2,180,SMC Factory 2,,roll,
TIUB05YR-20Z34,180,SMC Factory 2,,roll,
TIUB05YR2-100Z2,60,SMC Factory 2,,roll,
TIUB05YR2-100Z34,60,SMC Factory 2,,roll,
TIUB05YR2-153Z2,32,SMC Factory 2,,roll,
TIUB05YR2-153Z34,32,SMC Factory 2,,roll,
TIUB05YR2-20Z2,180,SMC Factory 2,,roll,
TIUB05YR2-20Z34,180,SMC Factory 2,,roll,
TIUB05YR2-33Z2,118,SMC Factory 2,,roll,
TIUB05YR2-33Z34,118,SMC Factory 2,,roll,
TIUB05YR-33,118,SMC Factory 2,,roll,
TIUB05YR-33Z1,118,SMC Factory 2,,roll,
TIUB05YR-33Z2,118,SMC Factory 2,,roll,
TIUB05YR-33Z34,118,SMC Factory 2,,roll,
TIUB07B-100,32,SMC Factory 2,,roll,
TIUB07B-100Z1,32,SMC Factory 2,,roll,
TIUB07B-100Z2,32,SMC Factory 2,,roll,
TIUB07B-100Z34,32,SMC Factory 2,,roll,
TIUB07B-153,20,SMC Factory 2,,roll,
TIUB07B-153Z1,20,SMC Factory 2,,roll,
TIUB07B-153Z2,20,SMC Factory 2,,roll,
TIUB07B-153Z34,20,SMC Factory 2,,roll,
TIUB07B-20,112,SMC Factory 2,,roll,
TIUB07B-20Z1,112,SMC Factory 2,,roll,
TIUB07B-20Z34,112,SMC Factory 2,,roll,
TIUB07B-33,72,SMC Factory 2,,roll,
TIUB07B-33Z1,72,SMC Factory 2,,roll,
TIUB07B-33Z2,72,SMC Factory 2,,roll,
TIUB07B-33Z34,72,SMC Factory 2,,roll,
TIUB07BR1-100Z2,32,SMC Factory 2,,roll,
TIUB07BR1-100Z34,32,SMC Factory 2,,roll,
TIUB07BR1-153Z2,20,SMC Factory 2,,roll,
TIUB07BR1-153Z34,20,SMC Factory 2,,roll,
TIUB07BR1-20Z2,112,SMC Factory 2,,roll,
TIUB07BR1-20Z34,112,SMC Factory 2,,roll,
TIUB07BR1-33Z2,72,SMC Factory 2,,roll,
TIUB07BR1-33Z34,72,SMC Factory 2,,roll,
TIUB07BU-100,32,SMC Factory 2,,roll,
TIUB07BU-100Z1,32,SMC Factory 2,,roll,
TIUB07BU-100Z2,32,SMC Factory 2,,roll,
TIUB07BU-100Z34,32,SMC Factory 2,,roll,
TIUB07BU1-100Z2,32,SMC Factory 2,,roll,
TIUB07BU1-100Z34,32,SMC Factory 2,,roll,
TIUB07BU1-153Z2,20,SMC Factory 2,,roll,
TIUB07BU1-153Z34,20,SMC Factory 2,,roll,
TIUB07BU1-20Z2,112,SMC Factory 2,,roll,
TIUB07BU1-20Z34,112,SMC Factory 2,,roll,
TIUB07BU1-33Z34,72,SMC Factory 2,,roll,
TIUB07BU-153,20,SMC Factory 2,,roll,
TIUB07BU-153Z1,20,SMC Factory 2,,roll,
TIUB07BU-153Z2,20,SMC Factory 2,,roll,
TIUB07BU-153Z34,20,SMC Factory 2,,roll,
TIUB07BU-20,112,SMC Factory 2,,roll,
TIUB07BU-20Z1,112,SMC Factory 2,,roll,
TIUB07BU-20Z34,112,SMC Factory 2,,roll,
TIUB07BU2-100Z2,32,SMC Factory 2,,roll,
TIUB07BU2-100Z34,32,SMC Factory 2,,roll,
TIUB07BU2-153Z2,20,SMC Factory 2,,roll,
TIUB07BU2-153Z34,20,SMC Factory 2,,roll,
TIUB07BU2-20Z2,112,SMC Factory 2,,roll,
TIUB07BU2-20Z34,112,SMC Factory 2,,roll,
TIUB07BU2-33Z2,72,SMC Factory 2,,roll,
TIUB07BU2-33Z34,72,SMC Factory 2,,roll,
TIUB07BU3-100Z2,32,SMC Factory 2,,roll,
TIUB07BU3-100Z34,32,SMC Factory 2,,roll,
TIUB07BU3-153Z2,20,SMC Factory 2,,roll,
TIUB07BU3-153Z34,20,SMC Factory 2,,roll,
TIUB07BU3-20Z2,112,SMC Factory 2,,roll,
TIUB07BU3-20Z34,112,SMC Factory 2,,roll,
TIUB07BU-33,72,SMC Factory 2,,roll,
TIUB07BU3-33Z2,72,SMC Factory 2,,roll,
TIUB07BU3-33Z34,72,SMC Factory 2,,roll,
TIUB07BU-33Z1,72,SMC Factory 2,,roll,
TIUB07BU-33Z2,72,SMC Factory 2,,roll,
TIUB07BU-33Z34,72,SMC Factory 2,,roll,
TIUB07C-100,32,SMC Factory 2,,roll,
TIUB07C-100Z2,32,SMC Factory 2,,roll,
TIUB07C-153,20,SMC Factory 2,,roll,
TIUB07C-20,112,SMC Factory 2,,roll,
TIUB07C-33,72,SMC Factory 2,,roll,
TIUB07G-100,32,SMC Factory 2,,roll,
TIUB07G-100Z1,32,SMC Factory 2,,roll,
TIUB07G-100Z2,32,SMC Factory 2,,roll,
TIUB07G-100Z34,32,SMC Factory 2,,roll,
TIUB07G1-100Z2,32,SMC Factory 2,,roll,
TIUB07G1-100Z34,32,SMC Factory 2,,roll,
TIUB07G1-153Z2,20,SMC Factory 2,,roll,
TIUB07G1-153Z34,20,SMC Factory 2,,roll,
TIUB07G1-20Z2,112,SMC Factory 2,,roll,
TIUB07G1-20Z34,112,SMC Factory 2,,roll,
TIUB07G1-33Z2,72,SMC Factory 2,,roll,
TIUB07G1-33Z34,72,SMC Factory 2,,roll,
TIUB07G-153,20,SMC Factory 2,,roll,
TIUB07G-153Z1,20,SMC Factory 2,,roll,
TIUB07G-153Z2,20,SMC Factory 2,,roll,
TIUB07G-153Z34,20,SMC Factory 2,,roll,
TIUB07G-20,112,SMC Factory 2,,roll,
TIUB07G-20Z1,112,SMC Factory 2,,roll,
TIUB07G-20Z2,112,SMC Factory 2,,roll,
TIUB07G-20Z34,112,SMC Factory 2,,roll,
TIUB07G2-100Z2,32,SMC Factory 2,,roll,
TIUB07G2-100Z34,32,SMC Factory 2,,roll,
TIUB07G2-153Z2,20,SMC Factory 2,,roll,
TIUB07G2-153Z34,20,SMC Factory 2,,roll,
TIUB07G2-20Z2,112,SMC Factory 2,,roll,
TIUB07G2-20Z34,112,SMC Factory 2,,roll,
TIUB07G2-33Z2,72,SMC Factory 2,,roll,
TIUB07G2-33Z34,72,SMC Factory 2,,roll,
TIUB07G3-100Z2,32,SMC Factory 2,,roll,
TIUB07G3-100Z34,32,SMC Factory 2,,roll,
TIUB07G3-153Z2,20,SMC Factory 2,,roll,
TIUB07G3-153Z34,20,SMC Factory 2,,roll,
TIUB07G3-20Z2,112,SMC Factory 2,,roll,
TIUB07G3-20Z34,112,SMC Factory 2,,roll,
TIUB07G-33,72,SMC Factory 2,,roll,
TIUB07G3-33Z2,72,SMC Factory 2,,roll,
TIUB07G3-33Z34,72,SMC Factory 2,,roll,
TIUB07G-33Z1,72,SMC Factory 2,,roll,
TIUB07G-33Z2,72,SMC Factory 2,,roll,
TIUB07G-33Z34,72,SMC Factory 2,,roll,
TIUB07G4-100Z2,32,SMC Factory 2,,roll,
TIUB07G4-100Z34,32,SMC Factory 2,,roll,
TIUB07G4-153Z2,20,SMC Factory 2,,roll,
TIUB07G4-153Z34,20,SMC Factory 2,,roll,
TIUB07G4-20Z2,112,SMC Factory 2,,roll,
TIUB07G4-20Z34,112,SMC Factory 2,,roll,
TIUB07G4-33Z2,72,SMC Factory 2,,roll,
TIUB07G4-33Z34,72,SMC Factory 2,,roll,
TIUB07GR1-100Z2,32,SMC Factory 2,,roll,
TIUB07GR1-100Z34,32,SMC Factory 2,,roll,
TIUB07GR1-153Z2,20,SMC Factory 2,,roll,
TIUB07GR1-153Z34,20,SMC Factory 2,,roll,
TIUB07GR1-20Z2,112,SMC Factory 2,,roll,
TIUB07GR1-20Z34,112,SMC Factory 2,,roll,
TIUB07GR1-33Z2,72,SMC Factory 2,,roll,
TIUB07GR1-33Z34,72,SMC Factory 2,,roll,
TIUB07GR2-100Z2,32,SMC Factory 2,,roll,
TIUB07GR2-100Z34,32,SMC Factory 2,,roll,
TIUB07GR2-153Z2,20,SMC Factory 2,,roll,
TIUB07GR2-153Z34,20,SMC Factory 2,,roll,
TIUB07GR2-20Z2,112,SMC Factory 2,,roll,
TIUB07GR2-20Z34,112,SMC Factory 2,,roll,
TIUB07GR2-33Z2,72,SMC Factory 2,,roll,
TIUB07GR2-33Z34,72,SMC Factory 2,,roll,
TIUB07P1-100Z2,32,SMC Factory 2,,roll,
TIUB07P1-100Z34,32,SMC Factory 2,,roll,
TIUB07P1-153Z2,20,SMC Factory 2,,roll,
TIUB07P1-153Z34,20,SMC Factory 2,,roll,
TIUB07P1-20Z2,112,SMC Factory 2,,roll,
TIUB07P1-20Z34,112,SMC Factory 2,,roll,
TIUB07P1-33Z2,72,SMC Factory 2,,roll,
TIUB07P1-33Z34,72,SMC Factory 2,,roll,
TIUB07P-33Z2,72,SMC Factory 2,,roll,
TIUB07PU1-100Z2,32,SMC Factory 2,,roll,
TIUB07PU1-100Z34,32,SMC Factory 2,,roll,
TIUB07PU1-153Z2,20,SMC Factory 2,,roll,
TIUB07PU1-153Z34,20,SMC Factory 2,,roll,
TIUB07PU1-20Z2,112,SMC Factory 2,,roll,
TIUB07PU1-20Z34,112,SMC Factory 2,,roll,
TIUB07PU1-33Z2,72,SMC Factory 2,,roll,
TIUB07PU1-33Z34,72,SMC Factory 2,,roll,
TIUB07PU2-100Z2,32,SMC Factory 2,,roll,
TIUB07PU2-100Z34,32,SMC Factory 2,,roll,
TIUB07PU2-153Z2,20,SMC Factory 2,,roll,
TIUB07PU2-153Z34,20,SMC Factory 2,,roll,
TIUB07PU2-20Z2,112,SMC Factory 2,,roll,
TIUB07PU2-20Z34,112,SMC Factory 2,,roll,
TIUB07PU2-33Z2,72,SMC Factory 2,,roll,
TIUB07PU2-33Z34,72,SMC Factory 2,,roll,
TIUB07R-100,32,SMC Factory 2,,roll,
TIUB07R-100Z1,32,SMC Factory 2,,roll,
TIUB07R-100Z2,32,SMC Factory 2,,roll,
TIUB07R-100Z34,32,SMC Factory 2,,roll,
TIUB07R1-100Z2,32,SMC Factory 2,,roll,
TIUB07R1-100Z34,32,SMC Factory 2,,roll,
TIUB07R1-153Z2,20,SMC Factory 2,,roll,
TIUB07R1-153Z34,20,SMC Factory 2,,roll,
TIUB07R1-20Z2,112,SMC Factory 2,,roll,
TIUB07R1-20Z34,112,SMC Factory 2,,roll,
TIUB07R1-33Z2,72,SMC Factory 2,,roll,
TIUB07R1-33Z34,72,SMC Factory 2,,roll,
TIUB07R-153,20,SMC Factory 2,,roll,
TIUB07R-153Z1,20,SMC Factory 2,,roll,
TIUB07R-153Z2,20,SMC Factory 2,,roll,
TIUB07R-153Z34,20,SMC Factory 2,,roll,
TIUB07R-20,112,SMC Factory 2,,roll,
TIUB07R-20Z1,112,SMC Factory 2,,roll,
TIUB07R-20Z2,112,SMC Factory 2,,roll,
TIUB07R-20Z34,112,SMC Factory 2,,roll,
TIUB07R2-100Z2,32,SMC Factory 2,,roll,
TIUB07R2-100Z34,32,SMC Factory 2,,roll,
TIUB07R2-153Z2,20,SMC Factory 2,,roll,
TIUB07R2-153Z34,20,SMC Factory 2,,roll,
TIUB07R2-20Z2,112,SMC Factory 2,,roll,
TIUB07R2-20Z34,112,SMC Factory 2,,roll,
TIUB07R2-33Z2,72,SMC Factory 2,,roll,
TIUB07R2-33Z34,72,SMC Factory 2,,roll,
TIUB07R-33,72,SMC Factory 2,,roll,
TIUB07R-33Z1,72,SMC Factory 2,,roll,
TIUB07R-33Z2,72,SMC Factory 2,,roll,
TIUB07R-33Z34,72,SMC Factory 2,,roll,
TIUB07S1-100Z2,32,SMC Factory 2,,roll,
TIUB07S1-100Z34,32,SMC Factory 2,,roll,
TIUB07S1-153Z2,20,SMC Factory 2,,roll,
TIUB07S1-153Z34,20,SMC Factory 2,,roll,
TIUB07S1-20Z2,112,SMC Factory 2,,roll,
TIUB07S1-20Z34,112,SMC Factory 2,,roll,
TIUB07S1-33Z2,72,SMC Factory 2,,roll,
TIUB07S1-33Z34,72,SMC Factory 2,,roll,
TIUB07S-33Z2,72,SMC Factory 2,,roll,
TIUB07W-100,32,SMC Factory 2,,roll,
TIUB07W-100Z1,32,SMC Factory 2,,roll,
TIUB07W-100Z2,32,SMC Factory 2,,roll,
TIUB07W-100Z34,32,SMC Factory 2,,roll,
TIUB07W-153,20,SMC Factory 2,,roll,
TIUB07W-153Z1,20,SMC Factory 2,,roll,
TIUB07W-153Z2,20,SMC Factory 2,,roll,
TIUB07W-153Z34,20,SMC Factory 2,,roll,
TIUB07W-20,112,SMC Factory 2,,roll,
TIUB07W-20Z1,112,SMC Factory 2,,roll,
TIUB07W-20Z2,112,SMC Factory 2,,roll,
TIUB07W-20Z34,112,SMC Factory 2,,roll,
TIUB07W-33,72,SMC Factory 2,,roll,
TIUB07W-33Z1,72,SMC Factory 2,,roll,
TIUB07W-33Z2,72,SMC Factory 2,,roll,
TIUB07W-33Z34,72,SMC Factory 2,,roll,
TIUB07Y-100,32,SMC Factory 2,,roll,
TIUB07Y-100Z1,32,SMC Factory 2,,roll,
TIUB07Y-100Z2,32,SMC Factory 2,,roll,
TIUB07Y-100Z34,32,SMC Factory 2,,roll,
TIUB07Y1-100Z2,32,SMC Factory 2,,roll,
TIUB07Y1-100Z34,32,SMC Factory 2,,roll,
TIUB07Y1-153Z2,20,SMC Factory 2,,roll,
TIUB07Y1-153Z34,20,SMC Factory 2,,roll,
TIUB07Y1-20Z2,112,SMC Factory 2,,roll,
TIUB07Y1-20Z34,112,SMC Factory 2,,roll,
TIUB07Y1-33Z2,72,SMC Factory 2,,roll,
TIUB07Y1-33Z34,72,SMC Factory 2,,roll,
TIUB07Y-153,20,SMC Factory 2,,roll,
TIUB07Y-153Z1,20,SMC Factory 2,,roll,
TIUB07Y-153Z2,20,SMC Factory 2,,roll,
TIUB07Y-153Z34,20,SMC Factory 2,,roll,
TIUB07Y-20,112,SMC Factory 2,,roll,
TIUB07Y-20Z1,112,SMC Factory 2,,roll,
TIUB07Y-20Z2,112,SMC Factory 2,,roll,
TIUB07Y-20Z34,112,SMC Factory 2,,roll,
TIUB07Y2-100Z2,32,SMC Factory 2,,roll,
TIUB07Y2-100Z34,32,SMC Factory 2,,roll,
TIUB07Y2-153Z2,20,SMC Factory 2,,roll,
TIUB07Y2-153Z34,20,SMC Factory 2,,roll,
TIUB07Y2-20Z2,112,SMC Factory 2,,roll,
TIUB07Y2-20Z34,112,SMC Factory 2,,roll,
TIUB07Y2-33Z2,72,SMC Factory 2,,roll,
TIUB07Y2-33Z34,72,SMC Factory 2,,roll,
TIUB07Y3-100Z2,32,SMC Factory 2,,roll,
TIUB07Y3-100Z34,32,SMC Factory 2,,roll,
TIUB07Y3-153Z2,20,SMC Factory 2,,roll,
TIUB07Y3-153Z34,20,SMC Factory 2,,roll,
TIUB07Y3-20Z2,112,SMC Factory 2,,roll,
TIUB07Y3-20Z34,112,SMC Factory 2,,roll,
TIUB07Y-33,72,SMC Factory 2,,roll,
TIUB07Y3-33Z2,72,SMC Factory 2,,roll,
TIUB07Y3-33Z34,72,SMC Factory 2,,roll,
TIUB07Y-33Z1,72,SMC Factory 2,,roll,
TIUB07Y-33Z34,72,SMC Factory 2,,roll,
TIUB07YR-100,32,SMC Factory 2,,roll,
TIUB07YR-100Z1,32,SMC Factory 2,,roll,
TIUB07YR-100Z2,32,SMC Factory 2,,roll,
TIUB07YR-100Z34,32,SMC Factory 2,,roll,
TIUB07YR1-100Z2,32,SMC Factory 2,,roll,
TIUB07YR1-100Z34,32,SMC Factory 2,,roll,
TIUB07YR1-153Z2,20,SMC Factory 2,,roll,
TIUB07YR1-153Z34,20,SMC Factory 2,,roll,
TIUB07YR1-20Z2,112,SMC Factory 2,,roll,
TIUB07YR1-20Z34,112,SMC Factory 2,,roll,
TIUB07YR1-33Z2,72,SMC Factory 2,,roll,
TIUB07YR1-33Z34,72,SMC Factory 2,,roll,
TIUB07YR-153,20,SMC Factory 2,,roll,
TIUB07YR-153Z1,20,SMC Factory 2,,roll,
TIUB07YR-153Z2,20,SMC Factory 2,,roll,
TIUB07YR-153Z34,20,SMC Factory 2,,roll,
TIUB07YR-20,112,SMC Factory 2,,roll,
TIUB07YR-20Z1,112,SMC Factory 2,,roll,
TIUB07YR-20Z2,112,SMC Factory 2,,roll,
TIUB07YR-20Z34,112,SMC Factory 2,,roll,
TIUB07YR2-100Z2,32,SMC Factory 2,,roll,
TIUB07YR2-100Z34,32,SMC Factory 2,,roll,
TIUB07YR2-153Z2,20,SMC Factory 2,,roll,
TIUB07YR2-153Z34,20,SMC Factory 2,,roll,
TIUB07YR2-20Z2,112,SMC Factory 2,,roll,
TIUB07YR2-20Z34,112,SMC Factory 2,,roll,
TIUB07YR2-33Z2,72,SMC Factory 2,,roll,
TIUB07YR2-33Z34,72,SMC Factory 2,,roll,
TIUB07YR-33,72,SMC Factory 2,,roll,
TIUB07YR-33Z1,72,SMC Factory 2,,roll,
TIUB07YR-33Z2,72,SMC Factory 2,,roll,
TIUB07YR-33Z34,72,SMC Factory 2,,roll,
TIUB11B-100,12,SMC Factory 2,,roll,
TIUB11B-100Z1,12,SMC Factory 2,,roll,
TIUB11B-100Z34,12,SMC Factory 2,,roll,
TIUB11B-153,3,SMC Factory 2,,roll,
TIUB11B-153Z1,3,SMC Factory 2,,roll,
TIUB11B-153Z2,3,SMC Factory 2,,roll,
TIUB11B-153Z34,3,SMC Factory 2,,roll,
TIUB11B-20,58,SMC Factory 2,,roll,
TIUB11B-20Z1,58,SMC Factory 2,,roll,
TIUB11B-20Z34,58,SMC Factory 2,,roll,
TIUB11B-33,44,SMC Factory 2,,roll,
TIUB11B-33Z1,44,SMC Factory 2,,roll,
TIUB11B-33Z34,44,SMC Factory 2,,roll,
TIUB11BR1-100Z2,12,SMC Factory 2,,roll,
TIUB11BR1-100Z34,12,SMC Factory 2,,roll,
TIUB11BR1-153Z2,3,SMC Factory 2,,roll,
TIUB11BR1-153Z34,3,SMC Factory 2,,roll,
TIUB11BR1-20Z2,58,SMC Factory 2,,roll,
TIUB11BR1-20Z34,58,SMC Factory 2,,roll,
TIUB11BR1-33Z2,44,SMC Factory 2,,roll,
TIUB11BR1-33Z34,44,SMC Factory 2,,roll,
TIUB11BU-100,12,SMC Factory 2,,roll,
TIUB11BU-100Z1,12,SMC Factory 2,,roll,
TIUB11BU-100Z34,12,SMC Factory 2,,roll,
TIUB11BU1-100Z2,12,SMC Factory 2,,roll,
TIUB11BU1-100Z34,12,SMC Factory 2,,roll,
TIUB11BU1-153Z2,3,SMC Factory 2,,roll,
TIUB11BU1-153Z34,3,SMC Factory 2,,roll,
TIUB11BU1-20Z2,58,SMC Factory 2,,roll,
TIUB11BU1-20Z34,58,SMC Factory 2,,roll,
TIUB11BU1-33Z2,44,SMC Factory 2,,roll,
TIUB11BU1-33Z34,44,SMC Factory 2,,roll,
TIUB11BU-153,3,SMC Factory 2,,roll,
TIUB11BU-153Z1,3,SMC Factory 2,,roll,
TIUB11BU-153Z34,3,SMC Factory 2,,roll,
TIUB11BU-20,58,SMC Factory 2,,roll,
TIUB11BU-20Z1,58,SMC Factory 2,,roll,
TIUB11BU-20Z34,58,SMC Factory 2,,roll,
TIUB11BU2-100Z2,12,SMC Factory 2,,roll,
TIUB11BU2-100Z34,12,SMC Factory 2,,roll,
TIUB11BU2-153Z34,3,SMC Factory 2,,roll,
TIUB11BU2-20Z2,58,SMC Factory 2,,roll,
TIUB11BU2-20Z34,58,SMC Factory 2,,roll,
TIUB11BU2-33Z34,44,SMC Factory 2,,roll,
TIUB11BU3-100Z2,12,SMC Factory 2,,roll,
TIUB11BU3-100Z34,12,SMC Factory 2,,roll,
TIUB11BU3-153Z2,3,SMC Factory 2,,roll,
TIUB11BU3-153Z34,3,SMC Factory 2,,roll,
TIUB11BU3-20Z2,58,SMC Factory 2,,roll,
TIUB11BU3-20Z34,58,SMC Factory 2,,roll,
TIUB11BU-33,44,SMC Factory 2,,roll,
TIUB11BU3-33Z2,44,SMC Factory 2,,roll,
TIUB11BU3-33Z34,44,SMC Factory 2,,roll,
TIUB11BU-33Z1,44,SMC Factory 2,,roll,
TIUB11BU-33Z34,44,SMC Factory 2,,roll,
TIUB11C-100,12,SMC Factory 2,,roll,
TIUB11C-100Z2,12,SMC Factory 2,,roll,
TIUB11C-153,3,SMC Factory 2,,roll,
TIUB11C-153Z2,3,SMC Factory 2,,roll,
TIUB11C-20,58,SMC Factory 2,,roll,
TIUB11C-20Z2,58,SMC Factory 2,,roll,
TIUB11C-33,44,SMC Factory 2,,roll,
TIUB11C-33Z2,44,SMC Factory 2,,roll,
TIUB11G-100,12,SMC Factory 2,,roll,
TIUB11G-100Z1,12,SMC Factory 2,,roll,
TIUB11G-100Z2,12,SMC Factory 2,,roll,
TIUB11G-100Z34,12,SMC Factory 2,,roll,
TIUB11G1-100Z2,12,SMC Factory 2,,roll,
TIUB11G1-100Z34,12,SMC Factory 2,,roll,
TIUB11G1-153Z2,3,SMC Factory 2,,roll,
TIUB11G1-153Z34,3,SMC Factory 2,,roll,
TIUB11G1-20Z2,58,SMC Factory 2,,roll,
TIUB11G1-20Z34,58,SMC Factory 2,,roll,
TIUB11G1-33Z2,44,SMC Factory 2,,roll,
TIUB11G1-33Z34,44,SMC Factory 2,,roll,
TIUB11G-153,3,SMC Factory 2,,roll,
TIUB11G-153Z1,3,SMC Factory 2,,roll,
TIUB11G-153Z2,3,SMC Factory 2,,roll,
TIUB11G-153Z34,3,SMC Factory 2,,roll,
TIUB11G-20,58,SMC Factory 2,,roll,
TIUB11G-20Z1,58,SMC Factory 2,,roll,
TIUB11G-20Z2,58,SMC Factory 2,,roll,
TIUB11G-20Z34,58,SMC Factory 2,,roll,
TIUB11G2-100Z2,12,SMC Factory 2,,roll,
TIUB11G2-100Z34,12,SMC Factory 2,,roll,
TIUB11G2-153Z2,3,SMC Factory 2,,roll,
TIUB11G2-153Z34,3,SMC Factory 2,,roll,
TIUB11G2-20Z2,58,SMC Factory 2,,roll,
TIUB11G2-20Z34,58,SMC Factory 2,,roll,
TIUB11G2-33Z2,44,SMC Factory 2,,roll,
TIUB11G2-33Z34,44,SMC Factory 2,,roll,
TIUB11G3-100Z2,12,SMC Factory 2,,roll,
TIUB11G3-100Z34,12,SMC Factory 2,,roll,
TIUB11G3-153Z2,3,SMC Factory 2,,roll,
TIUB11G3-153Z34,3,SMC Factory 2,,roll,
TIUB11G3-20Z2,58,SMC Factory 2,,roll,
TIUB11G3-20Z34,58,SMC Factory 2,,roll,
TIUB11G-33,44,SMC Factory 2,,roll,
TIUB11G3-33Z2,44,SMC Factory 2,,roll,
TIUB11G3-33Z34,44,SMC Factory 2,,roll,
TIUB11G-33Z1,44,SMC Factory 2,,roll,
TIUB11G-33Z2,44,SMC Factory 2,,roll,
TIUB11G-33Z34,44,SMC Factory 2,,roll,
TIUB11G4-100Z2,12,SMC Factory 2,,roll,
TIUB11G4-100Z34,12,SMC Factory 2,,roll,
TIUB11G4-153Z2,3,SMC Factory 2,,roll,
TIUB11G4-153Z34,3,SMC Factory 2,,roll,
TIUB11G4-20Z2,58,SMC Factory 2,,roll,
TIUB11G4-20Z34,58,SMC Factory 2,,roll,
TIUB11G4-33Z34,44,SMC Factory 2,,roll,
TIUB11GR1-100Z2,12,SMC Factory 2,,roll,
TIUB11GR1-100Z34,12,SMC Factory 2,,roll,
TIUB11GR1-153Z2,3,SMC Factory 2,,roll,
TIUB11GR1-153Z34,3,SMC Factory 2,,roll,
TIUB11GR1-20Z2,58,SMC Factory 2,,roll,
TIUB11GR1-20Z34,58,SMC Factory 2,,roll,
TIUB11GR1-33Z2,44,SMC Factory 2,,roll,
TIUB11GR1-33Z34,44,SMC Factory 2,,roll,
TIUB11GR2-100Z2,12,SMC Factory 2,,roll,
TIUB11GR2-100Z34,12,SMC Factory 2,,roll,
TIUB11GR2-153Z2,3,SMC Factory 2,,roll,
TIUB11GR2-153Z34,3,SMC Factory 2,,roll,
TIUB11GR2-20Z2,58,SMC Factory 2,,roll,
TIUB11GR2-20Z34,58,SMC Factory 2,,roll,
TIUB11GR2-33Z2,44,SMC Factory 2,,roll,
TIUB11GR2-33Z34,44,SMC Factory 2,,roll,
TIUB11P1-100Z2,12,SMC Factory 2,,roll,
TIUB11P1-100Z34,12,SMC Factory 2,,roll,
TIUB11P1-153Z2,3,SMC Factory 2,,roll,
TIUB11P1-153Z34,3,SMC Factory 2,,roll,
TIUB11P1-20Z2,58,SMC Factory 2,,roll,
TIUB11P1-20Z34,58,SMC Factory 2,,roll,
TIUB11P1-33Z2,44,SMC Factory 2,,roll,
TIUB11P1-33Z34,44,SMC Factory 2,,roll,
TIUB11P-33Z2,44,SMC Factory 2,,roll,
TIUB11PU1-100Z2,12,SMC Factory 2,,roll,
TIUB11PU1-100Z34,12,SMC Factory 2,,roll,
TIUB11PU1-153Z2,3,SMC Factory 2,,roll,
TIUB11PU1-153Z34,3,SMC Factory 2,,roll,
TIUB11PU1-20Z2,58,SMC Factory 2,,roll,
TIUB11PU1-20Z34,58,SMC Factory 2,,roll,
TIUB11PU1-33Z2,44,SMC Factory 2,,roll,
TIUB11PU1-33Z34,44,SMC Factory 2,,roll,
TIUB11PU2-100Z2,12,SMC Factory 2,,roll,
TIUB11PU2-100Z34,12,SMC Factory 2,,roll,
TIUB11PU2-153Z2,3,SMC Factory 2,,roll,
TIUB11PU2-153Z34,3,SMC Factory 2,,roll,
TIUB11PU2-20Z2,58,SMC Factory 2,,roll,
TIUB11PU2-20Z34,58,SMC Factory 2,,roll,
TIUB11PU2-33Z2,44,SMC Factory 2,,roll,
TIUB11PU2-33Z34,44,SMC Factory 2,,roll,
TIUB11R-100,12,SMC Factory 2,,roll,
TIUB11R-100Z1,12,SMC Factory 2,,roll,
TIUB11R-100Z2,12,SMC Factory 2,,roll,
TIUB11R-100Z34,12,SMC Factory 2,,roll,
TIUB11R1-100Z2,12,SMC Factory 2,,roll,
TIUB11R1-100Z34,12,SMC Factory 2,,roll,
TIUB11R1-153Z2,3,SMC Factory 2,,roll,
TIUB11R1-153Z34,3,SMC Factory 2,,roll,
TIUB11R1-20Z2,58,SMC Factory 2,,roll,
TIUB11R1-20Z34,58,SMC Factory 2,,roll,
TIUB11R1-33Z2,44,SMC Factory 2,,roll,
TIUB11R1-33Z34,44,SMC Factory 2,,roll,
TIUB11R-153,3,SMC Factory 2,,roll,
TIUB11R-153Z1,3,SMC Factory 2,,roll,
TIUB11R-153Z34,3,SMC Factory 2,,roll,
TIUB11R-20,58,SMC Factory 2,,roll,
TIUB11R-20Z1,58,SMC Factory 2,,roll,
TIUB11R-20Z2,58,SMC Factory 2,,roll,
TIUB11R-20Z34,58,SMC Factory 2,,roll,
TIUB11R2-100Z2,12,SMC Factory 2,,roll,
TIUB11R2-100Z34,12,SMC Factory 2,,roll,
TIUB11R2-153Z2,3,SMC Factory 2,,roll,
TIUB11R2-153Z34,3,SMC Factory 2,,roll,
TIUB11R2-20Z2,58,SMC Factory 2,,roll,
TIUB11R2-20Z34,58,SMC Factory 2,,roll,
TIUB11R2-33Z2,44,SMC Factory 2,,roll,
TIUB11R2-33Z34,44,SMC Factory 2,,roll,
TIUB11R-33,44,SMC Factory 2,,roll,
TIUB11R-33Z1,44,SMC Factory 2,,roll,
TIUB11R-33Z2,44,SMC Factory 2,,roll,
TIUB11R-33Z34,44,SMC Factory 2,,roll,
TIUB11S1-100Z2,12,SMC Factory 2,,roll,
TIUB11S1-100Z34,12,SMC Factory 2,,roll,
TIUB11S1-153Z2,3,SMC Factory 2,,roll,
TIUB11S1-153Z34,3,SMC Factory 2,,roll,
TIUB11S1-20Z2,58,SMC Factory 2,,roll,
TIUB11S1-20Z34,58,SMC Factory 2,,roll,
TIUB11S1-33Z2,44,SMC Factory 2,,roll,
TIUB11S1-33Z34,44,SMC Factory 2,,roll,
TIUB11S-33Z2,44,SMC Factory 2,,roll,
TIUB11W-100,12,SMC Factory 2,,roll,
TIUB11W-100Z1,12,SMC Factory 2,,roll,
TIUB11W-100Z2,12,SMC Factory 2,,roll,
TIUB11W-100Z34,12,SMC Factory 2,,roll,
TIUB11W-153,3,SMC Factory 2,,roll,
TIUB11W-153Z1,3,SMC Factory 2,,roll,
TIUB11W-153Z2,3,SMC Factory 2,,roll,
TIUB11W-153Z34,3,SMC Factory 2,,roll,
TIUB11W-20,58,SMC Factory 2,,roll,
TIUB11W-20Z1,58,SMC Factory 2,,roll,
TIUB11W-20Z2,58,SMC Factory 2,,roll,
TIUB11W-20Z34,58,SMC Factory 2,,roll,
TIUB11W-33,44,SMC Factory 2,,roll,
TIUB11W-33Z1,44,SMC Factory 2,,roll,
TIUB11W-33Z2,44,SMC Factory 2,,roll,
TIUB11W-33Z34,44,SMC Factory 2,,roll,
TIUB11Y-100,12,SMC Factory 2,,roll,
TIUB11Y-100Z1,12,SMC Factory 2,,roll,
TIUB11Y-100Z2,12,SMC Factory 2,,roll,
TIUB11Y-100Z34,12,SMC Factory 2,,roll,
TIUB11Y1-100Z2,12,SMC Factory 2,,roll,
TIUB11Y1-100Z34,12,SMC Factory 2,,roll,
TIUB11Y1-153Z2,3,SMC Factory 2,,roll,
TIUB11Y1-153Z34,3,SMC Factory 2,,roll,
TIUB11Y1-20Z2,58,SMC Factory 2,,roll,
TIUB11Y1-20Z34,58,SMC Factory 2,,roll,
TIUB11Y1-33Z2,44,SMC Factory 2,,roll,
TIUB11Y1-33Z34,44,SMC Factory 2,,roll,
TIUB11Y-153,3,SMC Factory 2,,roll,
TIUB11Y-153Z1,3,SMC Factory 2,,roll,
TIUB11Y-153Z2,3,SMC Factory 2,,roll,
TIUB11Y-153Z34,3,SMC Factory 2,,roll,
TIUB11Y-20,58,SMC Factory 2,,roll,
TIUB11Y-20Z1,58,SMC Factory 2,,roll,
TIUB11Y-20Z2,58,SMC Factory 2,,roll,
TIUB11Y-20Z34,58,SMC Factory 2,,roll,
TIUB11Y2-100Z2,12,SMC Factory 2,,roll,
TIUB11Y2-100Z34,12,SMC Factory 2,,roll,
TIUB11Y2-153Z2,3,SMC Factory 2,,roll,
TIUB11Y2-153Z34,3,SMC Factory 2,,roll,
TIUB11Y2-20Z2,58,SMC Factory 2,,roll,
TIUB11Y2-20Z34,58,SMC Factory 2,,roll,
TIUB11Y2-33Z2,44,SMC Factory 2,,roll,
TIUB11Y2-33Z34,44,SMC Factory 2,,roll,
TIUB11Y3-100Z2,12,SMC Factory 2,,roll,
TIUB11Y3-100Z34,12,SMC Factory 2,,roll,
TIUB11Y3-153Z2,3,SMC Factory 2,,roll,
TIUB11Y3-153Z34,3,SMC Factory 2,,roll,
TIUB11Y3-20Z2,58,SMC Factory 2,,roll,
TIUB11Y3-20Z34,58,SMC Factory 2,,roll,
TIUB11Y-33,44,SMC Factory 2,,roll,
TIUB11Y3-33Z2,44,SMC Factory 2,,roll,
TIUB11Y3-33Z34,44,SMC Factory 2,,roll,
TIUB11Y-33Z1,44,SMC Factory 2,,roll,
TIUB11Y-33Z2,44,SMC Factory 2,,roll,
TIUB11Y-33Z34,44,SMC Factory 2,,roll,
TIUB11YR-100,12,SMC Factory 2,,roll,
TIUB11YR-100Z1,12,SMC Factory 2,,roll,
TIUB11YR-100Z2,12,SMC Factory 2,,roll,
TIUB11YR-100Z34,12,SMC Factory 2,,roll,
TIUB11YR1-100Z2,12,SMC Factory 2,,roll,
TIUB11YR1-100Z34,12,SMC Factory 2,,roll,
TIUB11YR1-153Z2,3,SMC Factory 2,,roll,
TIUB11YR1-153Z34,3,SMC Factory 2,,roll,
TIUB11YR1-20Z2,58,SMC Factory 2,,roll,
TIUB11YR1-20Z34,58,SMC Factory 2,,roll,
TIUB11YR1-33Z2,44,SMC Factory 2,,roll,
TIUB11YR1-33Z34,44,SMC Factory 2,,roll,
TIUB11YR-153,3,SMC Factory 2,,roll,
TIUB11YR-153Z1,3,SMC Factory 2,,roll,
TIUB11YR-153Z2,3,SMC Factory 2,,roll,
TIUB11YR-153Z34,3,SMC Factory 2,,roll,
TIUB11YR-20,58,SMC Factory 2,,roll,
TIUB11YR-20Z1,58,SMC Factory 2,,roll,
TIUB11YR-20Z2,58,SMC Factory 2,,roll,
TIUB11YR-20Z34,58,SMC Factory 2,,roll,
TIUB11YR2-100Z2,12,SMC Factory 2,,roll,
TIUB11YR2-100Z34,12,SMC Factory 2,,roll,
TIUB11YR2-153Z2,3,SMC Factory 2,,roll,
TIUB11YR2-153Z34,3,SMC Factory 2,,roll,
TIUB11YR2-20Z2,58,SMC Factory 2,,roll,
TIUB11YR2-20Z34,58,SMC Factory 2,,roll,
TIUB11YR2-33Z2,44,SMC Factory 2,,roll,
TIUB11YR2-33Z34,44,SMC Factory 2,,roll,
TIUB11YR-33,44,SMC Factory 2,,roll,
TIUB11YR-33Z1,44,SMC Factory 2,,roll,
TIUB11YR-33Z2,44,SMC Factory 2,,roll,
TIUB11YR-33Z34,44,SMC Factory 2,,roll,
TIUB13B-100,8,SMC Factory 2,,roll,
TIUB13B-100Z1,8,SMC Factory 2,,roll,
TIUB13B-100Z2,8,SMC Factory 2,,roll,
TIUB13B-100Z34,8,SMC Factory 2,,roll,
TIUB13B-153,2,SMC Factory 2,,roll,
TIUB13B-153Z1,2,SMC Factory 2,,roll,
TIUB13B-153Z2,2,SMC Factory 2,,roll,
TIUB13B-153Z34,2,SMC Factory 2,,roll,
TIUB13B-20,34,SMC Factory 2,,roll,
TIUB13B-20Z1,34,SMC Factory 2,,roll,
TIUB13B-20Z34,34,SMC Factory 2,,roll,
TIUB13B-33,22,SMC Factory 2,,roll,
TIUB13B-33Z1,22,SMC Factory 2,,roll,
TIUB13B-33Z2,22,SMC Factory 2,,roll,
TIUB13B-33Z34,22,SMC Factory 2,,roll,
TIUB13BR1-100Z2,8,SMC Factory 2,,roll,
TIUB13BR1-100Z34,8,SMC Factory 2,,roll,
TIUB13BR1-153Z2,2,SMC Factory 2,,roll,
TIUB13BR1-153Z34,2,SMC Factory 2,,roll,
TIUB13BR1-20Z2,34,SMC Factory 2,,roll,
TIUB13BR1-20Z34,34,SMC Factory 2,,roll,
TIUB13BR1-33Z2,22,SMC Factory 2,,roll,
TIUB13BR1-33Z34,22,SMC Factory 2,,roll,
TIUB13BU-100,8,SMC Factory 2,,roll,
TIUB13BU-100Z1,8,SMC Factory 2,,roll,
TIUB13BU-100Z34,8,SMC Factory 2,,roll,
TIUB13BU1-100Z2,8,SMC Factory 2,,roll,
TIUB13BU1-100Z34,8,SMC Factory 2,,roll,
TIUB13BU1-153Z2,2,SMC Factory 2,,roll,
TIUB13BU1-153Z34,2,SMC Factory 2,,roll,
TIUB13BU1-20Z2,34,SMC Factory 2,,roll,
TIUB13BU1-20Z34,34,SMC Factory 2,,roll,
TIUB13BU1-33Z2,22,SMC Factory 2,,roll,
TIUB13BU1-33Z34,22,SMC Factory 2,,roll,
TIUB13BU-153,2,SMC Factory 2,,roll,
TIUB13BU-153Z1,2,SMC Factory 2,,roll,
TIUB13BU-153Z2,2,SMC Factory 2,,roll,
TIUB13BU-153Z34,2,SMC Factory 2,,roll,
TIUB13BU-20,34,SMC Factory 2,,roll,
TIUB13BU-20Z1,34,SMC Factory 2,,roll,
TIUB13BU-20Z34,34,SMC Factory 2,,roll,
TIUB13BU2-100Z2,8,SMC Factory 2,,roll,
TIUB13BU2-100Z34,8,SMC Factory 2,,roll,
TIUB13BU2-153Z2,2,SMC Factory 2,,roll,
TIUB13BU2-153Z34,2,SMC Factory 2,,roll,
TIUB13BU2-20Z2,34,SMC Factory 2,,roll,
TIUB13BU2-20Z34,34,SMC Factory 2,,roll,
TIUB13BU2-33Z2,22,SMC Factory 2,,roll,
TIUB13BU2-33Z34,22,SMC Factory 2,,roll,
TIUB13BU3-100Z2,8,SMC Factory 2,,roll,
TIUB13BU3-100Z34,8,SMC Factory 2,,roll,
TIUB13BU3-153Z2,2,SMC Factory 2,,roll,
TIUB13BU3-153Z34,2,SMC Factory 2,,roll,
TIUB13BU3-20Z2,34,SMC Factory 2,,roll,
TIUB13BU3-20Z34,34,SMC Factory 2,,roll,
TIUB13BU-33,22,SMC Factory 2,,roll,
TIUB13BU3-33Z2,22,SMC Factory 2,,roll,
TIUB13BU3-33Z34,22,SMC Factory 2,,roll,
TIUB13BU-33Z1,22,SMC Factory 2,,roll,
TIUB13BU-33Z2,22,SMC Factory 2,,roll,
TIUB13BU-33Z34,22,SMC Factory 2,,roll,
TIUB13C-100,8,SMC Factory 2,,roll,
TIUB13C-153,2,SMC Factory 2,,roll,
TIUB13C-153Z2,2,SMC Factory 2,,roll,
TIUB13C-20,34,SMC Factory 2,,roll,
TIUB13C-33,22,SMC Factory 2,,roll,
TIUB13G-100,8,SMC Factory 2,,roll,
TIUB13G-100Z1,8,SMC Factory 2,,roll,
TIUB13G-100Z2,8,SMC Factory 2,,roll,
TIUB13G-100Z34,8,SMC Factory 2,,roll,
TIUB13G1-100Z2,8,SMC Factory 2,,roll,
TIUB13G1-100Z34,8,SMC Factory 2,,roll,
TIUB13G1-153Z2,2,SMC Factory 2,,roll,
TIUB13G1-153Z34,2,SMC Factory 2,,roll,
TIUB13G1-20Z2,34,SMC Factory 2,,roll,
TIUB13G1-20Z34,34,SMC Factory 2,,roll,
TIUB13G1-33Z2,22,SMC Factory 2,,roll,
TIUB13G1-33Z34,22,SMC Factory 2,,roll,
TIUB13G-153,2,SMC Factory 2,,roll,
TIUB13G-153Z1,2,SMC Factory 2,,roll,
TIUB13G-153Z34,2,SMC Factory 2,,roll,
TIUB13G-20,34,SMC Factory 2,,roll,
TIUB13G-20Z1,34,SMC Factory 2,,roll,
TIUB13G-20Z2,34,SMC Factory 2,,roll,
TIUB13G-20Z34,34,SMC Factory 2,,roll,
TIUB13G2-100Z2,8,SMC Factory 2,,roll,
TIUB13G2-100Z34,8,SMC Factory 2,,roll,
TIUB13G2-153Z2,2,SMC Factory 2,,roll,
TIUB13G2-153Z34,2,SMC Factory 2,,roll,
TIUB13G2-20Z2,34,SMC Factory 2,,roll,
TIUB13G2-20Z34,34,SMC Factory 2,,roll,
TIUB13G2-33Z2,22,SMC Factory 2,,roll,
TIUB13G2-33Z34,22,SMC Factory 2,,roll,
TIUB13G3-100Z2,8,SMC Factory 2,,roll,
TIUB13G3-100Z34,8,SMC Factory 2,,roll,
TIUB13G3-153Z2,2,SMC Factory 2,,roll,
TIUB13G3-153Z34,2,SMC Factory 2,,roll,
TIUB13G3-20Z2,34,SMC Factory 2,,roll,
TIUB13G3-20Z34,34,SMC Factory 2,,roll,
TIUB13G-33,22,SMC Factory 2,,roll,
TIUB13G3-33Z2,22,SMC Factory 2,,roll,
TIUB13G3-33Z34,22,SMC Factory 2,,roll,
TIUB13G-33Z1,22,SMC Factory 2,,roll,
TIUB13G-33Z2,22,SMC Factory 2,,roll,
TIUB13G-33Z34,22,SMC Factory 2,,roll,
TIUB13G4-100Z2,8,SMC Factory 2,,roll,
TIUB13G4-100Z34,8,SMC Factory 2,,roll,
TIUB13G4-153Z2,2,SMC Factory 2,,roll,
TIUB13G4-153Z34,2,SMC Factory 2,,roll,
TIUB13G4-20Z34,34,SMC Factory 2,,roll,
TIUB13G4-33Z2,22,SMC Factory 2,,roll,
TIUB13G4-33Z34,22,SMC Factory 2,,roll,
TIUB13GR1-100Z2,8,SMC Factory 2,,roll,
TIUB13GR1-100Z34,8,SMC Factory 2,,roll,
TIUB13GR1-153Z34,2,SMC Factory 2,,roll,
TIUB13GR1-20Z34,34,SMC Factory 2,,roll,
TIUB13GR1-33Z2,22,SMC Factory 2,,roll,
TIUB13GR1-33Z34,22,SMC Factory 2,,roll,
TIUB13GR2-100Z2,8,SMC Factory 2,,roll,
TIUB13GR2-100Z34,8,SMC Factory 2,,roll,
TIUB13GR2-153Z2,2,SMC Factory 2,,roll,
TIUB13GR2-153Z34,2,SMC Factory 2,,roll,
TIUB13GR2-20Z2,34,SMC Factory 2,,roll,
TIUB13GR2-20Z34,34,SMC Factory 2,,roll,
TIUB13GR2-33Z2,22,SMC Factory 2,,roll,
TIUB13GR2-33Z34,22,SMC Factory 2,,roll,
TIUB13P1-100Z2,8,SMC Factory 2,,roll,
TIUB13P1-100Z34,8,SMC Factory 2,,roll,
TIUB13P1-153Z2,2,SMC Factory 2,,roll,
TIUB13P1-153Z34,2,SMC Factory 2,,roll,
TIUB13P1-20Z2,34,SMC Factory 2,,roll,
TIUB13P1-20Z34,34,SMC Factory 2,,roll,
TIUB13P1-33Z2,22,SMC Factory 2,,roll,
TIUB13P1-33Z34,22,SMC Factory 2,,roll,
TIUB13P-33Z2,22,SMC Factory 2,,roll,
TIUB13PU1-100Z2,8,SMC Factory 2,,roll,
TIUB13PU1-100Z34,8,SMC Factory 2,,roll,
TIUB13PU1-153Z2,2,SMC Factory 2,,roll,
TIUB13PU1-153Z34,2,SMC Factory 2,,roll,
TIUB13PU1-20Z2,34,SMC Factory 2,,roll,
TIUB13PU1-20Z34,34,SMC Factory 2,,roll,
TIUB13PU1-33Z2,22,SMC Factory 2,,roll,
TIUB13PU1-33Z34,22,SMC Factory 2,,roll,
TIUB13PU2-100Z2,8,SMC Factory 2,,roll,
TIUB13PU2-100Z34,8,SMC Factory 2,,roll,
TIUB13PU2-153Z2,2,SMC Factory 2,,roll,
TIUB13PU2-153Z34,2,SMC Factory 2,,roll,
TIUB13PU2-20Z2,34,SMC Factory 2,,roll,
TIUB13PU2-20Z34,34,SMC Factory 2,,roll,
TIUB13PU2-33Z2,22,SMC Factory 2,,roll,
TIUB13PU2-33Z34,22,SMC Factory 2,,roll,
TIUB13R-100,8,SMC Factory 2,,roll,
TIUB13R-100Z1,8,SMC Factory 2,,roll,
TIUB13R-100Z2,8,SMC Factory 2,,roll,
TIUB13R-100Z34,8,SMC Factory 2,,roll,
TIUB13R1-100Z2,8,SMC Factory 2,,roll,
TIUB13R1-100Z34,8,SMC Factory 2,,roll,
TIUB13R1-153Z2,2,SMC Factory 2,,roll,
TIUB13R1-153Z34,2,SMC Factory 2,,roll,
TIUB13R1-20Z2,34,SMC Factory 2,,roll,
TIUB13R1-20Z34,34,SMC Factory 2,,roll,
TIUB13R1-33Z2,22,SMC Factory 2,,roll,
TIUB13R1-33Z34,22,SMC Factory 2,,roll,
TIUB13R-153,2,SMC Factory 2,,roll,
TIUB13R-153Z1,2,SMC Factory 2,,roll,
TIUB13R-153Z2,2,SMC Factory 2,,roll,
TIUB13R-153Z34,2,SMC Factory 2,,roll,
TIUB13R-20,34,SMC Factory 2,,roll,
TIUB13R-20Z1,34,SMC Factory 2,,roll,
TIUB13R-20Z2,34,SMC Factory 2,,roll,
TIUB13R-20Z34,34,SMC Factory 2,,roll,
TIUB13R2-100Z2,8,SMC Factory 2,,roll,
TIUB13R2-100Z34,8,SMC Factory 2,,roll,
TIUB13R2-153Z2,2,SMC Factory 2,,roll,
TIUB13R2-153Z34,2,SMC Factory 2,,roll,
TIUB13R2-20Z2,34,SMC Factory 2,,roll,
TIUB13R2-20Z34,34,SMC Factory 2,,roll,
TIUB13R2-33Z2,22,SMC Factory 2,,roll,
TIUB13R2-33Z34,22,SMC Factory 2,,roll,
TIUB13R-33,22,SMC Factory 2,,roll,
TIUB13R-33Z1,22,SMC Factory 2,,roll,
TIUB13R-33Z2,22,SMC Factory 2,,roll,
TIUB13R-33Z34,22,SMC Factory 2,,roll,
TIUB13S1-100Z2,8,SMC Factory 2,,roll,
TIUB13S1-100Z34,8,SMC Factory 2,,roll,
TIUB13S1-153Z2,2,SMC Factory 2,,roll,
TIUB13S1-153Z34,2,SMC Factory 2,,roll,
TIUB13S1-20Z2,34,SMC Factory 2,,roll,
TIUB13S1-20Z34,34,SMC Factory 2,,roll,
TIUB13S1-33Z2,22,SMC Factory 2,,roll,
TIUB13S1-33Z34,22,SMC Factory 2,,roll,
TIUB13S-33Z2,22,SMC Factory 2,,roll,
TIUB13W-100,8,SMC Factory 2,,roll,
TIUB13W-100Z1,8,SMC Factory 2,,roll,
TIUB13W-100Z2,8,SMC Factory 2,,roll,
TIUB13W-100Z34,8,SMC Factory 2,,roll,
TIUB13W-153,2,SMC Factory 2,,roll,
TIUB13W-153Z1,2,SMC Factory 2,,roll,
TIUB13W-153Z2,2,SMC Factory 2,,roll,
TIUB13W-153Z34,2,SMC Factory 2,,roll,
TIUB13W-20,34,SMC Factory 2,,roll,
TIUB13W-20Z1,34,SMC Factory 2,,roll,
TIUB13W-20Z34,34,SMC Factory 2,,roll,
TIUB13W-33,22,SMC Factory 2,,roll,
TIUB13W-33Z1,22,SMC Factory 2,,roll,
TIUB13W-33Z2,22,SMC Factory 2,,roll,
TIUB13W-33Z34,22,SMC Factory 2,,roll,
TIUB13Y-100,8,SMC Factory 2,,roll,
TIUB13Y-100Z1,8,SMC Factory 2,,roll,
TIUB13Y-100Z2,8,SMC Factory 2,,roll,
TIUB13Y-100Z34,8,SMC Factory 2,,roll,
TIUB13Y1-100Z2,8,SMC Factory 2,,roll,
TIUB13Y1-100Z34,8,SMC Factory 2,,roll,
TIUB13Y1-153Z2,2,SMC Factory 2,,roll,
TIUB13Y1-153Z34,2,SMC Factory 2,,roll,
TIUB13Y1-20Z2,34,SMC Factory 2,,roll,
TIUB13Y1-20Z34,34,SMC Factory 2,,roll,
TIUB13Y1-33Z2,22,SMC Factory 2,,roll,
TIUB13Y1-33Z34,22,SMC Factory 2,,roll,
TIUB13Y-153,2,SMC Factory 2,,roll,
TIUB13Y-153Z1,2,SMC Factory 2,,roll,
TIUB13Y-153Z2,2,SMC Factory 2,,roll,
TIUB13Y-153Z34,2,SMC Factory 2,,roll,
TIUB13Y-20,34,SMC Factory 2,,roll,
TIUB13Y-20Z1,34,SMC Factory 2,,roll,
TIUB13Y-20Z2,34,SMC Factory 2,,roll,
TIUB13Y-20Z34,34,SMC Factory 2,,roll,
TIUB13Y2-100Z2,8,SMC Factory 2,,roll,
TIUB13Y2-100Z34,8,SMC Factory 2,,roll,
TIUB13Y2-153Z2,2,SMC Factory 2,,roll,
TIUB13Y2-153Z34,2,SMC Factory 2,,roll,
TIUB13Y2-20Z2,34,SMC Factory 2,,roll,
TIUB13Y2-20Z34,34,SMC Factory 2,,roll,
TIUB13Y2-33Z2,22,SMC Factory 2,,roll,
TIUB13Y2-33Z34,22,SMC Factory 2,,roll,
TIUB13Y3-100Z2,8,SMC Factory 2,,roll,
TIUB13Y3-100Z34,8,SMC Factory 2,,roll,
TIUB13Y3-153Z2,2,SMC Factory 2,,roll,
TIUB13Y3-153Z34,2,SMC Factory 2,,roll,
TIUB13Y3-20Z2,34,SMC Factory 2,,roll,
TIUB13Y3-20Z34,34,SMC Factory 2,,roll,
TIUB13Y-33,22,SMC Factory 2,,roll,
TIUB13Y3-33Z2,22,SMC Factory 2,,roll,
TIUB13Y3-33Z34,22,SMC Factory 2,,roll,
TIUB13Y-33Z1,22,SMC Factory 2,,roll,
TIUB13Y-33Z2,22,SMC Factory 2,,roll,
TIUB13Y-33Z34,22,SMC Factory 2,,roll,
TIUB13YR-100,8,SMC Factory 2,,roll,
TIUB13YR-100Z1,8,SMC Factory 2,,roll,
TIUB13YR-100Z2,8,SMC Factory 2,,roll,
TIUB13YR-100Z34,8,SMC Factory 2,,roll,
TIUB13YR1-100Z2,8,SMC Factory 2,,roll,
TIUB13YR1-100Z34,8,SMC Factory 2,,roll,
TIUB13YR1-153Z2,2,SMC Factory 2,,roll,
TIUB13YR1-153Z34,2,SMC Factory 2,,roll,
TIUB13YR1-20Z2,34,SMC Factory 2,,roll,
TIUB13YR1-20Z34,34,SMC Factory 2,,roll,
TIUB13YR1-33Z2,22,SMC Factory 2,,roll,
TIUB13YR1-33Z34,22,SMC Factory 2,,roll,
TIUB13YR-153,2,SMC Factory 2,,roll,
TIUB13YR-153Z1,2,SMC Factory 2,,roll,
TIUB13YR-153Z2,2,SMC Factory 2,,roll,
TIUB13YR-153Z34,2,SMC Factory 2,,roll,
TIUB13YR-20,34,SMC Factory 2,,roll,
TIUB13YR-20Z1,34,SMC Factory 2,,roll,
TIUB13YR-20Z2,34,SMC Factory 2,,roll,
TIUB13YR-20Z34,34,SMC Factory 2,,roll,
TIUB13YR2-100Z2,8,SMC Factory 2,,roll,
TIUB13YR2-100Z34,8,SMC Factory 2,,roll,
TIUB13YR2-153Z2,2,SMC Factory 2,,roll,
TIUB13YR2-153Z34,2,SMC Factory 2,,roll,
TIUB13YR2-20Z2,34,SMC Factory 2,,roll,
TIUB13YR2-20Z34,34,SMC Factory 2,,roll,
TIUB13YR2-33Z2,22,SMC Factory 2,,roll,
TIUB13YR2-33Z34,22,SMC Factory 2,,roll,
TIUB13YR-33,22,SMC Factory 2,,roll,
TIUB13YR-33Z1,22,SMC Factory 2,,roll,
TIUB13YR-33Z2,22,SMC Factory 2,,roll,
TIUB13YR-33Z34,22,SMC Factory 2,,roll,
TU0425B-100Z3,50,SMC Factory 2,,roll,
TU0425B-20Z3,225,SMC Factory 2,,roll,
TU0604B-100Z3,38,SMC Factory 2,,roll,
TU0604B-20Z3,96,SMC Factory 2,,roll,
TU0805B-100Z3,18,SMC Factory 2,,roll,
TU0805B-20Z3,70,SMC Factory 2,,roll,
TU1065B-100Z3,12,SMC Factory 2,,roll,
TU1065B-20Z3,44,SMC Factory 2,,roll,
TU1208B-100Z3,8,SMC Factory 2,,roll,
TU1208B-20Z3,36,SMC Factory 2,,roll,
TU0425B-100Z4,50,SMC Factory 2,,roll,
TU0425B-20Z4,225,SMC Factory 2,,roll,
TU0604B-100Z4,38,SMC Factory 2,,roll,
TU0604B-20Z4,96,SMC Factory 2,,roll,
TU0805B-100Z4,18,SMC Factory 2,,roll,
TU0805B-20Z4,70,SMC Factory 2,,roll,
TU1065B-100Z4,12,SMC Factory 2,,roll,
TU1065B-20Z4,44,SMC Factory 2,,roll,
TU1208B-100Z4,8,SMC Factory 2,,roll,
TU1208B-20Z4,36,SMC Factory 2,,roll,
TU0425B-100Z5,50,SMC Factory 2,,roll,
TU0425B-20Z5,225,SMC Factory 2,,roll,
TU0604B-100Z5,38,SMC Factory 2,,roll,
TU0604B-20Z5,96,SMC Factory 2,,roll,
TU0805B-100Z5,18,SMC Factory 2,,roll,
TU0805B-20Z5,70,SMC Factory 2,,roll,
TU1065B-100Z5,12,SMC Factory 2,,roll,
TU1065B-20Z5,44,SMC Factory 2,,roll,
TU1208B-100Z5,8,SMC Factory 2,,roll,
TU1208B-20Z5,36,SMC Factory 2,,roll,
TU0425B-100Z6,50,SMC Factory 2,,roll,
TU0425B-20Z6,225,SMC Factory 2,,roll,
TU0604B-100Z6,38,SMC Factory 2,,roll,
TU0604B-20Z6,96,SMC Factory 2,,roll,
TU0805B-100Z6,18,SMC Factory 2,,roll,
TU0805B-20Z6,70,SMC Factory 2,,roll,
TU1065B-100Z6,12,SMC Factory 2,,roll,
TU1065B-20Z6,44,SMC Factory 2,,roll,
TU1208B-100Z6,8,SMC Factory 2,,roll,
TU1208B-20Z6,36,SMC Factory 2,,roll,
TU0425B-100Z7,50,SMC Factory 2,,roll,
TU0425B-20Z7,225,SMC Factory 2,,roll,
TU0604B-100Z7,38,SMC Factory 2,,roll,
TU0604B-20Z7,96,SMC Factory 2,,roll,
TU0805B-100Z7,18,SMC Factory 2,,roll,
TU0805B-20Z7,70,SMC Factory 2,,roll,
TU1065B-100Z7,12,SMC Factory 2,,roll,
TU1065B-20Z7,44,SMC Factory 2,,roll,
TU1208B-100Z7,8,SMC Factory 2,,roll,
TU1208B-20Z7,36,SMC Factory 2,,roll,
TU0425B-100Z8,50,SMC Factory 2,,roll,
TU0425B-20Z8,225,SMC Factory 2,,roll,
TU0604B-100Z8,38,SMC Factory 2,,roll,
TU0604B-20Z8,96,SMC Factory 2,,roll,
TU0805B-100Z8,18,SMC Factory 2,,roll,
TU0805B-20Z8,70,SMC Factory 2,,roll,
TU1065B-100Z8,12,SMC Factory 2,,roll,
TU1065B-20Z8,44,SMC Factory 2,,roll,
TU1208B-100Z8,8,SMC Factory 2,,roll,
TU1208B-20Z8,36,SMC Factory 2,,roll,
TU0425B-100Z9,50,SMC Factory 2,,roll,
TU0425B-20Z9,225,SMC Factory 2,,roll,
TU0604B-100Z9,38,SMC Factory 2,,roll,
TU0604B-20Z9,96,SMC Factory 2,,roll,
TU0805B-100Z9,18,SMC Factory 2,,roll,
TU0805B-20Z9,70,SMC Factory 2,,roll,
TU1065B-100Z9,12,SMC Factory 2,,roll,
TU1065B-20Z9,44,SMC Factory 2,,roll,
TU1208B-100Z9,8,SMC Factory 2,,roll,
TU1208B-20Z9,36,SMC Factory 2,,roll,
TU0425B-100Z10,50,SMC Factory 2,,roll,
TU0425B-20Z10,225,SMC Factory 2,,roll,
TU0604B-100Z10,38,SMC Factory 2,,roll,
TU0604B-20Z10,96,SMC Factory 2,,roll,
TU0805B-100Z10,18,SMC Factory 2,,roll,
TU0805B-20Z10,70,SMC Factory 2,,roll,
TU1065B-100Z10,12,SMC Factory 2,,roll,
TU1065B-20Z10,44,SMC Factory 2,,roll,
TU1208B-100Z10,8,SMC Factory 2,,roll,
TU1208B-20Z10,36,SMC Factory 2,,roll,
TU0425B-100Z11,50,SMC Factory 2,,roll,
TU0425B-20Z11,225,SMC Factory 2,,roll,
TU0604B-100Z11,38,SMC Factory 2,,roll,
TU0604B-20Z11,96,SMC Factory 2,,roll,
TU0805B-100Z11,18,SMC Factory 2,,roll,
TU0805B-20Z11,70,SMC Factory 2,,roll,
TU1065B-100Z11,12,SMC Factory 2,,roll,
TU1065B-20Z11,44,SMC Factory 2,,roll,
TU1208B-100Z11,8,SMC Factory 2,,roll,
TU1208B-20Z11,36,SMC Factory 2,,roll,
TU0425B-100Z13,50,SMC Factory 2,,roll,
TU0425B-20Z13,225,SMC Factory 2,,roll,
TU0604B-100Z13,38,SMC Factory 2,,roll,
TU0604B-20Z13,96,SMC Factory 2,,roll,
TU0805B-100Z13,18,SMC Factory 2,,roll,
TU0805B-20Z13,70,SMC Factory 2,,roll,
TU1065B-100Z13,12,SMC Factory 2,,roll,
TU1065B-20Z13,44,SMC Factory 2,,roll,
TU1208B-100Z13,8,SMC Factory 2,,roll,
TU1208B-20Z13,36,SMC Factory 2,,roll,
TU0425B-100Z14,50,SMC Factory 2,,roll,
TU0425B-20Z14,225,SMC Factory 2,,roll,
TU0604B-100Z14,38,SMC Factory 2,,roll,
TU0604B-20Z14,96,SMC Factory 2,,roll,
TU0805B-100Z14,18,SMC Factory 2,,roll,
TU0805B-20Z14,70,SMC Factory 2,,roll,
TU1065B-100Z14,12,SMC Factory 2,,roll,
TU1065B-20Z14,44,SMC Factory 2,,roll,
TU1208B-100Z14,8,SMC Factory 2,,roll,
TU1208B-20Z14,36,SMC Factory 2,,roll,
TU0425B-100Z15,50,SMC Factory 2,,roll,
TU0425B-20Z15,225,SMC Factory 2,,roll,
TU0604B-100Z15,38,SMC Factory 2,,roll,
TU0604B-20Z15,96,SMC Factory 2,,roll,
TU0805B-100Z15,18,SMC Factory 2,,roll,
TU0805B-20Z15,70,SMC Factory 2,,roll,
TU1065B-100Z15,12,SMC Factory 2,,roll,
TU1065B-20Z15,44,SMC Factory 2,,roll,
TU1208B-100Z15,8,SMC Factory 2,,roll,
TU1208B-20Z15,36,SMC Factory 2,,roll,
TU0425B-100Z16,50,SMC Factory 2,,roll,
TU0425B-20Z16,225,SMC Factory 2,,roll,
TU0604B-100Z16,38,SMC Factory 2,,roll,
TU0604B-20Z16,96,SMC Factory 2,,roll,
TU0805B-100Z16,18,SMC Factory 2,,roll,
TU0805B-20Z16,70,SMC Factory 2,,roll,
TU1065B-100Z16,12,SMC Factory 2,,roll,
TU1065B-20Z16,44,SMC Factory 2,,roll,
TU1208B-100Z16,8,SMC Factory 2,,roll,
TU1208B-20Z16,36,SMC Factory 2,,roll,
TU0425B-100Z17,50,SMC Factory 2,,roll,
TU0425B-20Z17,225,SMC Factory 2,,roll,
TU0604B-100Z17,38,SMC Factory 2,,roll,
TU0604B-20Z17,96,SMC Factory 2,,roll,
TU0805B-100Z17,18,SMC Factory 2,,roll,
TU0805B-20Z17,70,SMC Factory 2,,roll,
TU1065B-100Z17,12,SMC Factory 2,,roll,
TU1065B-20Z17,44,SMC Factory 2,,roll,
TU1208B-100Z17,8,SMC Factory 2,,roll,
TU1208B-20Z17,36,SMC Factory 2,,roll,
TU0425B-100Z18,50,SMC Factory 2,,roll,
TU0425B-20Z18,225,SMC Factory 2,,roll,
TU0604B-100Z18,38,SMC Factory 2,,roll,
TU0604B-20Z18,96,SMC Factory 2,,roll,
TU0805B-100Z18,18,SMC Factory 2,,roll,
TU0805B-20Z18,70,SMC Factory 2,,roll,
TU1065B-100Z18,12,SMC Factory 2,,roll,
TU1065B-20Z18,44,SMC Factory 2,,roll,
TU1208B-100Z18,8,SMC Factory 2,,roll,
TU1208B-20Z18,36,SMC Factory 2,,roll,
TU0425B-100Z19,50,SMC Factory 2,,roll,
TU0425B-20Z19,225,SMC Factory 2,,roll,
TU0604B-100Z19,38,SMC Factory 2,,roll,
TU0604B-20Z19,96,SMC Factory 2,,roll,
TU0805B-100Z19,18,SMC Factory 2,,roll,
TU0805B-20Z19,70,SMC Factory 2,,roll,
TU1065B-100Z19,12,SMC Factory 2,,roll,
TU1065B-20Z19,44,SMC Factory 2,,roll,
TU1208B-100Z19,8,SMC Factory 2,,roll,
TU1208B-20Z19,36,SMC Factory 2,,roll,
TU0425B-100Z20,50,SMC Factory 2,,roll,
TU0425B-20Z20,225,SMC Factory 2,,roll,
TU0604B-100Z20,38,SMC Factory 2,,roll,
TU0604B-20Z20,96,SMC Factory 2,,roll,
TU0805B-100Z20,18,SMC Factory 2,,roll,
TU0805B-20Z20,70,SMC Factory 2,,roll,
TU1065B-100Z20,12,SMC Factory 2,,roll,
TU1065B-20Z20,44,SMC Factory 2,,roll,
TU1208B-100Z20,8,SMC Factory 2,,roll,
TU1208B-20Z20,36,SMC Factory 2,,roll,
TU0425B-100Z21,50,SMC Factory 2,,roll,
TU0425B-20Z21,225,SMC Factory 2,,roll,
TU0604B-100Z21,38,SMC Factory 2,,roll,
TU0604B-20Z21,96,SMC Factory 2,,roll,
TU0805B-100Z21,18,SMC Factory 2,,roll,
TU0805B-20Z21,70,SMC Factory 2,,roll,
TU1065B-100Z21,12,SMC Factory 2,,roll,
TU1065B-20Z21,44,SMC Factory 2,,roll,
TU1208B-100Z21,8,SMC Factory 2,,roll,
TU1208B-20Z21,36,SMC Factory 2,,roll,
TU0425B-100Z22,50,SMC Factory 2,,roll,
TU0425B-20Z22,225,SMC Factory 2,,roll,
TU0604B-100Z22,38,SMC Factory 2,,roll,
TU0604B-20Z22,96,SMC Factory 2,,roll,
TU0805B-100Z22,18,SMC Factory 2,,roll,
TU0805B-20Z22,70,SMC Factory 2,,roll,
TU1065B-100Z22,12,SMC Factory 2,,roll,
TU1065B-20Z22,44,SMC Factory 2,,roll,
TU1208B-100Z22,8,SMC Factory 2,,roll,
TU1208B-20Z22,36,SMC Factory 2,,roll,
TU0425B-100Z23,50,SMC Factory 2,,roll,
TU0425B-20Z23,225,SMC Factory 2,,roll,
TU0604B-100Z23,38,SMC Factory 2,,roll,
TU0604B-20Z23,96,SMC Factory 2,,roll,
TU0805B-100Z23,18,SMC Factory 2,,roll,
TU0805B-20Z23,70,SMC Factory 2,,roll,
TU1065B-100Z23,12,SMC Factory 2,,roll,
TU1065B-20Z23,44,SMC Factory 2,,roll,
TU1208B-100Z23,8,SMC Factory 2,,roll,
TU1208B-20Z23,36,SMC Factory 2,,roll,
TU0425B-100Z24,50,SMC Factory 2,,roll,
TU0425B-20Z24,225,SMC Factory 2,,roll,
TU0604B-100Z24,38,SMC Factory 2,,roll,
TU0604B-20Z24,96,SMC Factory 2,,roll,
TU0805B-100Z24,18,SMC Factory 2,,roll,
TU0805B-20Z24,70,SMC Factory 2,,roll,
TU1065B-100Z24,12,SMC Factory 2,,roll,
TU1065B-20Z24,44,SMC Factory 2,,roll,
TU1208B-100Z24,8,SMC Factory 2,,roll,
TU1208B-20Z24,36,SMC Factory 2,,roll,
TU0425B-100Z25,50,SMC Factory 2,,roll,
TU0425B-20Z25,225,SMC Factory 2,,roll,
TU0604B-100Z25,38,SMC Factory 2,,roll,
TU0604B-20Z25,96,SMC Factory 2,,roll,
TU0805B-100Z25,18,SMC Factory 2,,roll,
TU0805B-20Z25,70,SMC Factory 2,,roll,
TU1065B-100Z25,12,SMC Factory 2,,roll,
TU1065B-20Z25,44,SMC Factory 2,,roll,
TU1208B-100Z25,8,SMC Factory 2,,roll,
TU1208B-20Z25,36,SMC Factory 2,,roll,
TU0425B-100Z26,50,SMC Factory 2,,roll,
TU0425B-20Z26,225,SMC Factory 2,,roll,
TU0604B-100Z26,38,SMC Factory 2,,roll,
TU0604B-20Z26,96,SMC Factory 2,,roll,
TU0805B-100Z26,18,SMC Factory 2,,roll,
TU0805B-20Z26,70,SMC Factory 2,,roll,
TU1065B-100Z26,12,SMC Factory 2,,roll,
TU1065B-20Z26,44,SMC Factory 2,,roll,
TU1208B-100Z26,8,SMC Factory 2,,roll,
TU1208B-20Z26,36,SMC Factory 2,,roll,
TU0425B-100Z27,50,SMC Factory 2,,roll,
TU0425B-20Z27,225,SMC Factory 2,,roll,
TU0604B-100Z27,38,SMC Factory 2,,roll,
TU0604B-20Z27,96,SMC Factory 2,,roll,
TU0805B-100Z27,18,SMC Factory 2,,roll,
TU0805B-20Z27,70,SMC Factory 2,,roll,
TU1065B-100Z27,12,SMC Factory 2,,roll,
TU1065B-20Z27,44,SMC Factory 2,,roll,
TU1208B-100Z27,8,SMC Factory 2,,roll,
TU1208B-20Z27,36,SMC Factory 2,,roll,
TU0425B-100Z28,50,SMC Factory 2,,roll,
TU0425B-20Z28,225,SMC Factory 2,,roll,
TU0604B-100Z28,38,SMC Factory 2,,roll,
TU0604B-20Z28,96,SMC Factory 2,,roll,
TU0805B-100Z28,18,SMC Factory 2,,roll,
TU0805B-20Z28,70,SMC Factory 2,,roll,
TU1065B-100Z28,12,SMC Factory 2,,roll,
TU1065B-20Z28,44,SMC Factory 2,,roll,
TU1208B-100Z28,8,SMC Factory 2,,roll,
TU1208B-20Z28,36,SMC Factory 2,,roll,
TU0425B-100Z29,50,SMC Factory 2,,roll,
TU0425B-20Z29,225,SMC Factory 2,,roll,
TU0604B-100Z29,38,SMC Factory 2,,roll,
TU0604B-20Z29,96,SMC Factory 2,,roll,
TU0805B-100Z29,18,SMC Factory 2,,roll,
TU0805B-20Z29,70,SMC Factory 2,,roll,
TU1065B-100Z29,12,SMC Factory 2,,roll,
TU1065B-20Z29,44,SMC Factory 2,,roll,
TU1208B-100Z29,8,SMC Factory 2,,roll,
TU1208B-20Z29,36,SMC Factory 2,,roll,
TU0425B-100Z30,50,SMC Factory 2,,roll,
TU0425B-20Z30,225,SMC Factory 2,,roll,
TU0604B-100Z30,38,SMC Factory 2,,roll,
TU0604B-20Z30,96,SMC Factory 2,,roll,
TU0805B-100Z30,18,SMC Factory 2,,roll,
TU0805B-20Z30,70,SMC Factory 2,,roll,
TU1065B-100Z30,12,SMC Factory 2,,roll,
TU1065B-20Z30,44,SMC Factory 2,,roll,
TU1208B-100Z30,8,SMC Factory 2,,roll,
TU1208B-20Z30,36,SMC Factory 2,,roll,
TU0425B-100Z31,50,SMC Factory 2,,roll,
TU0425B-20Z31,225,SMC Factory 2,,roll,
TU0604B-100Z31,38,SMC Factory 2,,roll,
TU0604B-20Z31,96,SMC Factory 2,,roll,
TU0805B-100Z31,18,SMC Factory 2,,roll,
TU0805B-20Z31,70,SMC Factory 2,,roll,
TU1065B-100Z31,12,SMC Factory 2,,roll,
TU1065B-20Z31,44,SMC Factory 2,,roll,
TU1208B-100Z31,8,SMC Factory 2,,roll,
TU1208B-20Z31,36,SMC Factory 2,,roll,
TU0425B-100Z32,50,SMC Factory 2,,roll,
TU0425B-20Z32,225,SMC Factory 2,,roll,
TU0604B-100Z32,38,SMC Factory 2,,roll,
TU0604B-20Z32,96,SMC Factory 2,,roll,
TU0805B-100Z32,18,SMC Factory 2,,roll,
TU0805B-20Z32,70,SMC Factory 2,,roll,
TU1065B-100Z32,12,SMC Factory 2,,roll,
TU1065B-20Z32,44,SMC Factory 2,,roll,
TU1208B-100Z32,8,SMC Factory 2,,roll,
TU1208B-20Z32,36,SMC Factory 2,,roll,
TU0425B-100Z33,50,SMC Factory 2,,roll,
TU0425B-20Z33,225,SMC Factory 2,,roll,
TU0604B-100Z33,38,SMC Factory 2,,roll,
TU0604B-20Z33,96,SMC Factory 2,,roll,
TU0805B-100Z33,18,SMC Factory 2,,roll,
TU0805B-20Z33,70,SMC Factory 2,,roll,
TU1065B-100Z33,12,SMC Factory 2,,roll,
TU1065B-20Z33,44,SMC Factory 2,,roll,
TU1208B-100Z33,8,SMC Factory 2,,roll,
TU1208B-20Z33,36,SMC Factory 2,,roll,
TIUB01B-100Z33,68,SMC Factory 2,,roll,
TIUB01B-33Z33,315,SMC Factory 2,,roll,
TIUB01B-20Z33,450,SMC Factory 2,,roll,
TIUB05B-100Z33,60,SMC Factory 2,,roll,
TIUB05B-33Z33,118,SMC Factory 2,,roll,
TIUB05B-20Z33,180,SMC Factory 2,,roll,
TIUB07B-100Z33,32,SMC Factory 2,,roll,
TIUB07B-33Z33,72,SMC Factory 2,,roll,
TIUB07B-20Z33,112,SMC Factory 2,,roll,
TIUB11B-100Z33,12,SMC Factory 2,,roll,
TIUB11B-33Z33,44,SMC Factory 2,,roll,
TIUB11B-20Z33,58,SMC Factory 2,,roll,
TIUB13B-100Z33,8,SMC Factory 2,,roll,
TIUB13B-33Z33,22,SMC Factory 2,,roll,
TIUB13B-20Z33,34,SMC Factory 2,,roll,
TU1610B-20Z33,20,SMC Factory 2,,roll,
TU1610B-100Z33,2,SMC Factory 2,,roll,
TU0425B-153Z33,30,SMC Factory 2,,roll,
TU0805B-153Z33,12,SMC Factory 2,,roll,
TU1065B-153Z33,3,SMC Factory 2,,roll,
TU1208B-153Z33,2,SMC Factory 2,,roll,
TIUB01B-153Z33,56,SMC Factory 2,,roll,
TIUB05B-153Z33,32,SMC Factory 2,,roll,
TIUB07B-153Z33,20,SMC Factory 2,,roll,
TIUB11B-153Z33,3,SMC Factory 2,,roll,
TIUB13B-153Z33,2,SMC Factory 2,,roll,
TU0425B-33Z33,112,SMC Factory 2,,roll,
TU0604B-153Z33,28,SMC Factory 2,,roll,
TU0604B-33Z33,68,SMC Factory 2,,roll,
TU0805B-33Z33,58,SMC Factory 2,,roll,
TU1065B-33Z33,30,SMC Factory 2,,roll,
TU1208B-33Z33,22,SMC Factory 2,,roll,
TU0425B-305,12,SMC Factory 2,,roll,
TU0425BU-305,12,SMC Factory 2,,roll,
TU0425C-305,12,SMC Factory 2,,roll,
TU0425W-305,12,SMC Factory 2,,roll,
TU0425R-305,12,SMC Factory 2,,roll,
TU0425Y-305,12,SMC Factory 2,,roll,
TU0425G-305,12,SMC Factory 2,,roll,
TU0425YR-305,12,SMC Factory 2,,roll,
TU0604B-305,8,SMC Factory 2,,roll,
TU0604BU-305,8,SMC Factory 2,,roll,
TU0604C-305,8,SMC Factory 2,,roll,
TU0604W-305,8,SMC Factory 2,,roll,
TU0604R-305,8,SMC Factory 2,,roll,
TU0604Y-305,8,SMC Factory 2,,roll,
TU0604G-305,8,SMC Factory 2,,roll,
TU0604YR-305,8,SMC Factory 2,,roll,
TU0805B-305,3,SMC Factory 2,,roll,
TU0805BU-305,3,SMC Factory 2,,roll,
TU0805C-305,3,SMC Factory 2,,roll,
TU0805W-305,3,SMC Factory 2,,roll,
TU0805R-305,3,SMC Factory 2,,roll,
TU0805Y-305,3,SMC Factory 2,,roll,
TU0805G-305,3,SMC Factory 2,,roll,
TU0805YR-305,3,SMC Factory 2,,roll,
TU1065B-305,2,SMC Factory 2,,roll,
TU1065BU-305,2,SMC Factory 2,,roll,
TU1065C-305,2,SMC Factory 2,,roll,
TU1065W-305,2,SMC Factory 2,,roll,
TU1065R-305,2,SMC Factory 2,,roll,
TU1065Y-305,2,SMC Factory 2,,roll,
TU1065G-305,2,SMC Factory 2,,roll,
TU1065YR-305,2,SMC Factory 2,,roll,
TU1208B-305,1,SMC Factory 2,,roll,
TU1208BU-305,1,SMC Factory 2,,roll,
TU1208C-305,1,SMC Factory 2,,roll,
TU1208W-305,1,SMC Factory 2,,roll,
TU1208R-305,1,SMC Factory 2,,roll,
TU1208Y-305,1,SMC Factory 2,,roll,
TU1208G-305,1,SMC Factory 2,,roll,
TU1208YR-305,1,SMC Factory 2,,roll,
TU0425B-500,12,SMC Factory 2,,roll,
TU0425BU-500,12,SMC Factory 2,,roll,
TU0425C-500,12,SMC Factory 2,,roll,
TU0425W-500,12,SMC Factory 2,,roll,
TU0425R-500,12,SMC Factory 2,,roll,
TU0425Y-500,12,SMC Factory 2,,roll,
TU0425G-500,12,SMC Factory 2,,roll,
TU0425YR-500,12,SMC Factory 2,,roll,
TU0604B-500,8,SMC Factory 2,,roll,
TU0604BU-500,8,SMC Factory 2,,roll,
TU0604C-500,8,SMC Factory 2,,roll,
TU0604W-500,8,SMC Factory 2,,roll,
TU0604R-500,8,SMC Factory 2,,roll,
TU0604Y-500,8,SMC Factory 2,,roll,
TU0604G-500,8,SMC Factory 2,,roll,
TU0604YR-500,8,SMC Factory 2,,roll,
TU0805B-500,2,SMC Factory 2,,roll,
TU0805BU-500,2,SMC Factory 2,,roll,
TU0805C-500,2,SMC Factory 2,,roll,
TU0805W-500,2,SMC Factory 2,,roll,
TU0805R-500,2,SMC Factory 2,,roll,
TU0805Y-500,2,SMC Factory 2,,roll,
TU0805G-500,2,SMC Factory 2,,roll,
TU0805YR-500,2,SMC Factory 2,,roll,
TU1065B-500,1,SMC Factory 2,,roll,
TU1065BU-500,1,SMC Factory 2,,roll,
TU1065C-500,1,SMC Factory 2,,roll,
TU1065W-500,1,SMC Factory 2,,roll,
TU1065R-500,1,SMC Factory 2,,roll,
TU1065Y-500,1,SMC Factory 2,,roll,
TU1065G-500,1,SMC Factory 2,,roll,
TU1065YR-500,1,SMC Factory 2,,roll,
TU1208B-500,1,SMC Factory 2,,roll,
TU1208BU-500,1,SMC Factory 2,,roll,
TU1208C-500,1,SMC Factory 2,,roll,
TU1208W-500,1,SMC Factory 2,,roll,
TU1208R-500,1,SMC Factory 2,,roll,
TU1208Y-500,1,SMC Factory 2,,roll,
TU1208G-500,1,SMC Factory 2,,roll,
TU1208YR-500,1,SMC Factory 2,,roll,
TU0425B-305Z1,12,SMC Factory 2,,roll,
TU0425BU-305Z1,12,SMC Factory 2,,roll,
TU0425W-305Z1,12,SMC Factory 2,,roll,
TU0425R-305Z1,12,SMC Factory 2,,roll,
TU0425Y-305Z1,12,SMC Factory 2,,roll,
TU0425G-305Z1,12,SMC Factory 2,,roll,
TU0425YR-305Z1,12,SMC Factory 2,,roll,
TU0604B-305Z1,8,SMC Factory 2,,roll,
TU0604BU-305Z1,8,SMC Factory 2,,roll,
TU0604G-305Z1,8,SMC Factory 2,,roll,
TU0604R-305Z1,8,SMC Factory 2,,roll,
TU0604W-305Z1,8,SMC Factory 2,,roll,
TU0604Y-305Z1,8,SMC Factory 2,,roll,
TU0604YR-305Z1,8,SMC Factory 2,,roll,
TU0805B-305Z1,3,SMC Factory 2,,roll,
TU0805BU-305Z1,3,SMC Factory 2,,roll,
TU0805W-305Z1,3,SMC Factory 2,,roll,
TU0805R-305Z1,3,SMC Factory 2,,roll,
TU0805Y-305Z1,3,SMC Factory 2,,roll,
TU0805G-305Z1,3,SMC Factory 2,,roll,
TU0805YR-305Z1,3,SMC Factory 2,,roll,
TU1065B-305Z1,2,SMC Factory 2,,roll,
TU1065BU-305Z1,2,SMC Factory 2,,roll,
TU1065G-305Z1,2,SMC Factory 2,,roll,
TU1065R-305Z1,2,SMC Factory 2,,roll,
TU1065W-305Z1,2,SMC Factory 2,,roll,
TU1065Y-305Z1,2,SMC Factory 2,,roll,
TU1065YR-305Z1,2,SMC Factory 2,,roll,
TU1208B-305Z1,1,SMC Factory 2,,roll,
TU1208BU-305Z1,1,SMC Factory 2,,roll,
TU1208G-305Z1,1,SMC Factory 2,,roll,
TU1208R-305Z1,1,SMC Factory 2,,roll,
TU1208W-305Z1,1,SMC Factory 2,,roll,
TU1208Y-305Z1,1,SMC Factory 2,,roll,
TU1208YR-305Z1,1,SMC Factory 2,,roll,
TU0425B-500Z1,12,SMC Factory 2,,roll,
TU0425BU-500Z1,12,SMC Factory 2,,roll,
TU0425W-500Z1,12,SMC Factory 2,,roll,
TU0425R-500Z1,12,SMC Factory 2,,roll,
TU0425Y-500Z1,12,SMC Factory 2,,roll,
TU0425G-500Z1,12,SMC Factory 2,,roll,
TU0425YR-500Z1,12,SMC Factory 2,,roll,
TU0604B-500Z1,8,SMC Factory 2,,roll,
TU0604BU-500Z1,8,SMC Factory 2,,roll,
TU0604G-500Z1,8,SMC Factory 2,,roll,
TU0604R-500Z1,8,SMC Factory 2,,roll,
TU0604W-500Z1,8,SMC Factory 2,,roll,
TU0604Y-500Z1,8,SMC Factory 2,,roll,
TU0604YR-500Z1,8,SMC Factory 2,,roll,
TU0805B-500Z1,2,SMC Factory 2,,roll,
TU0805BU-500Z1,2,SMC Factory 2,,roll,
TU0805W-500Z1,2,SMC Factory 2,,roll,
TU0805R-500Z1,2,SMC Factory 2,,roll,
TU0805Y-500Z1,2,SMC Factory 2,,roll,
TU0805G-500Z1,2,SMC Factory 2,,roll,
TU0805YR-500Z1,2,SMC Factory 2,,roll,
TU1065B-500Z1,1,SMC Factory 2,,roll,
TU1065BU-500Z1,1,SMC Factory 2,,roll,
TU1065G-500Z1,1,SMC Factory 2,,roll,
TU1065R-500Z1,1,SMC Factory 2,,roll,
TU1065W-500Z1,1,SMC Factory 2,,roll,
TU1065Y-500Z1,1,SMC Factory 2,,roll,
TU1065YR-500Z1,1,SMC Factory 2,,roll,
TU1208B-500Z1,1,SMC Factory 2,,roll,
TU1208BU-500Z1,1,SMC Factory 2,,roll,
TU1208G-500Z1,1,SMC Factory 2,,roll,
TU1208R-500Z1,1,SMC Factory 2,,roll,
TU1208W-500Z1,1,SMC Factory 2,,roll,
TU1208Y-500Z1,1,SMC Factory 2,,roll,
TU1208YR-500Z1,1,SMC Factory 2,,roll,
TU1610B-100Z12,2,SMC Factory 2,,roll,
TU1610B-20Z12,20,SMC Factory 2,,roll,
TU0425B-33Z12,112,SMC Factory 2,,roll,
TU0604B-33Z12,68,SMC Factory 2,,roll,
TU0805B-33Z12,58,SMC Factory 2,,roll,
TU1065B-33Z12,30,SMC Factory 2,,roll,
TU1208B-33Z12,22,SMC Factory 2,,roll,
TU0425B-153Z12,30,SMC Factory 2,,roll,
TU0604B-153Z12,28,SMC Factory 2,,roll,
TU0805B-153Z12,12,SMC Factory 2,,roll,
TU1065B-153Z12,3,SMC Factory 2,,roll,
TU1208B-153Z12,2,SMC Factory 2,,roll,
TU0425B-305Z12,12,SMC Factory 2,,roll,
TU0604B-305Z12,8,SMC Factory 2,,roll,
TU0805B-305Z12,3,SMC Factory 2,,roll,
TU1065B-305Z12,2,SMC Factory 2,,roll,
TU1208B-305Z12,1,SMC Factory 2,,roll,
TU0425B-500Z12,12,SMC Factory 2,,roll,
TU0604B-500Z12,8,SMC Factory 2,,roll,
TU0805B-500Z12,2,SMC Factory 2,,roll,
TU1065B-500Z12,1,SMC Factory 2,,roll,
TU1208B-500Z12,1,SMC Factory 2,,roll,
TU0425B-305Z2,12,SMC Factory 2,,roll,
TU0425B-500Z2,12,SMC Factory 2,,roll,
TU0425BR1-305Z2,12,SMC Factory 2,,roll,
TU0425BR1-500Z2,12,SMC Factory 2,,roll,
TU0425BU-305Z2,12,SMC Factory 2,,roll,
TU0425BU1-305Z2,12,SMC Factory 2,,roll,
TU0425BU1-500Z2,12,SMC Factory 2,,roll,
TU0425BU2-305Z2,12,SMC Factory 2,,roll,
TU0425BU2-500Z2,12,SMC Factory 2,,roll,
TU0425BU3-305Z2,12,SMC Factory 2,,roll,
TU0425BU3-500Z2,12,SMC Factory 2,,roll,
TU0425C-500Z2,12,SMC Factory 2,,roll,
TU0425G-305Z2,12,SMC Factory 2,,roll,
TU0425G-500Z2,12,SMC Factory 2,,roll,
TU0425GR1-305Z2,12,SMC Factory 2,,roll,
TU0425GR1-500Z2,12,SMC Factory 2,,roll,
TU0425GR2-305Z2,12,SMC Factory 2,,roll,
TU0425GR2-500Z2,12,SMC Factory 2,,roll,
TU0425G1-305Z2,12,SMC Factory 2,,roll,
TU0425G1-500Z2,12,SMC Factory 2,,roll,
TU0425G2-305Z2,12,SMC Factory 2,,roll,
TU0425G2-500Z2,12,SMC Factory 2,,roll,
TU0425G3-305Z2,12,SMC Factory 2,,roll,
TU0425G3-500Z2,12,SMC Factory 2,,roll,
TU0425G4-305Z2,12,SMC Factory 2,,roll,
TU0425G4-500Z2,12,SMC Factory 2,,roll,
TU0425PU1-305Z2,12,SMC Factory 2,,roll,
TU0425PU1-500Z2,12,SMC Factory 2,,roll,
TU0425PU2-305Z2,12,SMC Factory 2,,roll,
TU0425PU2-500Z2,12,SMC Factory 2,,roll,
TU0425P1-305Z2,12,SMC Factory 2,,roll,
TU0425P1-500Z2,12,SMC Factory 2,,roll,
TU0425R-305Z2,12,SMC Factory 2,,roll,
TU0425R-500Z2,12,SMC Factory 2,,roll,
TU0425R1-305Z2,12,SMC Factory 2,,roll,
TU0425R2-305Z2,12,SMC Factory 2,,roll,
TU0425R2-500Z2,12,SMC Factory 2,,roll,
TU0425S1-305Z2,12,SMC Factory 2,,roll,
TU0425S1-500Z2,12,SMC Factory 2,,roll,
TU0425W-305Z2,12,SMC Factory 2,,roll,
TU0425W-500Z2,12,SMC Factory 2,,roll,
TU0425Y-305Z2,12,SMC Factory 2,,roll,
TU0425Y-500Z2,12,SMC Factory 2,,roll,
TU0425YR-305Z2,12,SMC Factory 2,,roll,
TU0425YR-500Z2,12,SMC Factory 2,,roll,
TU0425YR1-305Z2,12,SMC Factory 2,,roll,
TU0425YR1-500Z2,12,SMC Factory 2,,roll,
TU0425YR2-305Z2,12,SMC Factory 2,,roll,
TU0425YR2-500Z2,12,SMC Factory 2,,roll,
TU0425Y1-305Z2,12,SMC Factory 2,,roll,
TU0425Y1-500Z2,12,SMC Factory 2,,roll,
TU0425Y2-305Z2,12,SMC Factory 2,,roll,
TU0425Y2-500Z2,12,SMC Factory 2,,roll,
TU0425Y3-305Z2,12,SMC Factory 2,,roll,
TU0425Y3-500Z2,12,SMC Factory 2,,roll,
TU0604B-305Z2,8,SMC Factory 2,,roll,
TU0604BR1-305Z2,8,SMC Factory 2,,roll,
TU0604BR1-500Z2,8,SMC Factory 2,,roll,
TU0604BU-305Z2,8,SMC Factory 2,,roll,
TU0604BU1-305Z2,8,SMC Factory 2,,roll,
TU0604BU1-500Z2,8,SMC Factory 2,,roll,
TU0604BU2-305Z2,8,SMC Factory 2,,roll,
TU0604BU2-500Z2,8,SMC Factory 2,,roll,
TU0604BU3-305Z2,8,SMC Factory 2,,roll,
TU0604BU3-500Z2,8,SMC Factory 2,,roll,
TU0604C-305Z2,8,SMC Factory 2,,roll,
TU0604C-500Z2,8,SMC Factory 2,,roll,
TU0604G-500Z2,8,SMC Factory 2,,roll,
TU0604GR1-305Z2,8,SMC Factory 2,,roll,
TU0604GR1-500Z2,8,SMC Factory 2,,roll,
TU0604GR2-305Z2,8,SMC Factory 2,,roll,
TU0604GR2-500Z2,8,SMC Factory 2,,roll,
TU0604G1-305Z2,8,SMC Factory 2,,roll,
TU0604G1-500Z2,8,SMC Factory 2,,roll,
TU0604G2-305Z2,8,SMC Factory 2,,roll,
TU0604G2-500Z2,8,SMC Factory 2,,roll,
TU0604G3-305Z2,8,SMC Factory 2,,roll,
TU0604G3-500Z2,8,SMC Factory 2,,roll,
TU0604G4-305Z2,8,SMC Factory 2,,roll,
TU0604G4-500Z2,8,SMC Factory 2,,roll,
TU0604PU1-305Z2,8,SMC Factory 2,,roll,
TU0604PU1-500Z2,8,SMC Factory 2,,roll,
TU0604PU2-305Z2,8,SMC Factory 2,,roll,
TU0604PU2-500Z2,8,SMC Factory 2,,roll,
TU0604P1-305Z2,8,SMC Factory 2,,roll,
TU0604P1-500Z2,8,SMC Factory 2,,roll,
TU0604R-305Z2,8,SMC Factory 2,,roll,
TU0604R-500Z2,8,SMC Factory 2,,roll,
TU0604R1-305Z2,8,SMC Factory 2,,roll,
TU0604R1-500Z2,8,SMC Factory 2,,roll,
TU0604R2-305Z2,8,SMC Factory 2,,roll,
TU0604R2-500Z2,8,SMC Factory 2,,roll,
TU0604S1-305Z2,8,SMC Factory 2,,roll,
TU0604S1-500Z2,8,SMC Factory 2,,roll,
TU0604W-305Z2,8,SMC Factory 2,,roll,
TU0604W-500Z2,8,SMC Factory 2,,roll,
TU0604Y-305Z2,8,SMC Factory 2,,roll,
TU0604Y-500Z2,8,SMC Factory 2,,roll,
TU0604YR-305Z2,8,SMC Factory 2,,roll,
TU0604YR-500Z2,8,SMC Factory 2,,roll,
TU0604YR1-305Z2,8,SMC Factory 2,,roll,
TU0604YR1-500Z2,8,SMC Factory 2,,roll,
TU0604YR2-305Z2,8,SMC Factory 2,,roll,
TU0604YR2-500Z2,8,SMC Factory 2,,roll,
TU0604Y1-305Z2,8,SMC Factory 2,,roll,
TU0604Y1-500Z2,8,SMC Factory 2,,roll,
TU0604Y2-305Z2,8,SMC Factory 2,,roll,
TU0604Y2-500Z2,8,SMC Factory 2,,roll,
TU0604Y3-305Z2,8,SMC Factory 2,,roll,
TU0604Y3-500Z2,8,SMC Factory 2,,roll,
TU0805B-305Z2,3,SMC Factory 2,,roll,
TU0805B-500Z2,2,SMC Factory 2,,roll,
TU0805BR1-305Z2,3,SMC Factory 2,,roll,
TU0805BR1-500Z2,2,SMC Factory 2,,roll,
TU0805BU-305Z2,3,SMC Factory 2,,roll,
TU0805BU-500Z2,2,SMC Factory 2,,roll,
TU0805BU1-305Z2,3,SMC Factory 2,,roll,
TU0805BU1-500Z2,2,SMC Factory 2,,roll,
TU0805BU2-305Z2,3,SMC Factory 2,,roll,
TU0805BU2-500Z2,2,SMC Factory 2,,roll,
TU0805BU3-305Z2,3,SMC Factory 2,,roll,
TU0805BU3-500Z2,2,SMC Factory 2,,roll,
TU0805C-305Z2,3,SMC Factory 2,,roll,
TU0805C-500Z2,2,SMC Factory 2,,roll,
TU0805G-305Z2,3,SMC Factory 2,,roll,
TU0805G-500Z2,2,SMC Factory 2,,roll,
TU0805GR1-305Z2,3,SMC Factory 2,,roll,
TU0805GR1-500Z2,2,SMC Factory 2,,roll,
TU0805GR2-305Z2,3,SMC Factory 2,,roll,
TU0805GR2-500Z2,2,SMC Factory 2,,roll,
TU0805G1-305Z2,3,SMC Factory 2,,roll,
TU0805G1-500Z2,2,SMC Factory 2,,roll,
TU0805G2-305Z2,3,SMC Factory 2,,roll,
TU0805G2-500Z2,2,SMC Factory 2,,roll,
TU0805G3-305Z2,3,SMC Factory 2,,roll,
TU0805G3-500Z2,2,SMC Factory 2,,roll,
TU0805G4-305Z2,3,SMC Factory 2,,roll,
TU0805G4-500Z2,2,SMC Factory 2,,roll,
TU0805PU1-305Z2,3,SMC Factory 2,,roll,
TU0805PU1-500Z2,2,SMC Factory 2,,roll,
TU0805PU2-305Z2,3,SMC Factory 2,,roll,
TU0805PU2-500Z2,2,SMC Factory 2,,roll,
TU0805P1-305Z2,3,SMC Factory 2,,roll,
TU0805P1-500Z2,2,SMC Factory 2,,roll,
TU0805R-305Z2,3,SMC Factory 2,,roll,
TU0805R-500Z2,2,SMC Factory 2,,roll,
TU0805R1-305Z2,3,SMC Factory 2,,roll,
TU0805R1-500Z2,2,SMC Factory 2,,roll,
TU0805R2-305Z2,3,SMC Factory 2,,roll,
TU0805R2-500Z2,2,SMC Factory 2,,roll,
TU0805S1-305Z2,3,SMC Factory 2,,roll,
TU0805S1-500Z2,2,SMC Factory 2,,roll,
TU0805W-305Z2,3,SMC Factory 2,,roll,
TU0805W-500Z2,2,SMC Factory 2,,roll,
TU0805Y-305Z2,3,SMC Factory 2,,roll,
TU0805Y-500Z2,2,SMC Factory 2,,roll,
TU0805YR-305Z2,3,SMC Factory 2,,roll,
TU0805YR-500Z2,2,SMC Factory 2,,roll,
TU0805YR1-305Z2,3,SMC Factory 2,,roll,
TU0805YR1-500Z2,2,SMC Factory 2,,roll,
TU0805YR2-305Z2,3,SMC Factory 2,,roll,
TU0805YR2-500Z2,2,SMC Factory 2,,roll,
TU0805Y1-305Z2,3,SMC Factory 2,,roll,
TU0805Y1-500Z2,2,SMC Factory 2,,roll,
TU0805Y2-305Z2,3,SMC Factory 2,,roll,
TU0805Y2-500Z2,2,SMC Factory 2,,roll,
TU0805Y3-305Z2,3,SMC Factory 2,,roll,
TU0805Y3-500Z2,2,SMC Factory 2,,roll,
TU1065B-500Z2,1,SMC Factory 2,,roll,
TU1065BR1-305Z2,2,SMC Factory 2,,roll,
TU1065BR1-500Z2,1,SMC Factory 2,,roll,
TU1065BU-305Z2,2,SMC Factory 2,,roll,
TU1065BU1-305Z2,2,SMC Factory 2,,roll,
TU1065BU1-500Z2,1,SMC Factory 2,,roll,
TU1065BU2-305Z2,2,SMC Factory 2,,roll,
TU1065BU2-500Z2,1,SMC Factory 2,,roll,
TU1065BU3-305Z2,2,SMC Factory 2,,roll,
TU1065BU3-500Z2,1,SMC Factory 2,,roll,
TU1065C-305Z2,2,SMC Factory 2,,roll,
TU1065C-500Z2,1,SMC Factory 2,,roll,
TU1065G-305Z2,2,SMC Factory 2,,roll,
TU1065G-500Z2,1,SMC Factory 2,,roll,
TU1065GR1-305Z2,2,SMC Factory 2,,roll,
TU1065GR1-500Z2,1,SMC Factory 2,,roll,
TU1065GR2-305Z2,2,SMC Factory 2,,roll,
TU1065GR2-500Z2,1,SMC Factory 2,,roll,
TU1065G1-305Z2,2,SMC Factory 2,,roll,
TU1065G1-500Z2,1,SMC Factory 2,,roll,
TU1065G2-305Z2,2,SMC Factory 2,,roll,
TU1065G2-500Z2,1,SMC Factory 2,,roll,
TU1065G3-305Z2,2,SMC Factory 2,,roll,
TU1065G3-500Z2,1,SMC Factory 2,,roll,
TU1065G4-305Z2,2,SMC Factory 2,,roll,
TU1065G4-500Z2,1,SMC Factory 2,,roll,
TU1065PU1-305Z2,2,SMC Factory 2,,roll,
TU1065PU1-500Z2,1,SMC Factory 2,,roll,
TU1065PU2-305Z2,2,SMC Factory 2,,roll,
TU1065PU2-500Z2,1,SMC Factory 2,,roll,
TU1065P1-305Z2,2,SMC Factory 2,,roll,
TU1065P1-500Z2,1,SMC Factory 2,,roll,
TU1065R-305Z2,2,SMC Factory 2,,roll,
TU1065R-500Z2,1,SMC Factory 2,,roll,
TU1065R1-305Z2,2,SMC Factory 2,,roll,
TU1065R1-500Z2,1,SMC Factory 2,,roll,
TU1065R2-305Z2,2,SMC Factory 2,,roll,
TU1065R2-500Z2,1,SMC Factory 2,,roll,
TU1065S1-305Z2,2,SMC Factory 2,,roll,
TU1065S1-500Z2,1,SMC Factory 2,,roll,
TU1065W-305Z2,2,SMC Factory 2,,roll,
TU1065W-500Z2,1,SMC Factory 2,,roll,
TU1065Y-305Z2,2,SMC Factory 2,,roll,
TU1065Y-500Z2,1,SMC Factory 2,,roll,
TU1065YR-305Z2,2,SMC Factory 2,,roll,
TU1065YR-500Z2,1,SMC Factory 2,,roll,
TU1065YR1-305Z2,2,SMC Factory 2,,roll,
TU1065YR1-500Z2,1,SMC Factory 2,,roll,
TU1065YR2-305Z2,2,SMC Factory 2,,roll,
TU1065YR2-500Z2,1,SMC Factory 2,,roll,
TU1065Y1-305Z2,2,SMC Factory 2,,roll,
TU1065Y1-500Z2,1,SMC Factory 2,,roll,
TU1065Y2-305Z2,2,SMC Factory 2,,roll,
TU1065Y2-500Z2,1,SMC Factory 2,,roll,
TU1065Y3-305Z2,2,SMC Factory 2,,roll,
TU1065Y3-500Z2,1,SMC Factory 2,,roll,
TU1208B-305Z2,1,SMC Factory 2,,roll,
TU1208B-500Z2,1,SMC Factory 2,,roll,
TU1208BR1-305Z2,1,SMC Factory 2,,roll,
TU1208BR1-500Z2,1,SMC Factory 2,,roll,
TU1208BU-305Z2,1,SMC Factory 2,,roll,
TU1208BU-500Z2,1,SMC Factory 2,,roll,
TU1208BU1-305Z2,1,SMC Factory 2,,roll,
TU1208BU1-500Z2,1,SMC Factory 2,,roll,
TU1208BU2-305Z2,1,SMC Factory 2,,roll,
TU1208BU2-500Z2,1,SMC Factory 2,,roll,
TU1208BU3-305Z2,1,SMC Factory 2,,roll,
TU1208BU3-500Z2,1,SMC Factory 2,,roll,
TU1208C-305Z2,1,SMC Factory 2,,roll,
TU1208C-500Z2,1,SMC Factory 2,,roll,
TU1208G-305Z2,1,SMC Factory 2,,roll,
TU1208G-500Z2,1,SMC Factory 2,,roll,
TU1208GR1-305Z2,1,SMC Factory 2,,roll,
TU1208GR1-500Z2,1,SMC Factory 2,,roll,
TU1208GR2-305Z2,1,SMC Factory 2,,roll,
TU1208GR2-500Z2,1,SMC Factory 2,,roll,
TU1208G1-305Z2,1,SMC Factory 2,,roll,
TU1208G1-500Z2,1,SMC Factory 2,,roll,
TU1208G2-305Z2,1,SMC Factory 2,,roll,
TU1208G2-500Z2,1,SMC Factory 2,,roll,
TU1208G3-305Z2,1,SMC Factory 2,,roll,
TU1208G3-500Z2,1,SMC Factory 2,,roll,
TU1208G4-305Z2,1,SMC Factory 2,,roll,
TU1208G4-500Z2,1,SMC Factory 2,,roll,
TU1208PU1-305Z2,1,SMC Factory 2,,roll,
TU1208PU1-500Z2,1,SMC Factory 2,,roll,
TU1208PU2-305Z2,1,SMC Factory 2,,roll,
TU1208PU2-500Z2,1,SMC Factory 2,,roll,
TU1208P1-305Z2,1,SMC Factory 2,,roll,
TU1208P1-500Z2,1,SMC Factory 2,,roll,
TU1208R-305Z2,1,SMC Factory 2,,roll,
TU1208R-500Z2,1,SMC Factory 2,,roll,
TU1208R1-305Z2,1,SMC Factory 2,,roll,
TU1208R1-500Z2,1,SMC Factory 2,,roll,
TU1208R2-305Z2,1,SMC Factory 2,,roll,
TU1208R2-500Z2,1,SMC Factory 2,,roll,
TU1208S1-305Z2,1,SMC Factory 2,,roll,
TU1208S1-500Z2,1,SMC Factory 2,,roll,
TU1208W-305Z2,1,SMC Factory 2,,roll,
TU1208W-500Z2,1,SMC Factory 2,,roll,
TU1208Y-305Z2,1,SMC Factory 2,,roll,
TU1208Y-500Z2,1,SMC Factory 2,,roll,
TU1208YR-305Z2,1,SMC Factory 2,,roll,
TU1208YR-500Z2,1,SMC Factory 2,,roll,
TU1208YR1-305Z2,1,SMC Factory 2,,roll,
TU1208YR1-500Z2,1,SMC Factory 2,,roll,
TU1208YR2-305Z2,1,SMC Factory 2,,roll,
TU1208YR2-500Z2,1,SMC Factory 2,,roll,
TU1208Y1-305Z2,1,SMC Factory 2,,roll,
TU1208Y1-500Z2,1,SMC Factory 2,,roll,
TU1208Y2-305Z2,1,SMC Factory 2,,roll,
TU1208Y2-500Z2,1,SMC Factory 2,,roll,
TU1208Y3-305Z2,1,SMC Factory 2,,roll,
TU1208Y3-500Z2,1,SMC Factory 2,,roll,
TIUB01B-305,12,SMC Factory 2,,roll,
TIUB01BU-305,12,SMC Factory 2,,roll,
TIUB01C-305,12,SMC Factory 2,,roll,
TIUB01W-305,12,SMC Factory 2,,roll,
TIUB01R-305,12,SMC Factory 2,,roll,
TIUB01Y-305,12,SMC Factory 2,,roll,
TIUB01G-305,12,SMC Factory 2,,roll,
TIUB01YR-305,12,SMC Factory 2,,roll,
TIUB05B-305,12,SMC Factory 2,,roll,
TIUB05BU-305,12,SMC Factory 2,,roll,
TIUB05C-305,12,SMC Factory 2,,roll,
TIUB05W-305,12,SMC Factory 2,,roll,
TIUB05R-305,12,SMC Factory 2,,roll,
TIUB05Y-305,12,SMC Factory 2,,roll,
TIUB05G-305,12,SMC Factory 2,,roll,
TIUB05YR-305,12,SMC Factory 2,,roll,
TIUB07B-305,8,SMC Factory 2,,roll,
TIUB07BU-305,8,SMC Factory 2,,roll,
TIUB07C-305,8,SMC Factory 2,,roll,
TIUB07W-305,8,SMC Factory 2,,roll,
TIUB07R-305,8,SMC Factory 2,,roll,
TIUB07Y-305,8,SMC Factory 2,,roll,
TIUB07G-305,8,SMC Factory 2,,roll,
TIUB07YR-305,8,SMC Factory 2,,roll,
TIUB11B-305,2,SMC Factory 2,,roll,
TIUB11BU-305,2,SMC Factory 2,,roll,
TIUB11C-305,2,SMC Factory 2,,roll,
TIUB11W-305,2,SMC Factory 2,,roll,
TIUB11R-305,2,SMC Factory 2,,roll,
TIUB11Y-305,2,SMC Factory 2,,roll,
TIUB11G-305,2,SMC Factory 2,,roll,
TIUB11YR-305,2,SMC Factory 2,,roll,
TIUB13B-305,1,SMC Factory 2,,roll,
TIUB13BU-305,1,SMC Factory 2,,roll,
TIUB13C-305,1,SMC Factory 2,,roll,
TIUB13W-305,1,SMC Factory 2,,roll,
TIUB13R-305,1,SMC Factory 2,,roll,
TIUB13Y-305,1,SMC Factory 2,,roll,
TIUB13G-305,1,SMC Factory 2,,roll,
TIUB13YR-305,1,SMC Factory 2,,roll,
TIUB01B-500,12,SMC Factory 2,,roll,
TIUB01BU-500,12,SMC Factory 2,,roll,
TIUB01C-500,12,SMC Factory 2,,roll,
TIUB01W-500,12,SMC Factory 2,,roll,
TIUB01R-500,12,SMC Factory 2,,roll,
TIUB01Y-500,12,SMC Factory 2,,roll,
TIUB01G-500,12,SMC Factory 2,,roll,
TIUB01YR-500,12,SMC Factory 2,,roll,
TIUB05B-500,8,SMC Factory 2,,roll,
TIUB05BU-500,8,SMC Factory 2,,roll,
TIUB05C-500,8,SMC Factory 2,,roll,
TIUB05W-500,8,SMC Factory 2,,roll,
TIUB05R-500,8,SMC Factory 2,,roll,
TIUB05Y-500,8,SMC Factory 2,,roll,
TIUB05G-500,8,SMC Factory 2,,roll,
TIUB05YR-500,8,SMC Factory 2,,roll,
TIUB07B-500,3,SMC Factory 2,,roll,
TIUB07BU-500,3,SMC Factory 2,,roll,
TIUB07C-500,3,SMC Factory 2,,roll,
TIUB07W-500,3,SMC Factory 2,,roll,
TIUB07R-500,3,SMC Factory 2,,roll,
TIUB07Y-500,3,SMC Factory 2,,roll,
TIUB07G-500,3,SMC Factory 2,,roll,
TIUB07YR-500,3,SMC Factory 2,,roll,
TIUB11B-500,1,SMC Factory 2,,roll,
TIUB11BU-500,1,SMC Factory 2,,roll,
TIUB11C-500,1,SMC Factory 2,,roll,
TIUB11W-500,1,SMC Factory 2,,roll,
TIUB11R-500,1,SMC Factory 2,,roll,
TIUB11Y-500,1,SMC Factory 2,,roll,
TIUB11G-500,1,SMC Factory 2,,roll,
TIUB11YR-500,1,SMC Factory 2,,roll,
TIUB13B-500,1,SMC Factory 2,,roll,
TIUB13BU-500,1,SMC Factory 2,,roll,
TIUB13C-500,1,SMC Factory 2,,roll,
TIUB13W-500,1,SMC Factory 2,,roll,
TIUB13R-500,1,SMC Factory 2,,roll,
TIUB13Y-500,1,SMC Factory 2,,roll,
TIUB13G-500,1,SMC Factory 2,,roll,
TIUB13YR-500,1,SMC Factory 2,,roll,
TIUB01B-305Z1,12,SMC Factory 2,,roll,
TIUB01BU-305Z1,12,SMC Factory 2,,roll,
TIUB01W-305Z1,12,SMC Factory 2,,roll,
TIUB01R-305Z1,12,SMC Factory 2,,roll,
TIUB01Y-305Z1,12,SMC Factory 2,,roll,
TIUB01G-305Z1,12,SMC Factory 2,,roll,
TIUB01YR-305Z1,12,SMC Factory 2,,roll,
TIUB05B-305Z1,12,SMC Factory 2,,roll,
TIUB05BU-305Z1,12,SMC Factory 2,,roll,
TIUB05W-305Z1,12,SMC Factory 2,,roll,
TIUB05R-305Z1,12,SMC Factory 2,,roll,
TIUB05Y-305Z1,12,SMC Factory 2,,roll,
TIUB05G-305Z1,12,SMC Factory 2,,roll,
TIUB05YR-305Z1,12,SMC Factory 2,,roll,
TIUB07B-305Z1,8,SMC Factory 2,,roll,
TIUB07BU-305Z1,8,SMC Factory 2,,roll,
TIUB07W-305Z1,8,SMC Factory 2,,roll,
TIUB07R-305Z1,8,SMC Factory 2,,roll,
TIUB07Y-305Z1,8,SMC Factory 2,,roll,
TIUB07G-305Z1,8,SMC Factory 2,,roll,
TIUB07YR-305Z1,8,SMC Factory 2,,roll,
TIUB11B-305Z1,2,SMC Factory 2,,roll,
TIUB11BU-305Z1,2,SMC Factory 2,,roll,
TIUB11W-305Z1,2,SMC Factory 2,,roll,
TIUB11R-305Z1,2,SMC Factory 2,,roll,
TIUB11Y-305Z1,2,SMC Factory 2,,roll,
TIUB11G-305Z1,2,SMC Factory 2,,roll,
TIUB11YR-305Z1,2,SMC Factory 2,,roll,
TIUB13B-305Z1,1,SMC Factory 2,,roll,
TIUB13BU-305Z1,1,SMC Factory 2,,roll,
TIUB13W-305Z1,1,SMC Factory 2,,roll,
TIUB13R-305Z1,1,SMC Factory 2,,roll,
TIUB13Y-305Z1,1,SMC Factory 2,,roll,
TIUB13G-305Z1,1,SMC Factory 2,,roll,
TIUB13YR-305Z1,1,SMC Factory 2,,roll,
TIUB01B-500Z1,12,SMC Factory 2,,roll,
TIUB01BU-500Z1,12,SMC Factory 2,,roll,
TIUB01W-500Z1,12,SMC Factory 2,,roll,
TIUB01R-500Z1,12,SMC Factory 2,,roll,
TIUB01Y-500Z1,12,SMC Factory 2,,roll,
TIUB01G-500Z1,12,SMC Factory 2,,roll,
TIUB01YR-500Z1,12,SMC Factory 2,,roll,
TIUB05B-500Z1,8,SMC Factory 2,,roll,
TIUB05BU-500Z1,8,SMC Factory 2,,roll,
TIUB05W-500Z1,8,SMC Factory 2,,roll,
TIUB05R-500Z1,8,SMC Factory 2,,roll,
TIUB05Y-500Z1,8,SMC Factory 2,,roll,
TIUB05G-500Z1,8,SMC Factory 2,,roll,
TIUB05YR-500Z1,8,SMC Factory 2,,roll,
TIUB07B-500Z1,3,SMC Factory 2,,roll,
TIUB07BU-500Z1,3,SMC Factory 2,,roll,
TIUB07W-500Z1,3,SMC Factory 2,,roll,
TIUB07R-500Z1,3,SMC Factory 2,,roll,
TIUB07Y-500Z1,3,SMC Factory 2,,roll,
TIUB07G-500Z1,3,SMC Factory 2,,roll,
TIUB07YR-500Z1,3,SMC Factory 2,,roll,
TIUB11B-500Z1,1,SMC Factory 2,,roll,
TIUB11BU-500Z1,1,SMC Factory 2,,roll,
TIUB11W-500Z1,1,SMC Factory 2,,roll,
TIUB11R-500Z1,1,SMC Factory 2,,roll,
TIUB11Y-500Z1,1,SMC Factory 2,,roll,
TIUB11G-500Z1,1,SMC Factory 2,,roll,
TIUB11YR-500Z1,1,SMC Factory 2,,roll,
TIUB13B-500Z1,1,SMC Factory 2,,roll,
TIUB13BU-500Z1,1,SMC Factory 2,,roll,
TIUB13W-500Z1,1,SMC Factory 2,,roll,
TIUB13R-500Z1,1,SMC Factory 2,,roll,
TIUB13Y-500Z1,1,SMC Factory 2,,roll,
TIUB13G-500Z1,1,SMC Factory 2,,roll,
TIUB13YR-500Z1,1,SMC Factory 2,,roll,
TIUB01B-100Z12,68,SMC Factory 2,,roll,
TIUB01B-20Z12,450,SMC Factory 2,,roll,
TIUB05B-100Z12,60,SMC Factory 2,,roll,
TIUB05B-20Z12,180,SMC Factory 2,,roll,
TIUB07B-100Z12,32,SMC Factory 2,,roll,
TIUB07B-20Z12,112,SMC Factory 2,,roll,
TIUB11B-100Z12,12,SMC Factory 2,,roll,
TIUB11B-20Z12,58,SMC Factory 2,,roll,
TIUB13B-100Z12,8,SMC Factory 2,,roll,
TIUB13B-20Z12,34,SMC Factory 2,,roll,
TIUB01B-33Z12,315,SMC Factory 2,,roll,
TIUB05B-33Z12,118,SMC Factory 2,,roll,
TIUB07B-33Z12,72,SMC Factory 2,,roll,
TIUB11B-33Z12,44,SMC Factory 2,,roll,
TIUB13B-33Z12,22,SMC Factory 2,,roll,
TIUB01B-153Z12,56,SMC Factory 2,,roll,
TIUB05B-153Z12,32,SMC Factory 2,,roll,
TIUB07B-153Z12,20,SMC Factory 2,,roll,
TIUB11B-153Z12,3,SMC Factory 2,,roll,
TIUB13B-153Z12,2,SMC Factory 2,,roll,
TIUB01B-305Z12,12,SMC Factory 2,,roll,
TIUB05B-305Z12,12,SMC Factory 2,,roll,
TIUB07B-305Z12,8,SMC Factory 2,,roll,
TIUB11B-305Z12,2,SMC Factory 2,,roll,
TIUB13B-305Z12,1,SMC Factory 2,,roll,
TIUB01B-500Z12,12,SMC Factory 2,,roll,
TIUB05B-500Z12,8,SMC Factory 2,,roll,
TIUB07B-500Z12,3,SMC Factory 2,,roll,
TIUB11B-500Z12,1,SMC Factory 2,,roll,
TIUB13B-500Z12,1,SMC Factory 2,,roll,
TIUB01B-305Z2,12,SMC Factory 2,,roll,
TIUB01B-500Z2,12,SMC Factory 2,,roll,
TIUB01BR1-305Z2,12,SMC Factory 2,,roll,
TIUB01BR1-500Z2,12,SMC Factory 2,,roll,
TIUB01BU-305Z2,12,SMC Factory 2,,roll,
TIUB01BU-500Z2,12,SMC Factory 2,,roll,
TIUB01BU1-305Z2,12,SMC Factory 2,,roll,
TIUB01BU1-500Z2,12,SMC Factory 2,,roll,
TIUB01BU2-305Z2,12,SMC Factory 2,,roll,
TIUB01BU2-500Z2,12,SMC Factory 2,,roll,
TIUB01BU3-305Z2,12,SMC Factory 2,,roll,
TIUB01BU3-500Z2,12,SMC Factory 2,,roll,
TIUB01C-500Z2,12,SMC Factory 2,,roll,
TIUB01G-305Z2,12,SMC Factory 2,,roll,
TIUB01G-500Z2,12,SMC Factory 2,,roll,
TIUB01GR1-305Z2,12,SMC Factory 2,,roll,
TIUB01GR1-500Z2,12,SMC Factory 2,,roll,
TIUB01GR2-305Z2,12,SMC Factory 2,,roll,
TIUB01GR2-500Z2,12,SMC Factory 2,,roll,
TIUB01G1-305Z2,12,SMC Factory 2,,roll,
TIUB01G1-500Z2,12,SMC Factory 2,,roll,
TIUB01G2-305Z2,12,SMC Factory 2,,roll,
TIUB01G2-500Z2,12,SMC Factory 2,,roll,
TIUB01G3-305Z2,12,SMC Factory 2,,roll,
TIUB01G3-500Z2,12,SMC Factory 2,,roll,
TIUB01G4-305Z2,12,SMC Factory 2,,roll,
TIUB01G4-500Z2,12,SMC Factory 2,,roll,
TIUB01PU1-305Z2,12,SMC Factory 2,,roll,
TIUB01PU1-500Z2,12,SMC Factory 2,,roll,
TIUB01PU2-305Z2,12,SMC Factory 2,,roll,
TIUB01PU2-500Z2,12,SMC Factory 2,,roll,
TIUB01P1-305Z2,12,SMC Factory 2,,roll,
TIUB01P1-500Z2,12,SMC Factory 2,,roll,
TIUB01R-305Z2,12,SMC Factory 2,,roll,
TIUB01R-500Z2,12,SMC Factory 2,,roll,
TIUB01R1-305Z2,12,SMC Factory 2,,roll,
TIUB01R1-500Z2,12,SMC Factory 2,,roll,
TIUB01R2-305Z2,12,SMC Factory 2,,roll,
TIUB01R2-500Z2,12,SMC Factory 2,,roll,
TIUB01S1-305Z2,12,SMC Factory 2,,roll,
TIUB01S1-500Z2,12,SMC Factory 2,,roll,
TIUB01W-305Z2,12,SMC Factory 2,,roll,
TIUB01W-500Z2,12,SMC Factory 2,,roll,
TIUB01Y-305Z2,12,SMC Factory 2,,roll,
TIUB01Y-500Z2,12,SMC Factory 2,,roll,
TIUB01YR-305Z2,12,SMC Factory 2,,roll,
TIUB01YR-500Z2,12,SMC Factory 2,,roll,
TIUB01YR1-305Z2,12,SMC Factory 2,,roll,
TIUB01YR1-500Z2,12,SMC Factory 2,,roll,
TIUB01YR2-305Z2,12,SMC Factory 2,,roll,
TIUB01YR2-500Z2,12,SMC Factory 2,,roll,
TIUB01Y1-305Z2,12,SMC Factory 2,,roll,
TIUB01Y1-500Z2,12,SMC Factory 2,,roll,
TIUB01Y2-305Z2,12,SMC Factory 2,,roll,
TIUB01Y2-500Z2,12,SMC Factory 2,,roll,
TIUB01Y3-305Z2,12,SMC Factory 2,,roll,
TIUB01Y3-500Z2,12,SMC Factory 2,,roll,
TIUB05B-305Z2,12,SMC Factory 2,,roll,
TIUB05B-500Z2,8,SMC Factory 2,,roll,
TIUB05BR1-305Z2,12,SMC Factory 2,,roll,
TIUB05BR1-500Z2,8,SMC Factory 2,,roll,
TIUB05BU-305Z2,12,SMC Factory 2,,roll,
TIUB05BU-500Z2,8,SMC Factory 2,,roll,
TIUB05BU1-305Z2,12,SMC Factory 2,,roll,
TIUB05BU1-500Z2,8,SMC Factory 2,,roll,
TIUB05BU2-305Z2,12,SMC Factory 2,,roll,
TIUB05BU2-500Z2,8,SMC Factory 2,,roll,
TIUB05BU3-305Z2,12,SMC Factory 2,,roll,
TIUB05BU3-500Z2,8,SMC Factory 2,,roll,
TIUB05C-305Z2,12,SMC Factory 2,,roll,
TIUB05C-500Z2,8,SMC Factory 2,,roll,
TIUB05G-305Z2,12,SMC Factory 2,,roll,
TIUB05G-500Z2,8,SMC Factory 2,,roll,
TIUB05GR1-305Z2,12,SMC Factory 2,,roll,
TIUB05GR1-500Z2,8,SMC Factory 2,,roll,
TIUB05GR2-305Z2,12,SMC Factory 2,,roll,
TIUB05GR2-500Z2,8,SMC Factory 2,,roll,
TIUB05G1-305Z2,12,SMC Factory 2,,roll,
TIUB05G1-500Z2,8,SMC Factory 2,,roll,
TIUB05G2-305Z2,12,SMC Factory 2,,roll,
TIUB05G2-500Z2,8,SMC Factory 2,,roll,
TIUB05G3-305Z2,12,SMC Factory 2,,roll,
TIUB05G3-500Z2,8,SMC Factory 2,,roll,
TIUB05G4-305Z2,12,SMC Factory 2,,roll,
TIUB05G4-500Z2,8,SMC Factory 2,,roll,
TIUB05PU1-305Z2,12,SMC Factory 2,,roll,
TIUB05PU1-500Z2,8,SMC Factory 2,,roll,
TIUB05PU2-305Z2,12,SMC Factory 2,,roll,
TIUB05PU2-500Z2,8,SMC Factory 2,,roll,
TIUB05P1-305Z2,12,SMC Factory 2,,roll,
TIUB05P1-500Z2,8,SMC Factory 2,,roll,
TIUB05R-305Z2,12,SMC Factory 2,,roll,
TIUB05R-500Z2,8,SMC Factory 2,,roll,
TIUB05R1-305Z2,12,SMC Factory 2,,roll,
TIUB05R1-500Z2,8,SMC Factory 2,,roll,
TIUB05R2-305Z2,12,SMC Factory 2,,roll,
TIUB05R2-500Z2,8,SMC Factory 2,,roll,
TIUB05S1-305Z2,12,SMC Factory 2,,roll,
TIUB05S1-500Z2,8,SMC Factory 2,,roll,
TIUB05W-305Z2,12,SMC Factory 2,,roll,
TIUB05W-500Z2,8,SMC Factory 2,,roll,
TIUB05Y-305Z2,12,SMC Factory 2,,roll,
TIUB05Y-500Z2,8,SMC Factory 2,,roll,
TIUB05YR-305Z2,12,SMC Factory 2,,roll,
TIUB05YR-500Z2,8,SMC Factory 2,,roll,
TIUB05YR1-305Z2,12,SMC Factory 2,,roll,
TIUB05YR1-500Z2,8,SMC Factory 2,,roll,
TIUB05YR2-305Z2,12,SMC Factory 2,,roll,
TIUB05YR2-500Z2,8,SMC Factory 2,,roll,
TIUB05Y1-305Z2,12,SMC Factory 2,,roll,
TIUB05Y1-500Z2,8,SMC Factory 2,,roll,
TIUB05Y2-305Z2,12,SMC Factory 2,,roll,
TIUB05Y2-500Z2,8,SMC Factory 2,,roll,
TIUB05Y3-305Z2,12,SMC Factory 2,,roll,
TIUB05Y3-500Z2,8,SMC Factory 2,,roll,
TIUB07B-305Z2,8,SMC Factory 2,,roll,
TIUB07B-500Z2,3,SMC Factory 2,,roll,
TIUB07BR1-305Z2,8,SMC Factory 2,,roll,
TIUB07BR1-500Z2,3,SMC Factory 2,,roll,
TIUB07BU-500Z2,3,SMC Factory 2,,roll,
TIUB07BU1-305Z2,8,SMC Factory 2,,roll,
TIUB07BU1-500Z2,3,SMC Factory 2,,roll,
TIUB07BU2-305Z2,8,SMC Factory 2,,roll,
TIUB07BU2-500Z2,3,SMC Factory 2,,roll,
TIUB07BU3-305Z2,8,SMC Factory 2,,roll,
TIUB07BU3-500Z2,3,SMC Factory 2,,roll,
TIUB07C-305Z2,8,SMC Factory 2,,roll,
TIUB07G-305Z2,8,SMC Factory 2,,roll,
TIUB07G-500Z2,3,SMC Factory 2,,roll,
TIUB07GR1-305Z2,8,SMC Factory 2,,roll,
TIUB07GR1-500Z2,3,SMC Factory 2,,roll,
TIUB07GR2-305Z2,8,SMC Factory 2,,roll,
TIUB07GR2-500Z2,3,SMC Factory 2,,roll,
TIUB07G1-305Z2,8,SMC Factory 2,,roll,
TIUB07G1-500Z2,3,SMC Factory 2,,roll,
TIUB07G2-305Z2,8,SMC Factory 2,,roll,
TIUB07G2-500Z2,3,SMC Factory 2,,roll,
TIUB07G3-305Z2,8,SMC Factory 2,,roll,
TIUB07G3-500Z2,3,SMC Factory 2,,roll,
TIUB07G4-305Z2,8,SMC Factory 2,,roll,
TIUB07G4-500Z2,3,SMC Factory 2,,roll,
TIUB07PU1-305Z2,8,SMC Factory 2,,roll,
TIUB07PU1-500Z2,3,SMC Factory 2,,roll,
TIUB07PU2-305Z2,8,SMC Factory 2,,roll,
TIUB07PU2-500Z2,3,SMC Factory 2,,roll,
TIUB07P1-305Z2,8,SMC Factory 2,,roll,
TIUB07P1-500Z2,3,SMC Factory 2,,roll,
TIUB07R-305Z2,8,SMC Factory 2,,roll,
TIUB07R-500Z2,3,SMC Factory 2,,roll,
TIUB07R1-305Z2,8,SMC Factory 2,,roll,
TIUB07R1-500Z2,3,SMC Factory 2,,roll,
TIUB07R2-305Z2,8,SMC Factory 2,,roll,
TIUB07R2-500Z2,3,SMC Factory 2,,roll,
TIUB07S1-305Z2,8,SMC Factory 2,,roll,
TIUB07S1-500Z2,3,SMC Factory 2,,roll,
TIUB07W-305Z2,8,SMC Factory 2,,roll,
TIUB07W-500Z2,3,SMC Factory 2,,roll,
TIUB07Y-305Z2,8,SMC Factory 2,,roll,
TIUB07Y-500Z2,3,SMC Factory 2,,roll,
TIUB07YR-305Z2,8,SMC Factory 2,,roll,
TIUB07YR-500Z2,3,SMC Factory 2,,roll,
TIUB07YR1-305Z2,8,SMC Factory 2,,roll,
TIUB07YR1-500Z2,3,SMC Factory 2,,roll,
TIUB07YR2-500Z2,3,SMC Factory 2,,roll,
TIUB07Y1-305Z2,8,SMC Factory 2,,roll,
TIUB07Y1-500Z2,3,SMC Factory 2,,roll,
TIUB07Y2-305Z2,8,SMC Factory 2,,roll,
TIUB07Y2-500Z2,3,SMC Factory 2,,roll,
TIUB07Y3-305Z2,8,SMC Factory 2,,roll,
TIUB07Y3-500Z2,3,SMC Factory 2,,roll,
TIUB11B-305Z2,2,SMC Factory 2,,roll,
TIUB11B-500Z2,1,SMC Factory 2,,roll,
TIUB11BR1-305Z2,2,SMC Factory 2,,roll,
TIUB11BR1-500Z2,1,SMC Factory 2,,roll,
TIUB11BU-305Z2,2,SMC Factory 2,,roll,
TIUB11BU-500Z2,1,SMC Factory 2,,roll,
TIUB11BU1-305Z2,2,SMC Factory 2,,roll,
TIUB11BU1-500Z2,1,SMC Factory 2,,roll,
TIUB11BU2-305Z2,2,SMC Factory 2,,roll,
TIUB11BU2-500Z2,1,SMC Factory 2,,roll,
TIUB11BU3-305Z2,2,SMC Factory 2,,roll,
TIUB11BU3-500Z2,1,SMC Factory 2,,roll,
TIUB11C-305Z2,2,SMC Factory 2,,roll,
TIUB11C-500Z2,1,SMC Factory 2,,roll,
TIUB11G-305Z2,2,SMC Factory 2,,roll,
TIUB11G-500Z2,1,SMC Factory 2,,roll,
TIUB11GR1-305Z2,2,SMC Factory 2,,roll,
TIUB11GR1-500Z2,1,SMC Factory 2,,roll,
TIUB11GR2-305Z2,2,SMC Factory 2,,roll,
TIUB11GR2-500Z2,1,SMC Factory 2,,roll,
TIUB11G1-305Z2,2,SMC Factory 2,,roll,
TIUB11G1-500Z2,1,SMC Factory 2,,roll,
TIUB11G2-305Z2,2,SMC Factory 2,,roll,
TIUB11G2-500Z2,1,SMC Factory 2,,roll,
TIUB11G3-305Z2,2,SMC Factory 2,,roll,
TIUB11G3-500Z2,1,SMC Factory 2,,roll,
TIUB11G4-305Z2,2,SMC Factory 2,,roll,
TIUB11G4-500Z2,1,SMC Factory 2,,roll,
TIUB11PU1-305Z2,2,SMC Factory 2,,roll,
TIUB11PU1-500Z2,1,SMC Factory 2,,roll,
TIUB11PU2-305Z2,2,SMC Factory 2,,roll,
TIUB11PU2-500Z2,1,SMC Factory 2,,roll,
TIUB11P1-305Z2,2,SMC Factory 2,,roll,
TIUB11P1-500Z2,1,SMC Factory 2,,roll,
TIUB11R-305Z2,2,SMC Factory 2,,roll,
TIUB11R-500Z2,1,SMC Factory 2,,roll,
TIUB11R1-305Z2,2,SMC Factory 2,,roll,
TIUB11R1-500Z2,1,SMC Factory 2,,roll,
TIUB11R2-305Z2,2,SMC Factory 2,,roll,
TIUB11R2-500Z2,1,SMC Factory 2,,roll,
TIUB11S1-305Z2,2,SMC Factory 2,,roll,
TIUB11S1-500Z2,1,SMC Factory 2,,roll,
TIUB11W-305Z2,2,SMC Factory 2,,roll,
TIUB11W-500Z2,1,SMC Factory 2,,roll,
TIUB11Y-305Z2,2,SMC Factory 2,,roll,
TIUB11Y-500Z2,1,SMC Factory 2,,roll,
TIUB11YR-305Z2,2,SMC Factory 2,,roll,
TIUB11YR-500Z2,1,SMC Factory 2,,roll,
TIUB11YR1-305Z2,2,SMC Factory 2,,roll,
TIUB11YR1-500Z2,1,SMC Factory 2,,roll,
TIUB11YR2-305Z2,2,SMC Factory 2,,roll,
TIUB11YR2-500Z2,1,SMC Factory 2,,roll,
TIUB11Y1-305Z2,2,SMC Factory 2,,roll,
TIUB11Y1-500Z2,1,SMC Factory 2,,roll,
TIUB11Y2-305Z2,2,SMC Factory 2,,roll,
TIUB11Y2-500Z2,1,SMC Factory 2,,roll,
TIUB11Y3-305Z2,2,SMC Factory 2,,roll,
TIUB11Y3-500Z2,1,SMC Factory 2,,roll,
TIUB13B-305Z2,1,SMC Factory 2,,roll,
TIUB13B-500Z2,1,SMC Factory 2,,roll,
TIUB13BR1-305Z2,1,SMC Factory 2,,roll,
TIUB13BR1-500Z2,1,SMC Factory 2,,roll,
TIUB13BU-305Z2,1,SMC Factory 2,,roll,
TIUB13BU-500Z2,1,SMC Factory 2,,roll,
TIUB13BU1-305Z2,1,SMC Factory 2,,roll,
TIUB13BU1-500Z2,1,SMC Factory 2,,roll,
TIUB13BU2-305Z2,1,SMC Factory 2,,roll,
TIUB13BU2-500Z2,1,SMC Factory 2,,roll,
TIUB13BU3-305Z2,1,SMC Factory 2,,roll,
TIUB13BU3-500Z2,1,SMC Factory 2,,roll,
TIUB13C-305Z2,1,SMC Factory 2,,roll,
TIUB13C-500Z2,1,SMC Factory 2,,roll,
TIUB13G-305Z2,1,SMC Factory 2,,roll,
TIUB13G-500Z2,1,SMC Factory 2,,roll,
TIUB13GR1-305Z2,1,SMC Factory 2,,roll,
TIUB13GR1-500Z2,1,SMC Factory 2,,roll,
TIUB13GR2-305Z2,1,SMC Factory 2,,roll,
TIUB13GR2-500Z2,1,SMC Factory 2,,roll,
TIUB13G1-305Z2,1,SMC Factory 2,,roll,
TIUB13G1-500Z2,1,SMC Factory 2,,roll,
TIUB13G2-305Z2,1,SMC Factory 2,,roll,
TIUB13G2-500Z2,1,SMC Factory 2,,roll,
TIUB13G3-305Z2,1,SMC Factory 2,,roll,
TIUB13G3-500Z2,1,SMC Factory 2,,roll,
TIUB13G4-305Z2,1,SMC Factory 2,,roll,
TIUB13G4-500Z2,1,SMC Factory 2,,roll,
TIUB13PU1-305Z2,1,SMC Factory 2,,roll,
TIUB13PU1-500Z2,1,SMC Factory 2,,roll,
TIUB13PU2-305Z2,1,SMC Factory 2,,roll,
TIUB13PU2-500Z2,1,SMC Factory 2,,roll,
TIUB13P1-305Z2,1,SMC Factory 2,,roll,
TIUB13P1-500Z2,1,SMC Factory 2,,roll,
TIUB13R-305Z2,1,SMC Factory 2,,roll,
TIUB13R-500Z2,1,SMC Factory 2,,roll,
TIUB13R1-305Z2,1,SMC Factory 2,,roll,
TIUB13R1-500Z2,1,SMC Factory 2,,roll,
TIUB13R2-305Z2,1,SMC Factory 2,,roll,
TIUB13R2-500Z2,1,SMC Factory 2,,roll,
TIUB13S1-305Z2,1,SMC Factory 2,,roll,
TIUB13S1-500Z2,1,SMC Factory 2,,roll,
TIUB13W-305Z2,1,SMC Factory 2,,roll,
TIUB13W-500Z2,1,SMC Factory 2,,roll,
TIUB13Y-305Z2,1,SMC Factory 2,,roll,
TIUB13Y-500Z2,1,SMC Factory 2,,roll,
TIUB13YR-305Z2,1,SMC Factory 2,,roll,
TIUB13YR-500Z2,1,SMC Factory 2,,roll,
TIUB13YR1-305Z2,1,SMC Factory 2,,roll,
TIUB13YR1-500Z2,1,SMC Factory 2,,roll,
TIUB13YR2-305Z2,1,SMC Factory 2,,roll,
TIUB13YR2-500Z2,1,SMC Factory 2,,roll,
TIUB13Y1-305Z2,1,SMC Factory 2,,roll,
TIUB13Y1-500Z2,1,SMC Factory 2,,roll,
TIUB13Y2-305Z2,1,SMC Factory 2,,roll,
TIUB13Y2-500Z2,1,SMC Factory 2,,roll,
TIUB13Y3-305Z2,1,SMC Factory 2,,roll,
TIUB13Y3-500Z2,1,SMC Factory 2,,roll,
TIUB01R2-33Z2,315,SMC Factory 2,,roll,
TU0604B-305Z4,8,SMC Factory 2,,roll,
TU0604B-500Z4,8,SMC Factory 2,,roll,
TIUB01B-100Z10,68,SMC Factory 2,,roll,
TIUB01B-100Z11,68,SMC Factory 2,,roll,
TIUB01B-100Z13,68,SMC Factory 2,,roll,
TIUB01B-100Z14,68,SMC Factory 2,,roll,
TIUB01B-100Z15,68,SMC Factory 2,,roll,
TIUB01B-100Z16,68,SMC Factory 2,,roll,
TIUB01B-100Z17,68,SMC Factory 2,,roll,
TIUB01B-100Z18,68,SMC Factory 2,,roll,
TIUB01B-100Z3,68,SMC Factory 2,,roll,
TIUB01B-100Z5,68,SMC Factory 2,,roll,
TIUB01B-100Z6,68,SMC Factory 2,,roll,
TIUB01B-100Z7,68,SMC Factory 2,,roll,
TIUB01B-100Z8,68,SMC Factory 2,,roll,
TIUB01B-100Z9,68,SMC Factory 2,,roll,
TIUB01B-153Z10,56,SMC Factory 2,,roll,
TIUB01B-153Z11,56,SMC Factory 2,,roll,
TIUB01B-153Z13,56,SMC Factory 2,,roll,
TIUB01B-153Z14,56,SMC Factory 2,,roll,
TIUB01B-153Z15,56,SMC Factory 2,,roll,
TIUB01B-153Z16,56,SMC Factory 2,,roll,
TIUB01B-153Z17,56,SMC Factory 2,,roll,
TIUB01B-153Z18,56,SMC Factory 2,,roll,
TIUB01B-153Z3,56,SMC Factory 2,,roll,
TIUB01B-153Z5,56,SMC Factory 2,,roll,
TIUB01B-153Z6,56,SMC Factory 2,,roll,
TIUB01B-153Z7,56,SMC Factory 2,,roll,
TIUB01B-153Z8,56,SMC Factory 2,,roll,
TIUB01B-153Z9,56,SMC Factory 2,,roll,
TIUB01B-20Z10,450,SMC Factory 2,,roll,
TIUB01B-20Z11,450,SMC Factory 2,,roll,
TIUB01B-20Z13,450,SMC Factory 2,,roll,
TIUB01B-20Z14,450,SMC Factory 2,,roll,
TIUB01B-20Z15,450,SMC Factory 2,,roll,
TIUB01B-20Z16,450,SMC Factory 2,,roll,
TIUB01B-20Z17,450,SMC Factory 2,,roll,
TIUB01B-20Z18,450,SMC Factory 2,,roll,
TIUB01B-20Z3,450,SMC Factory 2,,roll,
TIUB01B-20Z5,450,SMC Factory 2,,roll,
TIUB01B-20Z6,450,SMC Factory 2,,roll,
TIUB01B-20Z7,450,SMC Factory 2,,roll,
TIUB01B-20Z8,450,SMC Factory 2,,roll,
TIUB01B-20Z9,450,SMC Factory 2,,roll,
TIUB01B-305Z10,12,SMC Factory 2,,roll,
TIUB01B-305Z11,12,SMC Factory 2,,roll,
TIUB01B-305Z13,12,SMC Factory 2,,roll,
TIUB01B-305Z14,12,SMC Factory 2,,roll,
TIUB01B-305Z15,12,SMC Factory 2,,roll,
TIUB01B-305Z16,12,SMC Factory 2,,roll,
TIUB01B-305Z17,12,SMC Factory 2,,roll,
TIUB01B-305Z18,12,SMC Factory 2,,roll,
TIUB01B-305Z3,12,SMC Factory 2,,roll,
TIUB01B-305Z5,12,SMC Factory 2,,roll,
TIUB01B-305Z6,12,SMC Factory 2,,roll,
TIUB01B-305Z7,12,SMC Factory 2,,roll,
TIUB01B-305Z8,12,SMC Factory 2,,roll,
TIUB01B-305Z9,12,SMC Factory 2,,roll,
TIUB01B-33Z10,315,SMC Factory 2,,roll,
TIUB01B-33Z11,315,SMC Factory 2,,roll,
TIUB01B-33Z13,315,SMC Factory 2,,roll,
TIUB01B-33Z14,315,SMC Factory 2,,roll,
TIUB01B-33Z15,315,SMC Factory 2,,roll,
TIUB01B-33Z16,315,SMC Factory 2,,roll,
TIUB01B-33Z17,315,SMC Factory 2,,roll,
TIUB01B-33Z18,315,SMC Factory 2,,roll,
TIUB01B-33Z3,315,SMC Factory 2,,roll,
TIUB01B-33Z5,315,SMC Factory 2,,roll,
TIUB01B-33Z6,315,SMC Factory 2,,roll,
TIUB01B-33Z7,315,SMC Factory 2,,roll,
TIUB01B-33Z8,315,SMC Factory 2,,roll,
TIUB01B-33Z9,315,SMC Factory 2,,roll,
TIUB01B-500Z10,12,SMC Factory 2,,roll,
TIUB01B-500Z11,12,SMC Factory 2,,roll,
TIUB01B-500Z13,12,SMC Factory 2,,roll,
TIUB01B-500Z14,12,SMC Factory 2,,roll,
TIUB01B-500Z15,12,SMC Factory 2,,roll,
TIUB01B-500Z16,12,SMC Factory 2,,roll,
TIUB01B-500Z17,12,SMC Factory 2,,roll,
TIUB01B-500Z18,12,SMC Factory 2,,roll,
TIUB01B-500Z3,12,SMC Factory 2,,roll,
TIUB01B-500Z5,12,SMC Factory 2,,roll,
TIUB01B-500Z6,12,SMC Factory 2,,roll,
TIUB01B-500Z7,12,SMC Factory 2,,roll,
TIUB01B-500Z8,12,SMC Factory 2,,roll,
TIUB01B-500Z9,12,SMC Factory 2,,roll,
TIUB05B-100Z10,60,SMC Factory 2,,roll,
TIUB05B-100Z11,60,SMC Factory 2,,roll,
TIUB05B-100Z13,60,SMC Factory 2,,roll,
TIUB05B-100Z14,60,SMC Factory 2,,roll,
TIUB05B-100Z15,60,SMC Factory 2,,roll,
TIUB05B-100Z16,60,SMC Factory 2,,roll,
TIUB05B-100Z17,60,SMC Factory 2,,roll,
TIUB05B-100Z18,60,SMC Factory 2,,roll,
TIUB05B-100Z3,60,SMC Factory 2,,roll,
TIUB05B-100Z5,60,SMC Factory 2,,roll,
TIUB05B-100Z6,60,SMC Factory 2,,roll,
TIUB05B-100Z7,60,SMC Factory 2,,roll,
TIUB05B-100Z8,60,SMC Factory 2,,roll,
TIUB05B-100Z9,60,SMC Factory 2,,roll,
TIUB05B-153Z10,32,SMC Factory 2,,roll,
TIUB05B-153Z11,32,SMC Factory 2,,roll,
TIUB05B-153Z13,32,SMC Factory 2,,roll,
TIUB05B-153Z14,32,SMC Factory 2,,roll,
TIUB05B-153Z15,32,SMC Factory 2,,roll,
TIUB05B-153Z16,32,SMC Factory 2,,roll,
TIUB05B-153Z17,32,SMC Factory 2,,roll,
TIUB05B-153Z18,32,SMC Factory 2,,roll,
TIUB05B-153Z3,32,SMC Factory 2,,roll,
TIUB05B-153Z5,32,SMC Factory 2,,roll,
TIUB05B-153Z6,32,SMC Factory 2,,roll,
TIUB05B-153Z7,32,SMC Factory 2,,roll,
TIUB05B-153Z8,32,SMC Factory 2,,roll,
TIUB05B-153Z9,32,SMC Factory 2,,roll,
TIUB05B-20Z10,180,SMC Factory 2,,roll,
TIUB05B-20Z11,180,SMC Factory 2,,roll,
TIUB05B-20Z13,180,SMC Factory 2,,roll,
TIUB05B-20Z14,180,SMC Factory 2,,roll,
TIUB05B-20Z15,180,SMC Factory 2,,roll,
TIUB05B-20Z16,180,SMC Factory 2,,roll,
TIUB05B-20Z17,180,SMC Factory 2,,roll,
TIUB05B-20Z18,180,SMC Factory 2,,roll,
TIUB05B-20Z3,180,SMC Factory 2,,roll,
TIUB05B-20Z5,180,SMC Factory 2,,roll,
TIUB05B-20Z6,180,SMC Factory 2,,roll,
TIUB05B-20Z7,180,SMC Factory 2,,roll,
TIUB05B-20Z8,180,SMC Factory 2,,roll,
TIUB05B-20Z9,180,SMC Factory 2,,roll,
TIUB05B-305Z10,12,SMC Factory 2,,roll,
TIUB05B-305Z11,12,SMC Factory 2,,roll,
TIUB05B-305Z13,12,SMC Factory 2,,roll,
TIUB05B-305Z14,12,SMC Factory 2,,roll,
TIUB05B-305Z15,12,SMC Factory 2,,roll,
TIUB05B-305Z16,12,SMC Factory 2,,roll,
TIUB05B-305Z17,12,SMC Factory 2,,roll,
TIUB05B-305Z18,12,SMC Factory 2,,roll,
TIUB05B-305Z3,12,SMC Factory 2,,roll,
TIUB05B-305Z5,12,SMC Factory 2,,roll,
TIUB05B-305Z6,12,SMC Factory 2,,roll,
TIUB05B-305Z7,12,SMC Factory 2,,roll,
TIUB05B-305Z8,12,SMC Factory 2,,roll,
TIUB05B-305Z9,12,SMC Factory 2,,roll,
TIUB05B-33Z10,118,SMC Factory 2,,roll,
TIUB05B-33Z11,118,SMC Factory 2,,roll,
TIUB05B-33Z13,118,SMC Factory 2,,roll,
TIUB05B-33Z14,118,SMC Factory 2,,roll,
TIUB05B-33Z15,118,SMC Factory 2,,roll,
TIUB05B-33Z16,118,SMC Factory 2,,roll,
TIUB05B-33Z17,118,SMC Factory 2,,roll,
TIUB05B-33Z18,118,SMC Factory 2,,roll,
TIUB05B-33Z3,118,SMC Factory 2,,roll,
TIUB05B-33Z5,118,SMC Factory 2,,roll,
TIUB05B-33Z6,118,SMC Factory 2,,roll,
TIUB05B-33Z7,118,SMC Factory 2,,roll,
TIUB05B-33Z8,118,SMC Factory 2,,roll,
TIUB05B-33Z9,118,SMC Factory 2,,roll,
TIUB05B-500Z10,8,SMC Factory 2,,roll,
TIUB05B-500Z11,8,SMC Factory 2,,roll,
TIUB05B-500Z13,8,SMC Factory 2,,roll,
TIUB05B-500Z14,8,SMC Factory 2,,roll,
TIUB05B-500Z15,8,SMC Factory 2,,roll,
TIUB05B-500Z16,8,SMC Factory 2,,roll,
TIUB05B-500Z17,8,SMC Factory 2,,roll,
TIUB05B-500Z18,8,SMC Factory 2,,roll,
TIUB05B-500Z3,8,SMC Factory 2,,roll,
TIUB05B-500Z5,8,SMC Factory 2,,roll,
TIUB05B-500Z6,8,SMC Factory 2,,roll,
TIUB05B-500Z7,8,SMC Factory 2,,roll,
TIUB05B-500Z8,8,SMC Factory 2,,roll,
TIUB05B-500Z9,8,SMC Factory 2,,roll,
TIUB07B-100Z10,32,SMC Factory 2,,roll,
TIUB07B-100Z11,32,SMC Factory 2,,roll,
TIUB07B-100Z13,32,SMC Factory 2,,roll,
TIUB07B-100Z14,32,SMC Factory 2,,roll,
TIUB07B-100Z15,32,SMC Factory 2,,roll,
TIUB07B-100Z16,32,SMC Factory 2,,roll,
TIUB07B-100Z17,32,SMC Factory 2,,roll,
TIUB07B-100Z18,32,SMC Factory 2,,roll,
TIUB07B-100Z3,32,SMC Factory 2,,roll,
TIUB07B-100Z5,32,SMC Factory 2,,roll,
TIUB07B-100Z6,32,SMC Factory 2,,roll,
TIUB07B-100Z7,32,SMC Factory 2,,roll,
TIUB07B-100Z8,32,SMC Factory 2,,roll,
TIUB07B-100Z9,32,SMC Factory 2,,roll,
TIUB07B-153Z10,20,SMC Factory 2,,roll,
TIUB07B-153Z11,20,SMC Factory 2,,roll,
TIUB07B-153Z13,20,SMC Factory 2,,roll,
TIUB07B-153Z14,20,SMC Factory 2,,roll,
TIUB07B-153Z15,20,SMC Factory 2,,roll,
TIUB07B-153Z16,20,SMC Factory 2,,roll,
TIUB07B-153Z17,20,SMC Factory 2,,roll,
TIUB07B-153Z18,20,SMC Factory 2,,roll,
TIUB07B-153Z3,20,SMC Factory 2,,roll,
TIUB07B-153Z5,20,SMC Factory 2,,roll,
TIUB07B-153Z6,20,SMC Factory 2,,roll,
TIUB07B-153Z7,20,SMC Factory 2,,roll,
TIUB07B-153Z8,20,SMC Factory 2,,roll,
TIUB07B-153Z9,20,SMC Factory 2,,roll,
TIUB07B-20Z10,112,SMC Factory 2,,roll,
TIUB07B-20Z11,112,SMC Factory 2,,roll,
TIUB07B-20Z13,112,SMC Factory 2,,roll,
TIUB07B-20Z14,112,SMC Factory 2,,roll,
TIUB07B-20Z15,112,SMC Factory 2,,roll,
TIUB07B-20Z16,112,SMC Factory 2,,roll,
TIUB07B-20Z17,112,SMC Factory 2,,roll,
TIUB07B-20Z18,112,SMC Factory 2,,roll,
TIUB07B-20Z3,112,SMC Factory 2,,roll,
TIUB07B-20Z5,112,SMC Factory 2,,roll,
TIUB07B-20Z6,112,SMC Factory 2,,roll,
TIUB07B-20Z7,112,SMC Factory 2,,roll,
TIUB07B-20Z8,112,SMC Factory 2,,roll,
TIUB07B-20Z9,112,SMC Factory 2,,roll,
TIUB07B-305Z10,8,SMC Factory 2,,roll,
TIUB07B-305Z11,8,SMC Factory 2,,roll,
TIUB07B-305Z13,8,SMC Factory 2,,roll,
TIUB07B-305Z14,8,SMC Factory 2,,roll,
TIUB07B-305Z15,8,SMC Factory 2,,roll,
TIUB07B-305Z16,8,SMC Factory 2,,roll,
TIUB07B-305Z17,8,SMC Factory 2,,roll,
TIUB07B-305Z18,8,SMC Factory 2,,roll,
TIUB07B-305Z3,8,SMC Factory 2,,roll,
TIUB07B-305Z5,8,SMC Factory 2,,roll,
TIUB07B-305Z6,8,SMC Factory 2,,roll,
TIUB07B-305Z7,8,SMC Factory 2,,roll,
TIUB07B-305Z8,8,SMC Factory 2,,roll,
TIUB07B-305Z9,8,SMC Factory 2,,roll,
TIUB07B-33Z10,72,SMC Factory 2,,roll,
TIUB07B-33Z11,72,SMC Factory 2,,roll,
TIUB07B-33Z13,72,SMC Factory 2,,roll,
TIUB07B-33Z14,72,SMC Factory 2,,roll,
TIUB07B-33Z15,72,SMC Factory 2,,roll,
TIUB07B-33Z16,72,SMC Factory 2,,roll,
TIUB07B-33Z17,72,SMC Factory 2,,roll,
TIUB07B-33Z18,72,SMC Factory 2,,roll,
TIUB07B-33Z3,72,SMC Factory 2,,roll,
TIUB07B-33Z5,72,SMC Factory 2,,roll,
TIUB07B-33Z6,72,SMC Factory 2,,roll,
TIUB07B-33Z7,72,SMC Factory 2,,roll,
TIUB07B-33Z8,72,SMC Factory 2,,roll,
TIUB07B-33Z9,72,SMC Factory 2,,roll,
TIUB07B-500Z10,3,SMC Factory 2,,roll,
TIUB07B-500Z11,3,SMC Factory 2,,roll,
TIUB07B-500Z13,3,SMC Factory 2,,roll,
TIUB07B-500Z14,3,SMC Factory 2,,roll,
TIUB07B-500Z15,3,SMC Factory 2,,roll,
TIUB07B-500Z16,3,SMC Factory 2,,roll,
TIUB07B-500Z17,3,SMC Factory 2,,roll,
TIUB07B-500Z18,3,SMC Factory 2,,roll,
TIUB07B-500Z3,3,SMC Factory 2,,roll,
TIUB07B-500Z5,3,SMC Factory 2,,roll,
TIUB07B-500Z6,3,SMC Factory 2,,roll,
TIUB07B-500Z7,3,SMC Factory 2,,roll,
TIUB07B-500Z8,3,SMC Factory 2,,roll,
TIUB07B-500Z9,3,SMC Factory 2,,roll,
TIUB11B-100Z10,12,SMC Factory 2,,roll,
TIUB11B-100Z11,12,SMC Factory 2,,roll,
TIUB11B-100Z13,12,SMC Factory 2,,roll,
TIUB11B-100Z14,12,SMC Factory 2,,roll,
TIUB11B-100Z15,12,SMC Factory 2,,roll,
TIUB11B-100Z16,12,SMC Factory 2,,roll,
TIUB11B-100Z17,12,SMC Factory 2,,roll,
TIUB11B-100Z18,12,SMC Factory 2,,roll,
TIUB11B-100Z3,12,SMC Factory 2,,roll,
TIUB11B-100Z5,12,SMC Factory 2,,roll,
TIUB11B-100Z6,12,SMC Factory 2,,roll,
TIUB11B-100Z7,12,SMC Factory 2,,roll,
TIUB11B-100Z8,12,SMC Factory 2,,roll,
TIUB11B-100Z9,12,SMC Factory 2,,roll,
TIUB11B-153Z10,3,SMC Factory 2,,roll,
TIUB11B-153Z11,3,SMC Factory 2,,roll,
TIUB11B-153Z13,3,SMC Factory 2,,roll,
TIUB11B-153Z14,3,SMC Factory 2,,roll,
TIUB11B-153Z15,3,SMC Factory 2,,roll,
TIUB11B-153Z16,3,SMC Factory 2,,roll,
TIUB11B-153Z17,3,SMC Factory 2,,roll,
TIUB11B-153Z18,3,SMC Factory 2,,roll,
TIUB11B-153Z3,3,SMC Factory 2,,roll,
TIUB11B-153Z5,3,SMC Factory 2,,roll,
TIUB11B-153Z6,3,SMC Factory 2,,roll,
TIUB11B-153Z7,3,SMC Factory 2,,roll,
TIUB11B-153Z8,3,SMC Factory 2,,roll,
TIUB11B-153Z9,3,SMC Factory 2,,roll,
TIUB11B-20Z10,58,SMC Factory 2,,roll,
TIUB11B-20Z11,58,SMC Factory 2,,roll,
TIUB11B-20Z13,58,SMC Factory 2,,roll,
TIUB11B-20Z14,58,SMC Factory 2,,roll,
TIUB11B-20Z15,58,SMC Factory 2,,roll,
TIUB11B-20Z16,58,SMC Factory 2,,roll,
TIUB11B-20Z17,58,SMC Factory 2,,roll,
TIUB11B-20Z18,58,SMC Factory 2,,roll,
TIUB11B-20Z3,58,SMC Factory 2,,roll,
TIUB11B-20Z5,58,SMC Factory 2,,roll,
TIUB11B-20Z6,58,SMC Factory 2,,roll,
TIUB11B-20Z7,58,SMC Factory 2,,roll,
TIUB11B-20Z8,58,SMC Factory 2,,roll,
TIUB11B-20Z9,58,SMC Factory 2,,roll,
TIUB11B-305Z10,2,SMC Factory 2,,roll,
TIUB11B-305Z11,2,SMC Factory 2,,roll,
TIUB11B-305Z13,2,SMC Factory 2,,roll,
TIUB11B-305Z14,2,SMC Factory 2,,roll,
TIUB11B-305Z15,2,SMC Factory 2,,roll,
TIUB11B-305Z16,2,SMC Factory 2,,roll,
TIUB11B-305Z17,2,SMC Factory 2,,roll,
TIUB11B-305Z18,2,SMC Factory 2,,roll,
TIUB11B-305Z3,2,SMC Factory 2,,roll,
TIUB11B-305Z5,2,SMC Factory 2,,roll,
TIUB11B-305Z6,2,SMC Factory 2,,roll,
TIUB11B-305Z7,2,SMC Factory 2,,roll,
TIUB11B-305Z8,2,SMC Factory 2,,roll,
TIUB11B-305Z9,2,SMC Factory 2,,roll,
TIUB11B-33Z10,44,SMC Factory 2,,roll,
TIUB11B-33Z11,44,SMC Factory 2,,roll,
TIUB11B-33Z13,44,SMC Factory 2,,roll,
TIUB11B-33Z14,44,SMC Factory 2,,roll,
TIUB11B-33Z15,44,SMC Factory 2,,roll,
TIUB11B-33Z16,44,SMC Factory 2,,roll,
TIUB11B-33Z17,44,SMC Factory 2,,roll,
TIUB11B-33Z18,44,SMC Factory 2,,roll,
TIUB11B-33Z3,44,SMC Factory 2,,roll,
TIUB11B-33Z5,44,SMC Factory 2,,roll,
TIUB11B-33Z6,44,SMC Factory 2,,roll,
TIUB11B-33Z7,44,SMC Factory 2,,roll,
TIUB11B-33Z8,44,SMC Factory 2,,roll,
TIUB11B-33Z9,44,SMC Factory 2,,roll,
TIUB11B-500Z10,1,SMC Factory 2,,roll,
TIUB11B-500Z11,1,SMC Factory 2,,roll,
TIUB11B-500Z13,1,SMC Factory 2,,roll,
TIUB11B-500Z14,1,SMC Factory 2,,roll,
TIUB11B-500Z15,1,SMC Factory 2,,roll,
TIUB11B-500Z16,1,SMC Factory 2,,roll,
TIUB11B-500Z17,1,SMC Factory 2,,roll,
TIUB11B-500Z18,1,SMC Factory 2,,roll,
TIUB11B-500Z3,1,SMC Factory 2,,roll,
TIUB11B-500Z5,1,SMC Factory 2,,roll,
TIUB11B-500Z6,1,SMC Factory 2,,roll,
TIUB11B-500Z7,1,SMC Factory 2,,roll,
TIUB11B-500Z8,1,SMC Factory 2,,roll,
TIUB11B-500Z9,1,SMC Factory 2,,roll,
TIUB13B-100Z10,8,SMC Factory 2,,roll,
TIUB13B-100Z11,8,SMC Factory 2,,roll,
TIUB13B-100Z13,8,SMC Factory 2,,roll,
TIUB13B-100Z14,8,SMC Factory 2,,roll,
TIUB13B-100Z15,8,SMC Factory 2,,roll,
TIUB13B-100Z16,8,SMC Factory 2,,roll,
TIUB13B-100Z17,8,SMC Factory 2,,roll,
TIUB13B-100Z18,8,SMC Factory 2,,roll,
TIUB13B-100Z3,8,SMC Factory 2,,roll,
TIUB13B-100Z5,8,SMC Factory 2,,roll,
TIUB13B-100Z6,8,SMC Factory 2,,roll,
TIUB13B-100Z7,8,SMC Factory 2,,roll,
TIUB13B-100Z8,8,SMC Factory 2,,roll,
TIUB13B-100Z9,8,SMC Factory 2,,roll,
TIUB13B-153Z10,2,SMC Factory 2,,roll,
TIUB13B-153Z11,2,SMC Factory 2,,roll,
TIUB13B-153Z13,2,SMC Factory 2,,roll,
TIUB13B-153Z14,2,SMC Factory 2,,roll,
TIUB13B-153Z15,2,SMC Factory 2,,roll,
TIUB13B-153Z16,2,SMC Factory 2,,roll,
TIUB13B-153Z17,2,SMC Factory 2,,roll,
TIUB13B-153Z18,2,SMC Factory 2,,roll,
TIUB13B-153Z3,2,SMC Factory 2,,roll,
TIUB13B-153Z5,2,SMC Factory 2,,roll,
TIUB13B-153Z6,2,SMC Factory 2,,roll,
TIUB13B-153Z7,2,SMC Factory 2,,roll,
TIUB13B-153Z8,2,SMC Factory 2,,roll,
TIUB13B-153Z9,2,SMC Factory 2,,roll,
TIUB13B-20Z10,34,SMC Factory 2,,roll,
TIUB13B-20Z11,34,SMC Factory 2,,roll,
TIUB13B-20Z13,34,SMC Factory 2,,roll,
TIUB13B-20Z14,34,SMC Factory 2,,roll,
TIUB13B-20Z15,34,SMC Factory 2,,roll,
TIUB13B-20Z16,34,SMC Factory 2,,roll,
TIUB13B-20Z17,34,SMC Factory 2,,roll,
TIUB13B-20Z18,34,SMC Factory 2,,roll,
TIUB13B-20Z3,34,SMC Factory 2,,roll,
TIUB13B-20Z5,34,SMC Factory 2,,roll,
TIUB13B-20Z6,34,SMC Factory 2,,roll,
TIUB13B-20Z7,34,SMC Factory 2,,roll,
TIUB13B-20Z8,34,SMC Factory 2,,roll,
TIUB13B-20Z9,34,SMC Factory 2,,roll,
TIUB13B-305Z10,1,SMC Factory 2,,roll,
TIUB13B-305Z11,1,SMC Factory 2,,roll,
TIUB13B-305Z13,1,SMC Factory 2,,roll,
TIUB13B-305Z14,1,SMC Factory 2,,roll,
TIUB13B-305Z15,1,SMC Factory 2,,roll,
TIUB13B-305Z16,1,SMC Factory 2,,roll,
TIUB13B-305Z17,1,SMC Factory 2,,roll,
TIUB13B-305Z18,1,SMC Factory 2,,roll,
TIUB13B-305Z3,1,SMC Factory 2,,roll,
TIUB13B-305Z5,1,SMC Factory 2,,roll,
TIUB13B-305Z6,1,SMC Factory 2,,roll,
TIUB13B-305Z7,1,SMC Factory 2,,roll,
TIUB13B-305Z8,1,SMC Factory 2,,roll,
TIUB13B-305Z9,1,SMC Factory 2,,roll,
TIUB13B-33Z10,22,SMC Factory 2,,roll,
TIUB13B-33Z11,22,SMC Factory 2,,roll,
TIUB13B-33Z13,22,SMC Factory 2,,roll,
TIUB13B-33Z14,22,SMC Factory 2,,roll,
TIUB13B-33Z15,22,SMC Factory 2,,roll,
TIUB13B-33Z16,22,SMC Factory 2,,roll,
TIUB13B-33Z17,22,SMC Factory 2,,roll,
TIUB13B-33Z18,22,SMC Factory 2,,roll,
TIUB13B-33Z3,22,SMC Factory 2,,roll,
TIUB13B-33Z5,22,SMC Factory 2,,roll,
TIUB13B-33Z6,22,SMC Factory 2,,roll,
TIUB13B-33Z7,22,SMC Factory 2,,roll,
TIUB13B-33Z8,22,SMC Factory 2,,roll,
TIUB13B-33Z9,22,SMC Factory 2,,roll,
TIUB13B-500Z10,1,SMC Factory 2,,roll,
TIUB13B-500Z11,1,SMC Factory 2,,roll,
TIUB13B-500Z13,1,SMC Factory 2,,roll,
TIUB13B-500Z14,1,SMC Factory 2,,roll,
TIUB13B-500Z15,1,SMC Factory 2,,roll,
TIUB13B-500Z16,1,SMC Factory 2,,roll,
TIUB13B-500Z17,1,SMC Factory 2,,roll,
TIUB13B-500Z18,1,SMC Factory 2,,roll,
TIUB13B-500Z3,1,SMC Factory 2,,roll,
TIUB13B-500Z5,1,SMC Factory 2,,roll,
TIUB13B-500Z6,1,SMC Factory 2,,roll,
TIUB13B-500Z7,1,SMC Factory 2,,roll,
TIUB13B-500Z8,1,SMC Factory 2,,roll,
TIUB13B-500Z9,1,SMC Factory 2,,roll,
TU0425B-153Z10,30,SMC Factory 2,,roll,
TU0425B-153Z11,30,SMC Factory 2,,roll,
TU0425B-153Z13,30,SMC Factory 2,,roll,
TU0425B-153Z14,30,SMC Factory 2,,roll,
TU0425B-153Z15,30,SMC Factory 2,,roll,
TU0425B-153Z16,30,SMC Factory 2,,roll,
TU0425B-153Z17,30,SMC Factory 2,,roll,
TU0425B-153Z18,30,SMC Factory 2,,roll,
TU0425B-153Z3,30,SMC Factory 2,,roll,
TU0425B-153Z5,30,SMC Factory 2,,roll,
TU0425B-153Z6,30,SMC Factory 2,,roll,
TU0425B-153Z7,30,SMC Factory 2,,roll,
TU0425B-153Z8,30,SMC Factory 2,,roll,
TU0425B-153Z9,30,SMC Factory 2,,roll,
TU0425B-305Z10,12,SMC Factory 2,,roll,
TU0425B-305Z11,12,SMC Factory 2,,roll,
TU0425B-305Z13,12,SMC Factory 2,,roll,
TU0425B-305Z14,12,SMC Factory 2,,roll,
TU0425B-305Z15,12,SMC Factory 2,,roll,
TU0425B-305Z16,12,SMC Factory 2,,roll,
TU0425B-305Z17,12,SMC Factory 2,,roll,
TU0425B-305Z18,12,SMC Factory 2,,roll,
TU0425B-305Z3,12,SMC Factory 2,,roll,
TU0425B-305Z5,12,SMC Factory 2,,roll,
TU0425B-305Z6,12,SMC Factory 2,,roll,
TU0425B-305Z7,12,SMC Factory 2,,roll,
TU0425B-305Z8,12,SMC Factory 2,,roll,
TU0425B-305Z9,12,SMC Factory 2,,roll,
TU0425B-33Z10,112,SMC Factory 2,,roll,
TU0425B-33Z11,112,SMC Factory 2,,roll,
TU0425B-33Z13,112,SMC Factory 2,,roll,
TU0425B-33Z14,112,SMC Factory 2,,roll,
TU0425B-33Z15,112,SMC Factory 2,,roll,
TU0425B-33Z16,112,SMC Factory 2,,roll,
TU0425B-33Z17,112,SMC Factory 2,,roll,
TU0425B-33Z18,112,SMC Factory 2,,roll,
TU0425B-33Z3,112,SMC Factory 2,,roll,
TU0425B-33Z5,112,SMC Factory 2,,roll,
TU0425B-33Z6,112,SMC Factory 2,,roll,
TU0425B-33Z7,112,SMC Factory 2,,roll,
TU0425B-33Z8,112,SMC Factory 2,,roll,
TU0425B-33Z9,112,SMC Factory 2,,roll,
TU0425B-500Z10,12,SMC Factory 2,,roll,
TU0425B-500Z11,12,SMC Factory 2,,roll,
TU0425B-500Z13,12,SMC Factory 2,,roll,
TU0425B-500Z14,12,SMC Factory 2,,roll,
TU0425B-500Z15,12,SMC Factory 2,,roll,
TU0425B-500Z16,12,SMC Factory 2,,roll,
TU0425B-500Z17,12,SMC Factory 2,,roll,
TU0425B-500Z18,12,SMC Factory 2,,roll,
TU0425B-500Z3,12,SMC Factory 2,,roll,
TU0425B-500Z5,12,SMC Factory 2,,roll,
TU0425B-500Z6,12,SMC Factory 2,,roll,
TU0425B-500Z7,12,SMC Factory 2,,roll,
TU0425B-500Z8,12,SMC Factory 2,,roll,
TU0425B-500Z9,12,SMC Factory 2,,roll,
TU0604B-153Z10,28,SMC Factory 2,,roll,
TU0604B-153Z11,28,SMC Factory 2,,roll,
TU0604B-153Z13,28,SMC Factory 2,,roll,
TU0604B-153Z14,28,SMC Factory 2,,roll,
TU0604B-153Z15,28,SMC Factory 2,,roll,
TU0604B-153Z16,28,SMC Factory 2,,roll,
TU0604B-153Z17,28,SMC Factory 2,,roll,
TU0604B-153Z18,28,SMC Factory 2,,roll,
TU0604B-153Z3,28,SMC Factory 2,,roll,
TU0604B-153Z5,28,SMC Factory 2,,roll,
TU0604B-153Z6,28,SMC Factory 2,,roll,
TU0604B-153Z7,28,SMC Factory 2,,roll,
TU0604B-153Z8,28,SMC Factory 2,,roll,
TU0604B-153Z9,28,SMC Factory 2,,roll,
TU0604B-305Z10,8,SMC Factory 2,,roll,
TU0604B-305Z11,8,SMC Factory 2,,roll,
TU0604B-305Z13,8,SMC Factory 2,,roll,
TU0604B-305Z14,8,SMC Factory 2,,roll,
TU0604B-305Z15,8,SMC Factory 2,,roll,
TU0604B-305Z16,8,SMC Factory 2,,roll,
TU0604B-305Z17,8,SMC Factory 2,,roll,
TU0604B-305Z18,8,SMC Factory 2,,roll,
TU0604B-305Z3,8,SMC Factory 2,,roll,
TU0604B-305Z5,8,SMC Factory 2,,roll,
TU0604B-305Z6,8,SMC Factory 2,,roll,
TU0604B-305Z7,8,SMC Factory 2,,roll,
TU0604B-305Z8,8,SMC Factory 2,,roll,
TU0604B-305Z9,8,SMC Factory 2,,roll,
TU0604B-33Z10,68,SMC Factory 2,,roll,
TU0604B-33Z11,68,SMC Factory 2,,roll,
TU0604B-33Z13,68,SMC Factory 2,,roll,
TU0604B-33Z14,68,SMC Factory 2,,roll,
TU0604B-33Z15,68,SMC Factory 2,,roll,
TU0604B-33Z16,68,SMC Factory 2,,roll,
TU0604B-33Z17,68,SMC Factory 2,,roll,
TU0604B-33Z18,68,SMC Factory 2,,roll,
TU0604B-33Z3,68,SMC Factory 2,,roll,
TU0604B-33Z5,68,SMC Factory 2,,roll,
TU0604B-33Z6,68,SMC Factory 2,,roll,
TU0604B-33Z7,68,SMC Factory 2,,roll,
TU0604B-33Z8,68,SMC Factory 2,,roll,
TU0604B-33Z9,68,SMC Factory 2,,roll,
TU0604B-500Z10,8,SMC Factory 2,,roll,
TU0604B-500Z11,8,SMC Factory 2,,roll,
TU0604B-500Z13,8,SMC Factory 2,,roll,
TU0604B-500Z14,8,SMC Factory 2,,roll,
TU0604B-500Z15,8,SMC Factory 2,,roll,
TU0604B-500Z16,8,SMC Factory 2,,roll,
TU0604B-500Z17,8,SMC Factory 2,,roll,
TU0604B-500Z18,8,SMC Factory 2,,roll,
TU0604B-500Z3,8,SMC Factory 2,,roll,
TU0604B-500Z5,8,SMC Factory 2,,roll,
TU0604B-500Z6,8,SMC Factory 2,,roll,
TU0604B-500Z7,8,SMC Factory 2,,roll,
TU0604B-500Z8,8,SMC Factory 2,,roll,
TU0604B-500Z9,8,SMC Factory 2,,roll,
TU0805B-153Z10,12,SMC Factory 2,,roll,
TU0805B-153Z11,12,SMC Factory 2,,roll,
TU0805B-153Z13,12,SMC Factory 2,,roll,
TU0805B-153Z14,12,SMC Factory 2,,roll,
TU0805B-153Z15,12,SMC Factory 2,,roll,
TU0805B-153Z16,12,SMC Factory 2,,roll,
TU0805B-153Z17,12,SMC Factory 2,,roll,
TU0805B-153Z18,12,SMC Factory 2,,roll,
TU0805B-153Z3,12,SMC Factory 2,,roll,
TU0805B-153Z5,12,SMC Factory 2,,roll,
TU0805B-153Z6,12,SMC Factory 2,,roll,
TU0805B-153Z7,12,SMC Factory 2,,roll,
TU0805B-153Z8,12,SMC Factory 2,,roll,
TU0805B-153Z9,12,SMC Factory 2,,roll,
TU0805B-305Z10,3,SMC Factory 2,,roll,
TU0805B-305Z11,3,SMC Factory 2,,roll,
TU0805B-305Z13,3,SMC Factory 2,,roll,
TU0805B-305Z14,3,SMC Factory 2,,roll,
TU0805B-305Z15,3,SMC Factory 2,,roll,
TU0805B-305Z16,3,SMC Factory 2,,roll,
TU0805B-305Z17,3,SMC Factory 2,,roll,
TU0805B-305Z18,3,SMC Factory 2,,roll,
TU0805B-305Z3,3,SMC Factory 2,,roll,
TU0805B-305Z5,3,SMC Factory 2,,roll,
TU0805B-305Z6,3,SMC Factory 2,,roll,
TU0805B-305Z7,3,SMC Factory 2,,roll,
TU0805B-305Z8,3,SMC Factory 2,,roll,
TU0805B-305Z9,3,SMC Factory 2,,roll,
TU0805B-33Z10,58,SMC Factory 2,,roll,
TU0805B-33Z11,58,SMC Factory 2,,roll,
TU0805B-33Z13,58,SMC Factory 2,,roll,
TU0805B-33Z14,58,SMC Factory 2,,roll,
TU0805B-33Z15,58,SMC Factory 2,,roll,
TU0805B-33Z16,58,SMC Factory 2,,roll,
TU0805B-33Z17,58,SMC Factory 2,,roll,
TU0805B-33Z18,58,SMC Factory 2,,roll,
TU0805B-33Z3,58,SMC Factory 2,,roll,
TU0805B-33Z5,58,SMC Factory 2,,roll,
TU0805B-33Z6,58,SMC Factory 2,,roll,
TU0805B-33Z7,58,SMC Factory 2,,roll,
TU0805B-33Z8,58,SMC Factory 2,,roll,
TU0805B-33Z9,58,SMC Factory 2,,roll,
TU0805B-500Z10,2,SMC Factory 2,,roll,
TU0805B-500Z11,2,SMC Factory 2,,roll,
TU0805B-500Z13,2,SMC Factory 2,,roll,
TU0805B-500Z14,2,SMC Factory 2,,roll,
TU0805B-500Z15,2,SMC Factory 2,,roll,
TU0805B-500Z16,2,SMC Factory 2,,roll,
TU0805B-500Z17,2,SMC Factory 2,,roll,
TU0805B-500Z18,2,SMC Factory 2,,roll,
TU0805B-500Z3,2,SMC Factory 2,,roll,
TU0805B-500Z5,2,SMC Factory 2,,roll,
TU0805B-500Z6,2,SMC Factory 2,,roll,
TU0805B-500Z7,2,SMC Factory 2,,roll,
TU0805B-500Z8,2,SMC Factory 2,,roll,
TU0805B-500Z9,2,SMC Factory 2,,roll,
TU1065B-153Z10,3,SMC Factory 2,,roll,
TU1065B-153Z11,3,SMC Factory 2,,roll,
TU1065B-153Z13,3,SMC Factory 2,,roll,
TU1065B-153Z14,3,SMC Factory 2,,roll,
TU1065B-153Z15,3,SMC Factory 2,,roll,
TU1065B-153Z16,3,SMC Factory 2,,roll,
TU1065B-153Z17,3,SMC Factory 2,,roll,
TU1065B-153Z18,3,SMC Factory 2,,roll,
TU1065B-153Z3,3,SMC Factory 2,,roll,
TU1065B-153Z5,3,SMC Factory 2,,roll,
TU1065B-153Z6,3,SMC Factory 2,,roll,
TU1065B-153Z7,3,SMC Factory 2,,roll,
TU1065B-153Z8,3,SMC Factory 2,,roll,
TU1065B-153Z9,3,SMC Factory 2,,roll,
TU1065B-305Z10,2,SMC Factory 2,,roll,
TU1065B-305Z11,2,SMC Factory 2,,roll,
TU1065B-305Z13,2,SMC Factory 2,,roll,
TU1065B-305Z14,2,SMC Factory 2,,roll,
TU1065B-305Z15,2,SMC Factory 2,,roll,
TU1065B-305Z16,2,SMC Factory 2,,roll,
TU1065B-305Z17,2,SMC Factory 2,,roll,
TU1065B-305Z18,2,SMC Factory 2,,roll,
TU1065B-305Z3,2,SMC Factory 2,,roll,
TU1065B-305Z5,2,SMC Factory 2,,roll,
TU1065B-305Z6,2,SMC Factory 2,,roll,
TU1065B-305Z7,2,SMC Factory 2,,roll,
TU1065B-305Z8,2,SMC Factory 2,,roll,
TU1065B-305Z9,2,SMC Factory 2,,roll,
TU1065B-33Z10,30,SMC Factory 2,,roll,
TU1065B-33Z11,30,SMC Factory 2,,roll,
TU1065B-33Z13,30,SMC Factory 2,,roll,
TU1065B-33Z14,30,SMC Factory 2,,roll,
TU1065B-33Z15,30,SMC Factory 2,,roll,
TU1065B-33Z16,30,SMC Factory 2,,roll,
TU1065B-33Z17,30,SMC Factory 2,,roll,
TU1065B-33Z18,30,SMC Factory 2,,roll,
TU1065B-33Z3,30,SMC Factory 2,,roll,
TU1065B-33Z5,30,SMC Factory 2,,roll,
TU1065B-33Z6,30,SMC Factory 2,,roll,
TU1065B-33Z7,30,SMC Factory 2,,roll,
TU1065B-33Z8,30,SMC Factory 2,,roll,
TU1065B-33Z9,30,SMC Factory 2,,roll,
TU1065B-500Z10,1,SMC Factory 2,,roll,
TU1065B-500Z11,1,SMC Factory 2,,roll,
TU1065B-500Z13,1,SMC Factory 2,,roll,
TU1065B-500Z14,1,SMC Factory 2,,roll,
TU1065B-500Z15,1,SMC Factory 2,,roll,
TU1065B-500Z16,1,SMC Factory 2,,roll,
TU1065B-500Z17,1,SMC Factory 2,,roll,
TU1065B-500Z18,1,SMC Factory 2,,roll,
TU1065B-500Z3,1,SMC Factory 2,,roll,
TU1065B-500Z5,1,SMC Factory 2,,roll,
TU1065B-500Z6,1,SMC Factory 2,,roll,
TU1065B-500Z7,1,SMC Factory 2,,roll,
TU1065B-500Z8,1,SMC Factory 2,,roll,
TU1065B-500Z9,1,SMC Factory 2,,roll,
TU1208B-153Z10,2,SMC Factory 2,,roll,
TU1208B-153Z11,2,SMC Factory 2,,roll,
TU1208B-153Z13,2,SMC Factory 2,,roll,
TU1208B-153Z14,2,SMC Factory 2,,roll,
TU1208B-153Z15,2,SMC Factory 2,,roll,
TU1208B-153Z16,2,SMC Factory 2,,roll,
TU1208B-153Z17,2,SMC Factory 2,,roll,
TU1208B-153Z18,2,SMC Factory 2,,roll,
TU1208B-153Z3,2,SMC Factory 2,,roll,
TU1208B-153Z5,2,SMC Factory 2,,roll,
TU1208B-153Z6,2,SMC Factory 2,,roll,
TU1208B-153Z7,2,SMC Factory 2,,roll,
TU1208B-153Z8,2,SMC Factory 2,,roll,
TU1208B-153Z9,2,SMC Factory 2,,roll,
TU1208B-305Z10,1,SMC Factory 2,,roll,
TU1208B-305Z11,1,SMC Factory 2,,roll,
TU1208B-305Z13,1,SMC Factory 2,,roll,
TU1208B-305Z14,1,SMC Factory 2,,roll,
TU1208B-305Z15,1,SMC Factory 2,,roll,
TU1208B-305Z16,1,SMC Factory 2,,roll,
TU1208B-305Z17,1,SMC Factory 2,,roll,
TU1208B-305Z18,1,SMC Factory 2,,roll,
TU1208B-305Z3,1,SMC Factory 2,,roll,
TU1208B-305Z5,1,SMC Factory 2,,roll,
TU1208B-305Z6,1,SMC Factory 2,,roll,
TU1208B-305Z7,1,SMC Factory 2,,roll,
TU1208B-305Z8,1,SMC Factory 2,,roll,
TU1208B-305Z9,1,SMC Factory 2,,roll,
TU1208B-33Z10,22,SMC Factory 2,,roll,
TU1208B-33Z11,22,SMC Factory 2,,roll,
TU1208B-33Z13,22,SMC Factory 2,,roll,
TU1208B-33Z14,22,SMC Factory 2,,roll,
TU1208B-33Z15,22,SMC Factory 2,,roll,
TU1208B-33Z16,22,SMC Factory 2,,roll,
TU1208B-33Z17,22,SMC Factory 2,,roll,
TU1208B-33Z18,22,SMC Factory 2,,roll,
TU1208B-33Z3,22,SMC Factory 2,,roll,
TU1208B-33Z5,22,SMC Factory 2,,roll,
TU1208B-33Z6,22,SMC Factory 2,,roll,
TU1208B-33Z7,22,SMC Factory 2,,roll,
TU1208B-33Z8,22,SMC Factory 2,,roll,
TU1208B-33Z9,22,SMC Factory 2,,roll,
TU1208B-500Z10,1,SMC Factory 2,,roll,
TU1208B-500Z11,1,SMC Factory 2,,roll,
TU1208B-500Z13,1,SMC Factory 2,,roll,
TU1208B-500Z14,1,SMC Factory 2,,roll,
TU1208B-500Z15,1,SMC Factory 2,,roll,
TU1208B-500Z16,1,SMC Factory 2,,roll,
TU1208B-500Z17,1,SMC Factory 2,,roll,
TU1208B-500Z18,1,SMC Factory 2,,roll,
TU1208B-500Z3,1,SMC Factory 2,,roll,
TU1208B-500Z5,1,SMC Factory 2,,roll,
TU1208B-500Z6,1,SMC Factory 2,,roll,
TU1208B-500Z7,1,SMC Factory 2,,roll,
TU1208B-500Z8,1,SMC Factory 2,,roll,
TU1208B-500Z9,1,SMC Factory 2,,roll,
TU1610B-100Z10,2,SMC Factory 2,,roll,
TU1610B-100Z11,2,SMC Factory 2,,roll,
TU1610B-100Z13,2,SMC Factory 2,,roll,
TU1610B-100Z14,2,SMC Factory 2,,roll,
TU1610B-100Z15,2,SMC Factory 2,,roll,
TU1610B-100Z16,2,SMC Factory 2,,roll,
TU1610B-100Z17,2,SMC Factory 2,,roll,
TU1610B-100Z18,2,SMC Factory 2,,roll,
TU1610B-100Z3,2,SMC Factory 2,,roll,
TU1610B-100Z5,2,SMC Factory 2,,roll,
TU1610B-100Z6,2,SMC Factory 2,,roll,
TU1610B-100Z7,2,SMC Factory 2,,roll,
TU1610B-100Z8,2,SMC Factory 2,,roll,
TU1610B-100Z9,2,SMC Factory 2,,roll,
TU1610B-20Z10,20,SMC Factory 2,,roll,
TU1610B-20Z11,20,SMC Factory 2,,roll,
TU1610B-20Z13,20,SMC Factory 2,,roll,
TU1610B-20Z14,20,SMC Factory 2,,roll,
TU1610B-20Z15,20,SMC Factory 2,,roll,
TU1610B-20Z16,20,SMC Factory 2,,roll,
TU1610B-20Z17,20,SMC Factory 2,,roll,
TU1610B-20Z18,20,SMC Factory 2,,roll,
TU1610B-20Z3,20,SMC Factory 2,,roll,
TU1610B-20Z5,20,SMC Factory 2,,roll,
TU1610B-20Z6,20,SMC Factory 2,,roll,
TU1610B-20Z7,20,SMC Factory 2,,roll,
TU1610B-20Z8,20,SMC Factory 2,,roll,
TU1610B-20Z9,20,SMC Factory 2,,roll,
TU0425B-100-X101USZ2,12,SMC Factory 2,,roll,
TU0425BR1-100-X101USZ2,12,SMC Factory 2,,roll,
TU0425BU-100-X101USZ2,12,SMC Factory 2,,roll,
TU0425BU1-100-X101USZ2,12,SMC Factory 2,,roll,
TU0425BU2-100-X101USZ2,12,SMC Factory 2,,roll,
TU0425BU3-100-X101USZ2,12,SMC Factory 2,,roll,
TU0425C-100-X101USZ2,12,SMC Factory 2,,roll,
TU0425G-100-X101USZ2,12,SMC Factory 2,,roll,
TU0425G1-100-X101USZ2,12,SMC Factory 2,,roll,
TU0425G2-100-X101USZ2,12,SMC Factory 2,,roll,
TU0425G3-100-X101USZ2,12,SMC Factory 2,,roll,
TU0425G4-100-X101USZ2,12,SMC Factory 2,,roll,
TU0425GR1-100-X101USZ2,12,SMC Factory 2,,roll,
TU0425GR2-100-X101USZ2,12,SMC Factory 2,,roll,
TU0425P1-100-X101USZ2,12,SMC Factory 2,,roll,
TU0425PU1-100-X101USZ2,12,SMC Factory 2,,roll,
TU0425PU2-100-X101USZ2,12,SMC Factory 2,,roll,
TU0425R-100-X101USZ2,12,SMC Factory 2,,roll,
TU0425R1-100-X101USZ2,12,SMC Factory 2,,roll,
TU0425R2-100-X101USZ2,12,SMC Factory 2,,roll,
TU0425S1-100-X101USZ2,12,SMC Factory 2,,roll,
TU0425W-100-X101USZ2,12,SMC Factory 2,,roll,
TU0425Y-100-X101USZ2,12,SMC Factory 2,,roll,
TU0425Y1-100-X101USZ2,12,SMC Factory 2,,roll,
TU0425Y2-100-X101USZ2,12,SMC Factory 2,,roll,
TU0425Y3-100-X101USZ2,12,SMC Factory 2,,roll,
TU0425YR-100-X101USZ2,12,SMC Factory 2,,roll,
TU0425YR1-100-X101USZ2,12,SMC Factory 2,,roll,
TU0425YR2-100-X101USZ2,12,SMC Factory 2,,roll,
TU0604B-100-X101USZ2,12,SMC Factory 2,,roll,
TU0604BR1-100-X101USZ2,12,SMC Factory 2,,roll,
TU0604BU-100-X101USZ2,12,SMC Factory 2,,roll,
TU0604BU1-100-X101USZ2,12,SMC Factory 2,,roll,
TU0604BU2-100-X101USZ2,12,SMC Factory 2,,roll,
TU0604BU3-100-X101USZ2,12,SMC Factory 2,,roll,
TU0604C-100-X101USZ2,12,SMC Factory 2,,roll,
TU0604G-100-X101USZ2,12,SMC Factory 2,,roll,
TU0604G1-100-X101USZ2,12,SMC Factory 2,,roll,
TU0604G2-100-X101USZ2,12,SMC Factory 2,,roll,
TU0604G3-100-X101USZ2,12,SMC Factory 2,,roll,
TU0604G4-100-X101USZ2,12,SMC Factory 2,,roll,
TU0604GR1-100-X101USZ2,12,SMC Factory 2,,roll,
TU0604GR2-100-X101USZ2,12,SMC Factory 2,,roll,
TU0604P1-100-X101USZ2,12,SMC Factory 2,,roll,
TU0604PU1-100-X101USZ2,12,SMC Factory 2,,roll,
TU0604PU2-100-X101USZ2,12,SMC Factory 2,,roll,
TU0604R-100-X101USZ2,12,SMC Factory 2,,roll,
TU0604R1-100-X101USZ2,12,SMC Factory 2,,roll,
TU0604R2-100-X101USZ2,12,SMC Factory 2,,roll,
TU0604S1-100-X101USZ2,12,SMC Factory 2,,roll,
TU0604W-100-X101USZ2,12,SMC Factory 2,,roll,
TU0604Y-100-X101USZ2,12,SMC Factory 2,,roll,
TU0604Y1-100-X101USZ2,12,SMC Factory 2,,roll,
TU0604Y2-100-X101USZ2,12,SMC Factory 2,,roll,
TU0604Y3-100-X101USZ2,12,SMC Factory 2,,roll,
TU0604YR-100-X101USZ2,12,SMC Factory 2,,roll,
TU0604YR1-100-X101USZ2,12,SMC Factory 2,,roll,
TU0604YR2-100-X101USZ2,12,SMC Factory 2,,roll,
TU0805B-100-X101USZ2,12,SMC Factory 2,,roll,
TU0805BR1-100-X101USZ2,12,SMC Factory 2,,roll,
TU0805BU-100-X101USZ2,12,SMC Factory 2,,roll,
TU0805BU1-100-X101USZ2,12,SMC Factory 2,,roll,
TU0805BU2-100-X101USZ2,12,SMC Factory 2,,roll,
TU0805BU3-100-X101USZ2,12,SMC Factory 2,,roll,
TU0805C-100-X101USZ2,12,SMC Factory 2,,roll,
TU0805G-100-X101USZ2,12,SMC Factory 2,,roll,
TU0805G1-100-X101USZ2,12,SMC Factory 2,,roll,
TU0805G2-100-X101USZ2,12,SMC Factory 2,,roll,
TU0805G3-100-X101USZ2,12,SMC Factory 2,,roll,
TU0805G4-100-X101USZ2,12,SMC Factory 2,,roll,
TU0805GR1-100-X101USZ2,12,SMC Factory 2,,roll,
TU0805GR2-100-X101USZ2,12,SMC Factory 2,,roll,
TU0805P1-100-X101USZ2,12,SMC Factory 2,,roll,
TU0805PU1-100-X101USZ2,12,SMC Factory 2,,roll,
TU0805PU2-100-X101USZ2,12,SMC Factory 2,,roll,
TU0805R-100-X101USZ2,12,SMC Factory 2,,roll,
TU0805R1-100-X101USZ2,12,SMC Factory 2,,roll,
TU0805R2-100-X101USZ2,12,SMC Factory 2,,roll,
TU0805S1-100-X101USZ2,12,SMC Factory 2,,roll,
TU0805W-100-X101USZ2,12,SMC Factory 2,,roll,
TU0805Y-100-X101USZ2,12,SMC Factory 2,,roll,
TU0805Y1-100-X101USZ2,12,SMC Factory 2,,roll,
TU0805Y2-100-X101USZ2,12,SMC Factory 2,,roll,
TU0805Y3-100-X101USZ2,12,SMC Factory 2,,roll,
TU0805YR-100-X101USZ2,12,SMC Factory 2,,roll,
TU0805YR1-100-X101USZ2,12,SMC Factory 2,,roll,
TU0805YR2-100-X101USZ2,12,SMC Factory 2,,roll,
TU1065B-100-X101USZ2,4,SMC Factory 2,,roll,
TU1065BR1-100-X101USZ2,4,SMC Factory 2,,roll,
TU1065BU-100-X101USZ2,4,SMC Factory 2,,roll,
TU1065BU1-100-X101USZ2,4,SMC Factory 2,,roll,
TU1065BU2-100-X101USZ2,4,SMC Factory 2,,roll,
TU1065BU3-100-X101USZ2,4,SMC Factory 2,,roll,
TU1065C-100-X101USZ2,4,SMC Factory 2,,roll,
TU1065G-100-X101USZ2,4,SMC Factory 2,,roll,
TU1065G1-100-X101USZ2,4,SMC Factory 2,,roll,
TU1065G2-100-X101USZ2,4,SMC Factory 2,,roll,
TU1065G3-100-X101USZ2,4,SMC Factory 2,,roll,
TU1065G4-100-X101USZ2,4,SMC Factory 2,,roll,
TU1065GR1-100-X101USZ2,4,SMC Factory 2,,roll,
TU1065GR2-100-X101USZ2,4,SMC Factory 2,,roll,
TU1065P1-100-X101USZ2,4,SMC Factory 2,,roll,
TU1065PU1-100-X101USZ2,4,SMC Factory 2,,roll,
TU1065PU2-100-X101USZ2,4,SMC Factory 2,,roll,
TU1065R-100-X101USZ2,4,SMC Factory 2,,roll,
TU1065R1-100-X101USZ2,4,SMC Factory 2,,roll,
TU1065R2-100-X101USZ2,4,SMC Factory 2,,roll,
TU1065S1-100-X101USZ2,4,SMC Factory 2,,roll,
TU1065W-100-X101USZ2,4,SMC Factory 2,,roll,
TU1065Y-100-X101USZ2,4,SMC Factory 2,,roll,
TU1065Y1-100-X101USZ2,4,SMC Factory 2,,roll,
TU1065Y2-100-X101USZ2,4,SMC Factory 2,,roll,
TU1065Y3-100-X101USZ2,4,SMC Factory 2,,roll,
TU1065YR-100-X101USZ2,4,SMC Factory 2,,roll,
TU1065YR1-100-X101USZ2,4,SMC Factory 2,,roll,
TU1065YR2-100-X101USZ2,4,SMC Factory 2,,roll,
TU1208B-100-X101USZ2,4,SMC Factory 2,,roll,
TU1208BR1-100-X101USZ2,4,SMC Factory 2,,roll,
TU1208BU-100-X101USZ2,4,SMC Factory 2,,roll,
TU1208BU1-100-X101USZ2,4,SMC Factory 2,,roll,
TU1208BU2-100-X101USZ2,4,SMC Factory 2,,roll,
TU1208BU3-100-X101USZ2,4,SMC Factory 2,,roll,
TU1208C-100-X101USZ2,4,SMC Factory 2,,roll,
TU1208G-100-X101USZ2,4,SMC Factory 2,,roll,
TU1208G1-100-X101USZ2,4,SMC Factory 2,,roll,
TU1208G2-100-X101USZ2,4,SMC Factory 2,,roll,
TU1208G3-100-X101USZ2,4,SMC Factory 2,,roll,
TU1208G4-100-X101USZ2,4,SMC Factory 2,,roll,
TU1208GR1-100-X101USZ2,4,SMC Factory 2,,roll,
TU1208GR2-100-X101USZ2,4,SMC Factory 2,,roll,
TU1208P1-100-X101USZ2,4,SMC Factory 2,,roll,
TU1208PU1-100-X101USZ2,4,SMC Factory 2,,roll,
TU1208PU2-100-X101USZ2,4,SMC Factory 2,,roll,
TU1208R-100-X101USZ2,4,SMC Factory 2,,roll,
TU1208R1-100-X101USZ2,4,SMC Factory 2,,roll,
TU1208R2-100-X101USZ2,4,SMC Factory 2,,roll,
TU1208S1-100-X101USZ2,4,SMC Factory 2,,roll,
TU1208W-100-X101USZ2,4,SMC Factory 2,,roll,
TU1208Y-100-X101USZ2,4,SMC Factory 2,,roll,
TU1208Y1-100-X101USZ2,4,SMC Factory 2,,roll,
TU1208Y2-100-X101USZ2,4,SMC Factory 2,,roll,
TU1208Y3-100-X101USZ2,4,SMC Factory 2,,roll,
TU1208YR-100-X101USZ2,4,SMC Factory 2,,roll,
TU1208YR1-100-X101USZ2,4,SMC Factory 2,,roll,
TU1208YR2-100-X101USZ2,4,SMC Factory 2,,roll,
TIUB01B-100-X101USZ2,12,SMC Factory 2,,roll,
TIUB01BR1-100-X101USZ2,12,SMC Factory 2,,roll,
TIUB01BU-100-X101USZ2,12,SMC Factory 2,,roll,
TIUB01BU1-100-X101USZ2,12,SMC Factory 2,,roll,
TIUB01BU2-100-X101USZ2,12,SMC Factory 2,,roll,
TIUB01BU3-100-X101USZ2,12,SMC Factory 2,,roll,
TIUB01C-100-X101USZ2,12,SMC Factory 2,,roll,
TIUB01G-100-X101USZ2,12,SMC Factory 2,,roll,
TIUB01G1-100-X101USZ2,12,SMC Factory 2,,roll,
TIUB01G2-100-X101USZ2,12,SMC Factory 2,,roll,
TIUB01G3-100-X101USZ2,12,SMC Factory 2,,roll,
TIUB01G4-100-X101USZ2,12,SMC Factory 2,,roll,
TIUB01GR1-100-X101USZ2,12,SMC Factory 2,,roll,
TIUB01GR2-100-X101USZ2,12,SMC Factory 2,,roll,
TIUB01P1-100-X101USZ2,12,SMC Factory 2,,roll,
TIUB01PU1-100-X101USZ2,12,SMC Factory 2,,roll,
TIUB01PU2-100-X101USZ2,12,SMC Factory 2,,roll,
TIUB01R-100-X101USZ2,12,SMC Factory 2,,roll,
TIUB01R1-100-X101USZ2,12,SMC Factory 2,,roll,
TIUB01R2-100-X101USZ2,12,SMC Factory 2,,roll,
TIUB01S1-100-X101USZ2,12,SMC Factory 2,,roll,
TIUB01W-100-X101USZ2,12,SMC Factory 2,,roll,
TIUB01Y-100-X101USZ2,12,SMC Factory 2,,roll,
TIUB01Y1-100-X101USZ2,12,SMC Factory 2,,roll,
TIUB01Y2-100-X101USZ2,12,SMC Factory 2,,roll,
TIUB01Y3-100-X101USZ2,12,SMC Factory 2,,roll,
TIUB01YR-100-X101USZ2,12,SMC Factory 2,,roll,
TIUB01YR1-100-X101USZ2,12,SMC Factory 2,,roll,
TIUB01YR2-100-X101USZ2,12,SMC Factory 2,,roll,
TIUB05B-100-X101USZ2,12,SMC Factory 2,,roll,
TIUB05BR1-100-X101USZ2,12,SMC Factory 2,,roll,
TIUB05BU-100-X101USZ2,12,SMC Factory 2,,roll,
TIUB05BU1-100-X101USZ2,12,SMC Factory 2,,roll,
TIUB05BU2-100-X101USZ2,12,SMC Factory 2,,roll,
TIUB05BU3-100-X101USZ2,12,SMC Factory 2,,roll,
TIUB05C-100-X101USZ2,12,SMC Factory 2,,roll,
TIUB05G-100-X101USZ2,12,SMC Factory 2,,roll,
TIUB05G1-100-X101USZ2,12,SMC Factory 2,,roll,
TIUB05G2-100-X101USZ2,12,SMC Factory 2,,roll,
TIUB05G3-100-X101USZ2,12,SMC Factory 2,,roll,
TIUB05G4-100-X101USZ2,12,SMC Factory 2,,roll,
TIUB05GR1-100-X101USZ2,12,SMC Factory 2,,roll,
TIUB05GR2-100-X101USZ2,12,SMC Factory 2,,roll,
TIUB05P1-100-X101USZ2,12,SMC Factory 2,,roll,
TIUB05PU1-100-X101USZ2,12,SMC Factory 2,,roll,
TIUB05PU2-100-X101USZ2,12,SMC Factory 2,,roll,
TIUB05R-100-X101USZ2,12,SMC Factory 2,,roll,
TIUB05R1-100-X101USZ2,12,SMC Factory 2,,roll,
TIUB05R2-100-X101USZ2,12,SMC Factory 2,,roll,
TIUB05S1-100-X101USZ2,12,SMC Factory 2,,roll,
TIUB05W-100-X101USZ2,12,SMC Factory 2,,roll,
TIUB05Y-100-X101USZ2,12,SMC Factory 2,,roll,
TIUB05Y1-100-X101USZ2,12,SMC Factory 2,,roll,
TIUB05Y2-100-X101USZ2,12,SMC Factory 2,,roll,
TIUB05Y3-100-X101USZ2,12,SMC Factory 2,,roll,
TIUB05YR-100-X101USZ2,12,SMC Factory 2,,roll,
TIUB05YR1-100-X101USZ2,12,SMC Factory 2,,roll,
TIUB05YR2-100-X101USZ2,12,SMC Factory 2,,roll,
TIUB07B-100-X101USZ2,12,SMC Factory 2,,roll,
TIUB07BR1-100-X101USZ2,12,SMC Factory 2,,roll,
TIUB07BU-100-X101USZ2,12,SMC Factory 2,,roll,
TIUB07BU1-100-X101USZ2,12,SMC Factory 2,,roll,
TIUB07BU2-100-X101USZ2,12,SMC Factory 2,,roll,
TIUB07BU3-100-X101USZ2,12,SMC Factory 2,,roll,
TIUB07C-100-X101USZ2,12,SMC Factory 2,,roll,
TIUB07G-100-X101USZ2,12,SMC Factory 2,,roll,
TIUB07G1-100-X101USZ2,12,SMC Factory 2,,roll,
TIUB07G2-100-X101USZ2,12,SMC Factory 2,,roll,
TIUB07G3-100-X101USZ2,12,SMC Factory 2,,roll,
TIUB07G4-100-X101USZ2,12,SMC Factory 2,,roll,
TIUB07GR1-100-X101USZ2,12,SMC Factory 2,,roll,
TIUB07GR2-100-X101USZ2,12,SMC Factory 2,,roll,
TIUB07P1-100-X101USZ2,12,SMC Factory 2,,roll,
TIUB07PU1-100-X101USZ2,12,SMC Factory 2,,roll,
TIUB07PU2-100-X101USZ2,12,SMC Factory 2,,roll,
TIUB07R-100-X101USZ2,12,SMC Factory 2,,roll,
TIUB07R1-100-X101USZ2,12,SMC Factory 2,,roll,
TIUB07R2-100-X101USZ2,12,SMC Factory 2,,roll,
TIUB07S1-100-X101USZ2,12,SMC Factory 2,,roll,
TIUB07W-100-X101USZ2,12,SMC Factory 2,,roll,
TIUB07Y-100-X101USZ2,12,SMC Factory 2,,roll,
TIUB07Y1-100-X101USZ2,12,SMC Factory 2,,roll,
TIUB07Y2-100-X101USZ2,12,SMC Factory 2,,roll,
TIUB07Y3-100-X101USZ2,12,SMC Factory 2,,roll,
TIUB07YR-100-X101USZ2,12,SMC Factory 2,,roll,
TIUB07YR1-100-X101USZ2,12,SMC Factory 2,,roll,
TIUB07YR2-100-X101USZ2,12,SMC Factory 2,,roll,
TIUB11B-100-X101USZ2,4,SMC Factory 2,,roll,
TIUB11BR1-100-X101USZ2,4,SMC Factory 2,,roll,
TIUB11BU-100-X101USZ2,4,SMC Factory 2,,roll,
TIUB11BU1-100-X101USZ2,4,SMC Factory 2,,roll,
TIUB11BU2-100-X101USZ2,4,SMC Factory 2,,roll,
TIUB11BU3-100-X101USZ2,4,SMC Factory 2,,roll,
TIUB11C-100-X101USZ2,4,SMC Factory 2,,roll,
TIUB11G-100-X101USZ2,4,SMC Factory 2,,roll,
TIUB11G1-100-X101USZ2,4,SMC Factory 2,,roll,
TIUB11G2-100-X101USZ2,4,SMC Factory 2,,roll,
TIUB11G3-100-X101USZ2,4,SMC Factory 2,,roll,
TIUB11G4-100-X101USZ2,4,SMC Factory 2,,roll,
TIUB11GR1-100-X101USZ2,4,SMC Factory 2,,roll,
TIUB11GR2-100-X101USZ2,4,SMC Factory 2,,roll,
TIUB11P1-100-X101USZ2,4,SMC Factory 2,,roll,
TIUB11PU1-100-X101USZ2,4,SMC Factory 2,,roll,
TIUB11PU2-100-X101USZ2,4,SMC Factory 2,,roll,
TIUB11R-100-X101USZ2,4,SMC Factory 2,,roll,
TIUB11R1-100-X101USZ2,4,SMC Factory 2,,roll,
TIUB11R2-100-X101USZ2,4,SMC Factory 2,,roll,
TIUB11S1-100-X101USZ2,4,SMC Factory 2,,roll,
TIUB11W-100-X101USZ2,4,SMC Factory 2,,roll,
TIUB11Y-100-X101USZ2,4,SMC Factory 2,,roll,
TIUB11Y1-100-X101USZ2,4,SMC Factory 2,,roll,
TIUB11Y2-100-X101USZ2,4,SMC Factory 2,,roll,
TIUB11Y3-100-X101USZ2,4,SMC Factory 2,,roll,
TIUB11YR-100-X101USZ2,4,SMC Factory 2,,roll,
TIUB11YR1-100-X101USZ2,4,SMC Factory 2,,roll,
TIUB11YR2-100-X101USZ2,4,SMC Factory 2,,roll,
TIUB13B-100-X101USZ2,4,SMC Factory 2,,roll,
TIUB13BR1-100-X101USZ2,4,SMC Factory 2,,roll,
TIUB13BU-100-X101USZ2,4,SMC Factory 2,,roll,
TIUB13BU1-100-X101USZ2,4,SMC Factory 2,,roll,
TIUB13BU2-100-X101USZ2,4,SMC Factory 2,,roll,
TIUB13BU3-100-X101USZ2,4,SMC Factory 2,,roll,
TIUB13C-100-X101USZ2,4,SMC Factory 2,,roll,
TIUB13G-100-X101USZ2,4,SMC Factory 2,,roll,
TIUB13G1-100-X101USZ2,4,SMC Factory 2,,roll,
TIUB13G2-100-X101USZ2,4,SMC Factory 2,,roll,
TIUB13G3-100-X101USZ2,4,SMC Factory 2,,roll,
TIUB13G4-100-X101USZ2,4,SMC Factory 2,,roll,
TIUB13GR1-100-X101USZ2,4,SMC Factory 2,,roll,
TIUB13GR2-100-X101USZ2,4,SMC Factory 2,,roll,
TIUB13P1-100-X101USZ2,4,SMC Factory 2,,roll,
TIUB13PU1-100-X101USZ2,4,SMC Factory 2,,roll,
TIUB13PU2-100-X101USZ2,4,SMC Factory 2,,roll,
TIUB13R-100-X101USZ2,4,SMC Factory 2,,roll,
TIUB13R1-100-X101USZ2,4,SMC Factory 2,,roll,
TIUB13R2-100-X101USZ2,4,SMC Factory 2,,roll,
TIUB13S1-100-X101USZ2,4,SMC Factory 2,,roll,
TIUB13W-100-X101USZ2,4,SMC Factory 2,,roll,
TIUB13Y-100-X101USZ2,4,SMC Factory 2,,roll,
TIUB13Y1-100-X101USZ2,4,SMC Factory 2,,roll,
TIUB13Y2-100-X101USZ2,4,SMC Factory 2,,roll,
TIUB13Y3-100-X101USZ2,4,SMC Factory 2,,roll,
TIUB13YR-100-X101USZ2,4,SMC Factory 2,,roll,
TIUB13YR1-100-X101USZ2,4,SMC Factory 2,,roll,
TIUB13YR2-100-X101USZ2,4,SMC Factory 2,,roll,
TU0425B-153-X101USZ2,12,SMC Factory 2,,roll,
TU0425BR1-153-X101USZ2,12,SMC Factory 2,,roll,
TU0425BU1-153-X101USZ2,12,SMC Factory 2,,roll,
TU0425BU-153-X101USZ2,12,SMC Factory 2,,roll,
TU0425BU2-153-X101USZ2,12,SMC Factory 2,,roll,
TU0425BU3-153-X101USZ2,12,SMC Factory 2,,roll,
TU0425C-153-X101USZ2,12,SMC Factory 2,,roll,
TU0425G1-153-X101USZ2,12,SMC Factory 2,,roll,
TU0425G-153-X101USZ2,12,SMC Factory 2,,roll,
TU0425G2-153-X101USZ2,12,SMC Factory 2,,roll,
TU0425G3-153-X101USZ2,12,SMC Factory 2,,roll,
TU0425G4-153-X101USZ2,12,SMC Factory 2,,roll,
TU0425GR1-153-X101USZ2,12,SMC Factory 2,,roll,
TU0425GR2-153-X101USZ2,12,SMC Factory 2,,roll,
TU0425P1-153-X101USZ2,12,SMC Factory 2,,roll,
TU0425PU1-153-X101USZ2,12,SMC Factory 2,,roll,
TU0425PU2-153-X101USZ2,12,SMC Factory 2,,roll,
TU0425R1-153-X101USZ2,12,SMC Factory 2,,roll,
TU0425R-153-X101USZ2,12,SMC Factory 2,,roll,
TU0425R2-153-X101USZ2,12,SMC Factory 2,,roll,
TU0425S1-153-X101USZ2,12,SMC Factory 2,,roll,
TU0425W-153-X101USZ2,12,SMC Factory 2,,roll,
TU0425Y1-153-X101USZ2,12,SMC Factory 2,,roll,
TU0425Y-153-X101USZ2,12,SMC Factory 2,,roll,
TU0425Y2-153-X101USZ2,12,SMC Factory 2,,roll,
TU0425Y3-153-X101USZ2,12,SMC Factory 2,,roll,
TU0425YR1-153-X101USZ2,12,SMC Factory 2,,roll,
TU0425YR-153-X101USZ2,12,SMC Factory 2,,roll,
TU0425YR2-153-X101USZ2,12,SMC Factory 2,,roll,
TU0604B-153-X101USZ2,12,SMC Factory 2,,roll,
TU0604BR1-153-X101USZ2,12,SMC Factory 2,,roll,
TU0604BU1-153-X101USZ2,12,SMC Factory 2,,roll,
TU0604BU-153-X101USZ2,12,SMC Factory 2,,roll,
TU0604BU2-153-X101USZ2,12,SMC Factory 2,,roll,
TU0604BU3-153-X101USZ2,12,SMC Factory 2,,roll,
TU0604C-153-X101USZ2,12,SMC Factory 2,,roll,
TU0604G1-153-X101USZ2,12,SMC Factory 2,,roll,
TU0604G-153-X101USZ2,12,SMC Factory 2,,roll,
TU0604G2-153-X101USZ2,12,SMC Factory 2,,roll,
TU0604G3-153-X101USZ2,12,SMC Factory 2,,roll,
TU0604G4-153-X101USZ2,12,SMC Factory 2,,roll,
TU0604GR1-153-X101USZ2,12,SMC Factory 2,,roll,
TU0604GR2-153-X101USZ2,12,SMC Factory 2,,roll,
TU0604P1-153-X101USZ2,12,SMC Factory 2,,roll,
TU0604PU1-153-X101USZ2,12,SMC Factory 2,,roll,
TU0604PU2-153-X101USZ2,12,SMC Factory 2,,roll,
TU0604R1-153-X101USZ2,12,SMC Factory 2,,roll,
TU0604R-153-X101USZ2,12,SMC Factory 2,,roll,
TU0604R2-153-X101USZ2,12,SMC Factory 2,,roll,
TU0604S1-153-X101USZ2,12,SMC Factory 2,,roll,
TU0604W-153-X101USZ2,12,SMC Factory 2,,roll,
TU0604Y1-153-X101USZ2,12,SMC Factory 2,,roll,
TU0604Y-153-X101USZ2,12,SMC Factory 2,,roll,
TU0604Y2-153-X101USZ2,12,SMC Factory 2,,roll,
TU0604Y3-153-X101USZ2,12,SMC Factory 2,,roll,
TU0604YR1-153-X101USZ2,12,SMC Factory 2,,roll,
TU0604YR-153-X101USZ2,12,SMC Factory 2,,roll,
TU0604YR2-153-X101USZ2,12,SMC Factory 2,,roll,
TU0805B-153-X101USZ2,8,SMC Factory 2,,roll,
TU0805BR1-153-X101USZ2,8,SMC Factory 2,,roll,
TU0805BU1-153-X101USZ2,8,SMC Factory 2,,roll,
TU0805BU-153-X101USZ2,8,SMC Factory 2,,roll,
TU0805BU2-153-X101USZ2,8,SMC Factory 2,,roll,
TU0805BU3-153-X101USZ2,8,SMC Factory 2,,roll,
TU0805C-153-X101USZ2,8,SMC Factory 2,,roll,
TU0805G1-153-X101USZ2,8,SMC Factory 2,,roll,
TU0805G-153-X101USZ2,8,SMC Factory 2,,roll,
TU0805G2-153-X101USZ2,8,SMC Factory 2,,roll,
TU0805G3-153-X101USZ2,8,SMC Factory 2,,roll,
TU0805G4-153-X101USZ2,8,SMC Factory 2,,roll,
TU0805GR1-153-X101USZ2,8,SMC Factory 2,,roll,
TU0805GR2-153-X101USZ2,8,SMC Factory 2,,roll,
TU0805P1-153-X101USZ2,8,SMC Factory 2,,roll,
TU0805PU1-153-X101USZ2,8,SMC Factory 2,,roll,
TU0805PU2-153-X101USZ2,8,SMC Factory 2,,roll,
TU0805R1-153-X101USZ2,8,SMC Factory 2,,roll,
TU0805R-153-X101USZ2,8,SMC Factory 2,,roll,
TU0805R2-153-X101USZ2,8,SMC Factory 2,,roll,
TU0805S1-153-X101USZ2,8,SMC Factory 2,,roll,
TU0805W-153-X101USZ2,8,SMC Factory 2,,roll,
TU0805Y1-153-X101USZ2,8,SMC Factory 2,,roll,
TU0805Y-153-X101USZ2,8,SMC Factory 2,,roll,
TU0805Y2-153-X101USZ2,8,SMC Factory 2,,roll,
TU0805Y3-153-X101USZ2,8,SMC Factory 2,,roll,
TU0805YR1-153-X101USZ2,8,SMC Factory 2,,roll,
TU0805YR-153-X101USZ2,8,SMC Factory 2,,roll,
TU0805YR2-153-X101USZ2,8,SMC Factory 2,,roll,
TIUB01B-153-X101USZ2,12,SMC Factory 2,,roll,
TIUB01BR1-153-X101USZ2,12,SMC Factory 2,,roll,
TIUB01BU1-153-X101USZ2,12,SMC Factory 2,,roll,
TIUB01BU-153-X101USZ2,12,SMC Factory 2,,roll,
TIUB01BU2-153-X101USZ2,12,SMC Factory 2,,roll,
TIUB01BU3-153-X101USZ2,12,SMC Factory 2,,roll,
TIUB01C-153-X101USZ2,12,SMC Factory 2,,roll,
TIUB01G1-153-X101USZ2,12,SMC Factory 2,,roll,
TIUB01G-153-X101USZ2,12,SMC Factory 2,,roll,
TIUB01G2-153-X101USZ2,12,SMC Factory 2,,roll,
TIUB01G3-153-X101USZ2,12,SMC Factory 2,,roll,
TIUB01G4-153-X101USZ2,12,SMC Factory 2,,roll,
TIUB01GR1-153-X101USZ2,12,SMC Factory 2,,roll,
TIUB01GR2-153-X101USZ2,12,SMC Factory 2,,roll,
TIUB01P1-153-X101USZ2,12,SMC Factory 2,,roll,
TIUB01PU1-153-X101USZ2,12,SMC Factory 2,,roll,
TIUB01PU2-153-X101USZ2,12,SMC Factory 2,,roll,
TIUB01R1-153-X101USZ2,12,SMC Factory 2,,roll,
TIUB01R-153-X101USZ2,12,SMC Factory 2,,roll,
TIUB01R2-153-X101USZ2,12,SMC Factory 2,,roll,
TIUB01S1-153-X101USZ2,12,SMC Factory 2,,roll,
TIUB01W-153-X101USZ2,12,SMC Factory 2,,roll,
TIUB01Y1-153-X101USZ2,12,SMC Factory 2,,roll,
TIUB01Y-153-X101USZ2,12,SMC Factory 2,,roll,
TIUB01Y2-153-X101USZ2,12,SMC Factory 2,,roll,
TIUB01Y3-153-X101USZ2,12,SMC Factory 2,,roll,
TIUB01YR1-153-X101USZ2,12,SMC Factory 2,,roll,
TIUB01YR-153-X101USZ2,12,SMC Factory 2,,roll,
TIUB01YR2-153-X101USZ2,12,SMC Factory 2,,roll,
TIUB05B-153-X101USZ2,12,SMC Factory 2,,roll,
TIUB05BR1-153-X101USZ2,12,SMC Factory 2,,roll,
TIUB05BU1-153-X101USZ2,12,SMC Factory 2,,roll,
TIUB05BU-153-X101USZ2,12,SMC Factory 2,,roll,
TIUB05BU2-153-X101USZ2,12,SMC Factory 2,,roll,
TIUB05BU3-153-X101USZ2,12,SMC Factory 2,,roll,
TIUB05C-153-X101USZ2,12,SMC Factory 2,,roll,
TIUB05G1-153-X101USZ2,12,SMC Factory 2,,roll,
TIUB05G-153-X101USZ2,12,SMC Factory 2,,roll,
TIUB05G2-153-X101USZ2,12,SMC Factory 2,,roll,
TIUB05G3-153-X101USZ2,12,SMC Factory 2,,roll,
TIUB05G4-153-X101USZ2,12,SMC Factory 2,,roll,
TIUB05GR1-153-X101USZ2,12,SMC Factory 2,,roll,
TIUB05GR2-153-X101USZ2,12,SMC Factory 2,,roll,
TIUB05P1-153-X101USZ2,12,SMC Factory 2,,roll,
TIUB05PU1-153-X101USZ2,12,SMC Factory 2,,roll,
TIUB05PU2-153-X101USZ2,12,SMC Factory 2,,roll,
TIUB05R1-153-X101USZ2,12,SMC Factory 2,,roll,
TIUB05R-153-X101USZ2,12,SMC Factory 2,,roll,
TIUB05R2-153-X101USZ2,12,SMC Factory 2,,roll,
TIUB05S1-153-X101USZ2,12,SMC Factory 2,,roll,
TIUB05W-153-X101USZ2,12,SMC Factory 2,,roll,
TIUB05Y1-153-X101USZ2,12,SMC Factory 2,,roll,
TIUB05Y-153-X101USZ2,12,SMC Factory 2,,roll,
TIUB05Y2-153-X101USZ2,12,SMC Factory 2,,roll,
TIUB05Y3-153-X101USZ2,12,SMC Factory 2,,roll,
TIUB05YR1-153-X101USZ2,12,SMC Factory 2,,roll,
TIUB05YR-153-X101USZ2,12,SMC Factory 2,,roll,
TIUB05YR2-153-X101USZ2,12,SMC Factory 2,,roll,
TIUB07B-153-X101USZ2,12,SMC Factory 2,,roll,
TIUB07BR1-153-X101USZ2,12,SMC Factory 2,,roll,
TIUB07BU1-153-X101USZ2,12,SMC Factory 2,,roll,
TIUB07BU-153-X101USZ2,12,SMC Factory 2,,roll,
TIUB07BU2-153-X101USZ2,12,SMC Factory 2,,roll,
TIUB07BU3-153-X101USZ2,12,SMC Factory 2,,roll,
TIUB07C-153-X101USZ2,12,SMC Factory 2,,roll,
TIUB07G1-153-X101USZ2,12,SMC Factory 2,,roll,
TIUB07G-153-X101USZ2,12,SMC Factory 2,,roll,
TIUB07G2-153-X101USZ2,12,SMC Factory 2,,roll,
TIUB07G3-153-X101USZ2,12,SMC Factory 2,,roll,
TIUB07G4-153-X101USZ2,12,SMC Factory 2,,roll,
TIUB07GR1-153-X101USZ2,12,SMC Factory 2,,roll,
TIUB07GR2-153-X101USZ2,12,SMC Factory 2,,roll,
TIUB07P1-153-X101USZ2,12,SMC Factory 2,,roll,
TIUB07PU1-153-X101USZ2,12,SMC Factory 2,,roll,
TIUB07PU2-153-X101USZ2,12,SMC Factory 2,,roll,
TIUB07R1-153-X101USZ2,12,SMC Factory 2,,roll,
TIUB07R-153-X101USZ2,12,SMC Factory 2,,roll,
TIUB07R2-153-X101USZ2,12,SMC Factory 2,,roll,
TIUB07S1-153-X101USZ2,12,SMC Factory 2,,roll,
TIUB07W-153-X101USZ2,12,SMC Factory 2,,roll,
TIUB07Y1-153-X101USZ2,12,SMC Factory 2,,roll,
TIUB07Y-153-X101USZ2,12,SMC Factory 2,,roll,
TIUB07Y2-153-X101USZ2,12,SMC Factory 2,,roll,
TIUB07Y3-153-X101USZ2,12,SMC Factory 2,,roll,
TIUB07YR1-153-X101USZ2,12,SMC Factory 2,,roll,
TIUB07YR-153-X101USZ2,12,SMC Factory 2,,roll,
TIUB07YR2-153-X101USZ2,12,SMC Factory 2,,roll,
TU0425B-100-X108Z2,8,SMC Factory 2,,roll,
TU0425BR1-100-X108Z2,8,SMC Factory 2,,roll,
TU0425BU1-100-X108Z2,8,SMC Factory 2,,roll,
TU0425BU2-100-X108Z2,8,SMC Factory 2,,roll,
TU0425BU3-100-X108Z2,8,SMC Factory 2,,roll,
TU0425G-100-X108Z2,8,SMC Factory 2,,roll,
TU0425G1-100-X108Z2,8,SMC Factory 2,,roll,
TU0425G2-100-X108Z2,8,SMC Factory 2,,roll,
TU0425G3-100-X108Z2,8,SMC Factory 2,,roll,
TU0425G4-100-X108Z2,8,SMC Factory 2,,roll,
TU0425GR1-100-X108Z2,8,SMC Factory 2,,roll,
TU0425GR2-100-X108Z2,8,SMC Factory 2,,roll,
TU0425P1-100-X108Z2,8,SMC Factory 2,,roll,
TU0425PU1-100-X108Z2,8,SMC Factory 2,,roll,
TU0425PU2-100-X108Z2,8,SMC Factory 2,,roll,
TU0425R1-100-X108Z2,8,SMC Factory 2,,roll,
TU0425R2-100-X108Z2,8,SMC Factory 2,,roll,
TU0425S1-100-X108Z2,8,SMC Factory 2,,roll,
TU0425W-100-X108Z2,8,SMC Factory 2,,roll,
TU0425Y1-100-X108Z2,8,SMC Factory 2,,roll,
TU0425Y2-100-X108Z2,8,SMC Factory 2,,roll,
TU0425Y3-100-X108Z2,8,SMC Factory 2,,roll,
TU0425YR-100-X108Z2,8,SMC Factory 2,,roll,
TU0425YR1-100-X108Z2,8,SMC Factory 2,,roll,
TU0425YR2-100-X108Z2,8,SMC Factory 2,,roll,
TU0604B-100-X108Z2,8,SMC Factory 2,,roll,
TU0604BR1-100-X108Z2,8,SMC Factory 2,,roll,
TU0604BU1-100-X108Z2,8,SMC Factory 2,,roll,
TU0604BU2-100-X108Z2,8,SMC Factory 2,,roll,
TU0604BU3-100-X108Z2,8,SMC Factory 2,,roll,
TU0604G-100-X108Z2,8,SMC Factory 2,,roll,
TU0604G1-100-X108Z2,8,SMC Factory 2,,roll,
TU0604G2-100-X108Z2,8,SMC Factory 2,,roll,
TU0604G3-100-X108Z2,8,SMC Factory 2,,roll,
TU0604G4-100-X108Z2,8,SMC Factory 2,,roll,
TU0604GR2-100-X108Z2,8,SMC Factory 2,,roll,
TU0604P1-100-X108Z2,8,SMC Factory 2,,roll,
TU0604PU1-100-X108Z2,8,SMC Factory 2,,roll,
TU0604PU2-100-X108Z2,8,SMC Factory 2,,roll,
TU0604R-100-X108Z2,8,SMC Factory 2,,roll,
TU0604R1-100-X108Z2,8,SMC Factory 2,,roll,
TU0604R2-100-X108Z2,8,SMC Factory 2,,roll,
TU0604S1-100-X108Z2,8,SMC Factory 2,,roll,
TU0604Y-100-X108Z2,8,SMC Factory 2,,roll,
TU0604Y1-100-X108Z2,8,SMC Factory 2,,roll,
TU0604Y2-100-X108Z2,8,SMC Factory 2,,roll,
TU0604Y3-100-X108Z2,8,SMC Factory 2,,roll,
TU0604YR-100-X108Z2,8,SMC Factory 2,,roll,
TU0604YR1-100-X108Z2,8,SMC Factory 2,,roll,
TU0604YR2-100-X108Z2,8,SMC Factory 2,,roll,
TU0805BR1-100-X108Z2,8,SMC Factory 2,,roll,
TU0805BU1-100-X108Z2,8,SMC Factory 2,,roll,
TU0805BU2-100-X108Z2,8,SMC Factory 2,,roll,
TU0805BU3-100-X108Z2,8,SMC Factory 2,,roll,
TU0805C-100-X108Z2,8,SMC Factory 2,,roll,
TU0805G-100-X108Z2,8,SMC Factory 2,,roll,
TU0805G1-100-X108Z2,8,SMC Factory 2,,roll,
TU0805G2-100-X108Z2,8,SMC Factory 2,,roll,
TU0805G3-100-X108Z2,8,SMC Factory 2,,roll,
TU0805G4-100-X108Z2,8,SMC Factory 2,,roll,
TU0805GR1-100-X108Z2,8,SMC Factory 2,,roll,
TU0805GR2-100-X108Z2,8,SMC Factory 2,,roll,
TU0805P1-100-X108Z2,8,SMC Factory 2,,roll,
TU0805PU1-100-X108Z2,8,SMC Factory 2,,roll,
TU0805PU2-100-X108Z2,8,SMC Factory 2,,roll,
TU0805R1-100-X108Z2,8,SMC Factory 2,,roll,
TU0805R2-100-X108Z2,8,SMC Factory 2,,roll,
TU0805S1-100-X108Z2,8,SMC Factory 2,,roll,
TU0805W-100-X108Z2,8,SMC Factory 2,,roll,
TU0805Y-100-X108Z2,8,SMC Factory 2,,roll,
TU0805Y1-100-X108Z2,8,SMC Factory 2,,roll,
TU0805Y2-100-X108Z2,8,SMC Factory 2,,roll,
TU0805Y3-100-X108Z2,8,SMC Factory 2,,roll,
TU0805YR-100-X108Z2,8,SMC Factory 2,,roll,
TU0805YR1-100-X108Z2,8,SMC Factory 2,,roll,
TU0805YR2-100-X108Z2,8,SMC Factory 2,,roll,
TU1065B-100-X108Z2,2,SMC Factory 2,,roll,
TU1065BR1-100-X108Z2,2,SMC Factory 2,,roll,
TU1065BU1-100-X108Z2,2,SMC Factory 2,,roll,
TU1065BU2-100-X108Z2,2,SMC Factory 2,,roll,
TU1065BU3-100-X108Z2,2,SMC Factory 2,,roll,
TU1065C-100-X108Z2,2,SMC Factory 2,,roll,
TU1065G-100-X108Z2,2,SMC Factory 2,,roll,
TU1065G1-100-X108Z2,2,SMC Factory 2,,roll,
TU1065G2-100-X108Z2,2,SMC Factory 2,,roll,
TU1065G3-100-X108Z2,2,SMC Factory 2,,roll,
TU1065G4-100-X108Z2,2,SMC Factory 2,,roll,
TU1065GR1-100-X108Z2,2,SMC Factory 2,,roll,
TU1065GR2-100-X108Z2,2,SMC Factory 2,,roll,
TU1065P1-100-X108Z2,2,SMC Factory 2,,roll,
TU1065PU1-100-X108Z2,2,SMC Factory 2,,roll,
TU1065PU2-100-X108Z2,2,SMC Factory 2,,roll,
TU1065R-100-X108Z2,2,SMC Factory 2,,roll,
TU1065R1-100-X108Z2,2,SMC Factory 2,,roll,
TU1065R2-100-X108Z2,2,SMC Factory 2,,roll,
TU1065S1-100-X108Z2,2,SMC Factory 2,,roll,
TU1065W-100-X108Z2,2,SMC Factory 2,,roll,
TU1065Y-100-X108Z2,2,SMC Factory 2,,roll,
TU1065Y1-100-X108Z2,2,SMC Factory 2,,roll,
TU1065Y2-100-X108Z2,2,SMC Factory 2,,roll,
TU1065Y3-100-X108Z2,2,SMC Factory 2,,roll,
TU1065YR-100-X108Z2,2,SMC Factory 2,,roll,
TU1065YR1-100-X108Z2,2,SMC Factory 2,,roll,
TU1065YR2-100-X108Z2,2,SMC Factory 2,,roll,
TU1208BR1-100-X108Z2,2,SMC Factory 2,,roll,
TU1208BU1-100-X108Z2,2,SMC Factory 2,,roll,
TU1208BU2-100-X108Z2,2,SMC Factory 2,,roll,
TU1208BU3-100-X108Z2,2,SMC Factory 2,,roll,
TU1208C-100-X108Z2,2,SMC Factory 2,,roll,
TU1208G-100-X108Z2,2,SMC Factory 2,,roll,
TU1208G1-100-X108Z2,2,SMC Factory 2,,roll,
TU1208G2-100-X108Z2,2,SMC Factory 2,,roll,
TU1208G3-100-X108Z2,2,SMC Factory 2,,roll,
TU1208G4-100-X108Z2,2,SMC Factory 2,,roll,
TU1208GR1-100-X108Z2,2,SMC Factory 2,,roll,
TU1208GR2-100-X108Z2,2,SMC Factory 2,,roll,
TU1208P1-100-X108Z2,2,SMC Factory 2,,roll,
TU1208PU1-100-X108Z2,2,SMC Factory 2,,roll,
TU1208PU2-100-X108Z2,2,SMC Factory 2,,roll,
TU1208R1-100-X108Z2,2,SMC Factory 2,,roll,
TU1208R2-100-X108Z2,2,SMC Factory 2,,roll,
TU1208S1-100-X108Z2,2,SMC Factory 2,,roll,
TU1208W-100-X108Z2,2,SMC Factory 2,,roll,
TU1208Y-100-X108Z2,2,SMC Factory 2,,roll,
TU1208Y1-100-X108Z2,2,SMC Factory 2,,roll,
TU1208Y2-100-X108Z2,2,SMC Factory 2,,roll,
TU1208Y3-100-X108Z2,2,SMC Factory 2,,roll,
TU1208YR-100-X108Z2,2,SMC Factory 2,,roll,
TU1208YR1-100-X108Z2,2,SMC Factory 2,,roll,
TU1208YR2-100-X108Z2,2,SMC Factory 2,,roll,
TU0425BR1-153-X108Z2,8,SMC Factory 2,,roll,
TU0425BU3-153-X108Z2,8,SMC Factory 2,,roll,
TU0425G1-153-X108Z2,8,SMC Factory 2,,roll,
TU0425G-153-X108Z2,8,SMC Factory 2,,roll,
TU0425G2-153-X108Z2,8,SMC Factory 2,,roll,
TU0425G3-153-X108Z2,8,SMC Factory 2,,roll,
TU0425G4-153-X108Z2,8,SMC Factory 2,,roll,
TU0425GR1-153-X108Z2,8,SMC Factory 2,,roll,
TU0425GR2-153-X108Z2,8,SMC Factory 2,,roll,
TU0425P1-153-X108Z2,8,SMC Factory 2,,roll,
TU0425PU1-153-X108Z2,8,SMC Factory 2,,roll,
TU0425PU2-153-X108Z2,8,SMC Factory 2,,roll,
TU0425R-153-X108Z2,8,SMC Factory 2,,roll,
TU0425R2-153-X108Z2,8,SMC Factory 2,,roll,
TU0425S1-153-X108Z2,8,SMC Factory 2,,roll,
TU0425W-153-X108Z2,8,SMC Factory 2,,roll,
TU0425Y1-153-X108Z2,8,SMC Factory 2,,roll,
TU0425Y-153-X108Z2,8,SMC Factory 2,,roll,
TU0425Y2-153-X108Z2,8,SMC Factory 2,,roll,
TU0425Y3-153-X108Z2,8,SMC Factory 2,,roll,
TU0425YR1-153-X108Z2,8,SMC Factory 2,,roll,
TU0425YR-153-X108Z2,8,SMC Factory 2,,roll,
TU0425YR2-153-X108Z2,8,SMC Factory 2,,roll,
TU0604BR1-153-X108Z2,8,SMC Factory 2,,roll,
TU0604BU1-153-X108Z2,8,SMC Factory 2,,roll,
TU0604BU-153-X108Z2,8,SMC Factory 2,,roll,
TU0604BU2-153-X108Z2,8,SMC Factory 2,,roll,
TU0604BU3-153-X108Z2,8,SMC Factory 2,,roll,
TU0604C-153-X108Z2,8,SMC Factory 2,,roll,
TU0604G1-153-X108Z2,8,SMC Factory 2,,roll,
TU0604G-153-X108Z2,8,SMC Factory 2,,roll,
TU0604G2-153-X108Z2,8,SMC Factory 2,,roll,
TU0604G3-153-X108Z2,8,SMC Factory 2,,roll,
TU0604G4-153-X108Z2,8,SMC Factory 2,,roll,
TU0604GR1-153-X108Z2,8,SMC Factory 2,,roll,
TU0604GR2-153-X108Z2,8,SMC Factory 2,,roll,
TU0604P1-153-X108Z2,8,SMC Factory 2,,roll,
TU0604PU1-153-X108Z2,8,SMC Factory 2,,roll,
TU0604PU2-153-X108Z2,8,SMC Factory 2,,roll,
TU0604R1-153-X108Z2,8,SMC Factory 2,,roll,
TU0604R-153-X108Z2,8,SMC Factory 2,,roll,
TU0604R2-153-X108Z2,8,SMC Factory 2,,roll,
TU0604S1-153-X108Z2,8,SMC Factory 2,,roll,
TU0604W-153-X108Z2,8,SMC Factory 2,,roll,
TU0604Y-153-X108Z2,8,SMC Factory 2,,roll,
TU0604Y2-153-X108Z2,8,SMC Factory 2,,roll,
TU0604Y3-153-X108Z2,8,SMC Factory 2,,roll,
TU0604YR1-153-X108Z2,8,SMC Factory 2,,roll,
TU0604YR-153-X108Z2,8,SMC Factory 2,,roll,
TU0604YR2-153-X108Z2,8,SMC Factory 2,,roll,
TU0805B-153-X108Z2,8,SMC Factory 2,,roll,
TU0805BR1-153-X108Z2,8,SMC Factory 2,,roll,
TU0805BU1-153-X108Z2,8,SMC Factory 2,,roll,
TU0805BU2-153-X108Z2,8,SMC Factory 2,,roll,
TU0805BU3-153-X108Z2,8,SMC Factory 2,,roll,
TU0805G1-153-X108Z2,8,SMC Factory 2,,roll,
TU0805G-153-X108Z2,8,SMC Factory 2,,roll,
TU0805G2-153-X108Z2,8,SMC Factory 2,,roll,
TU0805G3-153-X108Z2,8,SMC Factory 2,,roll,
TU0805G4-153-X108Z2,8,SMC Factory 2,,roll,
TU0805GR1-153-X108Z2,8,SMC Factory 2,,roll,
TU0805GR2-153-X108Z2,8,SMC Factory 2,,roll,
TU0805P1-153-X108Z2,8,SMC Factory 2,,roll,
TU0805PU1-153-X108Z2,8,SMC Factory 2,,roll,
TU0805PU2-153-X108Z2,8,SMC Factory 2,,roll,
TU0805R1-153-X108Z2,8,SMC Factory 2,,roll,
TU0805R2-153-X108Z2,8,SMC Factory 2,,roll,
TU0805S1-153-X108Z2,8,SMC Factory 2,,roll,
TU0805W-153-X108Z2,8,SMC Factory 2,,roll,
TU0805Y1-153-X108Z2,8,SMC Factory 2,,roll,
TU0805Y-153-X108Z2,8,SMC Factory 2,,roll,
TU0805Y2-153-X108Z2,8,SMC Factory 2,,roll,
TU0805Y3-153-X108Z2,8,SMC Factory 2,,roll,
TU0805YR1-153-X108Z2,8,SMC Factory 2,,roll,
TU0805YR-153-X108Z2,8,SMC Factory 2,,roll,
TU0805YR2-153-X108Z2,8,SMC Factory 2,,roll,
TU1065B-153-X108Z2,2,SMC Factory 2,,roll,
TU1065BR1-153-X108Z2,2,SMC Factory 2,,roll,
TU1065BU1-153-X108Z2,2,SMC Factory 2,,roll,
TU1065BU-153-X108Z2,2,SMC Factory 2,,roll,
TU1065BU2-153-X108Z2,2,SMC Factory 2,,roll,
TU1065BU3-153-X108Z2,2,SMC Factory 2,,roll,
TU1065C-153-X108Z2,2,SMC Factory 2,,roll,
TU1065G1-153-X108Z2,2,SMC Factory 2,,roll,
TU1065G-153-X108Z2,2,SMC Factory 2,,roll,
TU1065G2-153-X108Z2,2,SMC Factory 2,,roll,
TU1065G3-153-X108Z2,2,SMC Factory 2,,roll,
TU1065G4-153-X108Z2,2,SMC Factory 2,,roll,
TU1065GR1-153-X108Z2,2,SMC Factory 2,,roll,
TU1065GR2-153-X108Z2,2,SMC Factory 2,,roll,
TU1065P1-153-X108Z2,2,SMC Factory 2,,roll,
TU1065PU1-153-X108Z2,2,SMC Factory 2,,roll,
TU1065PU2-153-X108Z2,2,SMC Factory 2,,roll,
TU1065R1-153-X108Z2,2,SMC Factory 2,,roll,
TU1065R-153-X108Z2,2,SMC Factory 2,,roll,
TU1065R2-153-X108Z2,2,SMC Factory 2,,roll,
TU1065S1-153-X108Z2,2,SMC Factory 2,,roll,
TU1065W-153-X108Z2,2,SMC Factory 2,,roll,
TU1065Y1-153-X108Z2,2,SMC Factory 2,,roll,
TU1065Y-153-X108Z2,2,SMC Factory 2,,roll,
TU1065Y2-153-X108Z2,2,SMC Factory 2,,roll,
TU1065Y3-153-X108Z2,2,SMC Factory 2,,roll,
TU1065YR1-153-X108Z2,2,SMC Factory 2,,roll,
TU1065YR-153-X108Z2,2,SMC Factory 2,,roll,
TU1065YR2-153-X108Z2,2,SMC Factory 2,,roll,
TU1208B-153-X108Z2,2,SMC Factory 2,,roll,
TU1208BR1-153-X108Z2,2,SMC Factory 2,,roll,
TU1208BU1-153-X108Z2,2,SMC Factory 2,,roll,
TU1208BU-153-X108Z2,2,SMC Factory 2,,roll,
TU1208BU2-153-X108Z2,2,SMC Factory 2,,roll,
TU1208BU3-153-X108Z2,2,SMC Factory 2,,roll,
TU1208C-153-X108Z2,2,SMC Factory 2,,roll,
TU1208G1-153-X108Z2,2,SMC Factory 2,,roll,
TU1208G-153-X108Z2,2,SMC Factory 2,,roll,
TU1208G2-153-X108Z2,2,SMC Factory 2,,roll,
TU1208G3-153-X108Z2,2,SMC Factory 2,,roll,
TU1208G4-153-X108Z2,2,SMC Factory 2,,roll,
TU1208GR1-153-X108Z2,2,SMC Factory 2,,roll,
TU1208GR2-153-X108Z2,2,SMC Factory 2,,roll,
TU1208P1-153-X108Z2,2,SMC Factory 2,,roll,
TU1208PU1-153-X108Z2,2,SMC Factory 2,,roll,
TU1208PU2-153-X108Z2,2,SMC Factory 2,,roll,
TU1208R1-153-X108Z2,2,SMC Factory 2,,roll,
TU1208R-153-X108Z2,2,SMC Factory 2,,roll,
TU1208R2-153-X108Z2,2,SMC Factory 2,,roll,
TU1208S1-153-X108Z2,2,SMC Factory 2,,roll,
TU1208W-153-X108Z2,2,SMC Factory 2,,roll,
TU1208Y1-153-X108Z2,2,SMC Factory 2,,roll,
TU1208Y-153-X108Z2,2,SMC Factory 2,,roll,
TU1208Y2-153-X108Z2,2,SMC Factory 2,,roll,
TU1208Y3-153-X108Z2,2,SMC Factory 2,,roll,
TU1208YR1-153-X108Z2,2,SMC Factory 2,,roll,
TU1208YR-153-X108Z2,2,SMC Factory 2,,roll,
TU1208YR2-153-X108Z2,2,SMC Factory 2,,roll,
TU0425BR1-305-X108Z2,8,SMC Factory 2,,roll,
TU0425BU1-305-X108Z2,8,SMC Factory 2,,roll,
TU0425BU2-305-X108Z2,8,SMC Factory 2,,roll,
TU0425BU3-305-X108Z2,8,SMC Factory 2,,roll,
TU0425G1-305-X108Z2,8,SMC Factory 2,,roll,
TU0425G2-305-X108Z2,8,SMC Factory 2,,roll,
TU0425G-305-X108Z2,8,SMC Factory 2,,roll,
TU0425G4-305-X108Z2,8,SMC Factory 2,,roll,
TU0425GR1-305-X108Z2,8,SMC Factory 2,,roll,
TU0425GR2-305-X108Z2,8,SMC Factory 2,,roll,
TU0425P1-305-X108Z2,8,SMC Factory 2,,roll,
TU0425PU1-305-X108Z2,8,SMC Factory 2,,roll,
TU0425PU2-305-X108Z2,8,SMC Factory 2,,roll,
TU0425R1-305-X108Z2,8,SMC Factory 2,,roll,
TU0425R2-305-X108Z2,8,SMC Factory 2,,roll,
TU0425R-305-X108Z2,8,SMC Factory 2,,roll,
TU0425S1-305-X108Z2,8,SMC Factory 2,,roll,
TU0425Y2-305-X108Z2,8,SMC Factory 2,,roll,
TU0425Y-305-X108Z2,8,SMC Factory 2,,roll,
TU0425Y3-305-X108Z2,8,SMC Factory 2,,roll,
TU0425YR1-305-X108Z2,8,SMC Factory 2,,roll,
TU0425YR2-305-X108Z2,8,SMC Factory 2,,roll,
TU0604B-305-X108Z2,4,SMC Factory 2,,roll,
TU0604BR1-305-X108Z2,4,SMC Factory 2,,roll,
TU0604BU1-305-X108Z2,4,SMC Factory 2,,roll,
TU0604BU2-305-X108Z2,4,SMC Factory 2,,roll,
TU0604BU-305-X108Z2,4,SMC Factory 2,,roll,
TU0604BU3-305-X108Z2,4,SMC Factory 2,,roll,
TU0604C-305-X108Z2,4,SMC Factory 2,,roll,
TU0604G1-305-X108Z2,4,SMC Factory 2,,roll,
TU0604G2-305-X108Z2,4,SMC Factory 2,,roll,
TU0604G-305-X108Z2,4,SMC Factory 2,,roll,
TU0604G3-305-X108Z2,4,SMC Factory 2,,roll,
TU0604G4-305-X108Z2,4,SMC Factory 2,,roll,
TU0604GR1-305-X108Z2,4,SMC Factory 2,,roll,
TU0604GR2-305-X108Z2,4,SMC Factory 2,,roll,
TU0604P1-305-X108Z2,4,SMC Factory 2,,roll,
TU0604PU1-305-X108Z2,4,SMC Factory 2,,roll,
TU0604PU2-305-X108Z2,4,SMC Factory 2,,roll,
TU0604R1-305-X108Z2,4,SMC Factory 2,,roll,
TU0604R2-305-X108Z2,4,SMC Factory 2,,roll,
TU0604R-305-X108Z2,4,SMC Factory 2,,roll,
TU0604S1-305-X108Z2,4,SMC Factory 2,,roll,
TU0604W-305-X108Z2,4,SMC Factory 2,,roll,
TU0604Y1-305-X108Z2,4,SMC Factory 2,,roll,
TU0604Y2-305-X108Z2,4,SMC Factory 2,,roll,
TU0604Y-305-X108Z2,4,SMC Factory 2,,roll,
TU0604Y3-305-X108Z2,4,SMC Factory 2,,roll,
TU0604YR1-305-X108Z2,4,SMC Factory 2,,roll,
TU0604YR2-305-X108Z2,4,SMC Factory 2,,roll,
TU0604YR-305-X108Z2,4,SMC Factory 2,,roll,
TU0805BR1-305-X108Z2,2,SMC Factory 2,,roll,
TU0805BU2-305-X108Z2,2,SMC Factory 2,,roll,
TU0805BU-305-X108Z2,2,SMC Factory 2,,roll,
TU0805C-305-X108Z2,2,SMC Factory 2,,roll,
TU0805G1-305-X108Z2,2,SMC Factory 2,,roll,
TU0805G2-305-X108Z2,2,SMC Factory 2,,roll,
TU0805G-305-X108Z2,2,SMC Factory 2,,roll,
TU0805G3-305-X108Z2,2,SMC Factory 2,,roll,
TU0805G4-305-X108Z2,2,SMC Factory 2,,roll,
TU0805GR1-305-X108Z2,2,SMC Factory 2,,roll,
TU0805GR2-305-X108Z2,2,SMC Factory 2,,roll,
TU0805P1-305-X108Z2,2,SMC Factory 2,,roll,
TU0805PU1-305-X108Z2,2,SMC Factory 2,,roll,
TU0805PU2-305-X108Z2,2,SMC Factory 2,,roll,
TU0805R1-305-X108Z2,2,SMC Factory 2,,roll,
TU0805R2-305-X108Z2,2,SMC Factory 2,,roll,
TU0805R-305-X108Z2,2,SMC Factory 2,,roll,
TU0805S1-305-X108Z2,2,SMC Factory 2,,roll,
TU0805W-305-X108Z2,2,SMC Factory 2,,roll,
TU0805Y1-305-X108Z2,2,SMC Factory 2,,roll,
TU0805Y2-305-X108Z2,2,SMC Factory 2,,roll,
TU0805Y-305-X108Z2,2,SMC Factory 2,,roll,
TU0805Y3-305-X108Z2,2,SMC Factory 2,,roll,
TU0805YR1-305-X108Z2,2,SMC Factory 2,,roll,
TU0805YR2-305-X108Z2,2,SMC Factory 2,,roll,
TU0805YR-305-X108Z2,2,SMC Factory 2,,roll,
TU1065B-305-X108Z2,2,SMC Factory 2,,roll,
TU1065BR1-305-X108Z2,2,SMC Factory 2,,roll,
TU1065BU1-305-X108Z2,2,SMC Factory 2,,roll,
TU1065BU2-305-X108Z2,2,SMC Factory 2,,roll,
TU1065BU-305-X108Z2,2,SMC Factory 2,,roll,
TU1065C-305-X108Z2,2,SMC Factory 2,,roll,
TU1065G1-305-X108Z2,2,SMC Factory 2,,roll,
TU1065G2-305-X108Z2,2,SMC Factory 2,,roll,
TU1065G-305-X108Z2,2,SMC Factory 2,,roll,
TU1065G3-305-X108Z2,2,SMC Factory 2,,roll,
TU1065G4-305-X108Z2,2,SMC Factory 2,,roll,
TU1065GR1-305-X108Z2,2,SMC Factory 2,,roll,
TU1065GR2-305-X108Z2,2,SMC Factory 2,,roll,
TU1065P1-305-X108Z2,2,SMC Factory 2,,roll,
TU1065PU1-305-X108Z2,2,SMC Factory 2,,roll,
TU1065PU2-305-X108Z2,2,SMC Factory 2,,roll,
TU1065R1-305-X108Z2,2,SMC Factory 2,,roll,
TU1065R2-305-X108Z2,2,SMC Factory 2,,roll,
TU1065R-305-X108Z2,2,SMC Factory 2,,roll,
TU1065S1-305-X108Z2,2,SMC Factory 2,,roll,
TU1065W-305-X108Z2,2,SMC Factory 2,,roll,
TU1065Y1-305-X108Z2,2,SMC Factory 2,,roll,
TU1065Y2-305-X108Z2,2,SMC Factory 2,,roll,
TU1065Y-305-X108Z2,2,SMC Factory 2,,roll,
TU1065Y3-305-X108Z2,2,SMC Factory 2,,roll,
TU1065YR1-305-X108Z2,2,SMC Factory 2,,roll,
TU1065YR2-305-X108Z2,2,SMC Factory 2,,roll,
TU1065YR-305-X108Z2,2,SMC Factory 2,,roll,
TU1208B-305-X108Z2,1,SMC Factory 2,,roll,
TU1208BR1-305-X108Z2,1,SMC Factory 2,,roll,
TU1208BU1-305-X108Z2,1,SMC Factory 2,,roll,
TU1208BU2-305-X108Z2,1,SMC Factory 2,,roll,
TU1208BU-305-X108Z2,1,SMC Factory 2,,roll,
TU1208BU3-305-X108Z2,1,SMC Factory 2,,roll,
TU1208C-305-X108Z2,1,SMC Factory 2,,roll,
TU1208G1-305-X108Z2,1,SMC Factory 2,,roll,
TU1208G2-305-X108Z2,1,SMC Factory 2,,roll,
TU1208G-305-X108Z2,1,SMC Factory 2,,roll,
TU1208G3-305-X108Z2,1,SMC Factory 2,,roll,
TU1208G4-305-X108Z2,1,SMC Factory 2,,roll,
TU1208GR1-305-X108Z2,1,SMC Factory 2,,roll,
TU1208GR2-305-X108Z2,1,SMC Factory 2,,roll,
TU1208P1-305-X108Z2,1,SMC Factory 2,,roll,
TU1208PU1-305-X108Z2,1,SMC Factory 2,,roll,
TU1208PU2-305-X108Z2,1,SMC Factory 2,,roll,
TU1208R1-305-X108Z2,1,SMC Factory 2,,roll,
TU1208R2-305-X108Z2,1,SMC Factory 2,,roll,
TU1208R-305-X108Z2,1,SMC Factory 2,,roll,
TU1208S1-305-X108Z2,1,SMC Factory 2,,roll,
TU1208W-305-X108Z2,1,SMC Factory 2,,roll,
TU1208Y1-305-X108Z2,1,SMC Factory 2,,roll,
TU1208Y2-305-X108Z2,1,SMC Factory 2,,roll,
TU1208Y-305-X108Z2,1,SMC Factory 2,,roll,
TU1208Y3-305-X108Z2,1,SMC Factory 2,,roll,
TU1208YR1-305-X108Z2,1,SMC Factory 2,,roll,
TU1208YR2-305-X108Z2,1,SMC Factory 2,,roll,
TU1208YR-305-X108Z2,1,SMC Factory 2,,roll,
TU0425B-500-X108Z2,8,SMC Factory 2,,roll,
TU0425BR1-500-X108Z2,8,SMC Factory 2,,roll,
TU0425BU1-500-X108Z2,8,SMC Factory 2,,roll,
TU0425BU2-500-X108Z2,8,SMC Factory 2,,roll,
TU0425BU3-500-X108Z2,8,SMC Factory 2,,roll,
TU0425BU-500-X108Z2,8,SMC Factory 2,,roll,
TU0425C-500-X108Z2,8,SMC Factory 2,,roll,
TU0425G1-500-X108Z2,8,SMC Factory 2,,roll,
TU0425G2-500-X108Z2,8,SMC Factory 2,,roll,
TU0425G3-500-X108Z2,8,SMC Factory 2,,roll,
TU0425G4-500-X108Z2,8,SMC Factory 2,,roll,
TU0425G-500-X108Z2,8,SMC Factory 2,,roll,
TU0425GR1-500-X108Z2,8,SMC Factory 2,,roll,
TU0425GR2-500-X108Z2,8,SMC Factory 2,,roll,
TU0425P1-500-X108Z2,8,SMC Factory 2,,roll,
TU0425PU1-500-X108Z2,8,SMC Factory 2,,roll,
TU0425PU2-500-X108Z2,8,SMC Factory 2,,roll,
TU0425R1-500-X108Z2,8,SMC Factory 2,,roll,
TU0425R2-500-X108Z2,8,SMC Factory 2,,roll,
TU0425R-500-X108Z2,8,SMC Factory 2,,roll,
TU0425S1-500-X108Z2,8,SMC Factory 2,,roll,
TU0425Y1-500-X108Z2,8,SMC Factory 2,,roll,
TU0425Y2-500-X108Z2,8,SMC Factory 2,,roll,
TU0425Y3-500-X108Z2,8,SMC Factory 2,,roll,
TU0425Y-500-X108Z2,8,SMC Factory 2,,roll,
TU0425YR1-500-X108Z2,8,SMC Factory 2,,roll,
TU0425YR2-500-X108Z2,8,SMC Factory 2,,roll,
TU0425YR-500-X108Z2,8,SMC Factory 2,,roll,
TU0604B-500-X108Z2,2,SMC Factory 2,,roll,
TU0604BR1-500-X108Z2,2,SMC Factory 2,,roll,
TU0604BU1-500-X108Z2,2,SMC Factory 2,,roll,
TU0604BU2-500-X108Z2,2,SMC Factory 2,,roll,
TU0604BU3-500-X108Z2,2,SMC Factory 2,,roll,
TU0604C-500-X108Z2,2,SMC Factory 2,,roll,
TU0604G1-500-X108Z2,2,SMC Factory 2,,roll,
TU0604G2-500-X108Z2,2,SMC Factory 2,,roll,
TU0604G3-500-X108Z2,2,SMC Factory 2,,roll,
TU0604G4-500-X108Z2,2,SMC Factory 2,,roll,
TU0604G-500-X108Z2,2,SMC Factory 2,,roll,
TU0604GR1-500-X108Z2,2,SMC Factory 2,,roll,
TU0604GR2-500-X108Z2,2,SMC Factory 2,,roll,
TU0604P1-500-X108Z2,2,SMC Factory 2,,roll,
TU0604PU1-500-X108Z2,2,SMC Factory 2,,roll,
TU0604PU2-500-X108Z2,2,SMC Factory 2,,roll,
TU0604R1-500-X108Z2,2,SMC Factory 2,,roll,
TU0604R2-500-X108Z2,2,SMC Factory 2,,roll,
TU0604S1-500-X108Z2,2,SMC Factory 2,,roll,
TU0604W-500-X108Z2,2,SMC Factory 2,,roll,
TU0604Y1-500-X108Z2,2,SMC Factory 2,,roll,
TU0604Y2-500-X108Z2,2,SMC Factory 2,,roll,
TU0604Y3-500-X108Z2,2,SMC Factory 2,,roll,
TU0604Y-500-X108Z2,2,SMC Factory 2,,roll,
TU0604YR1-500-X108Z2,2,SMC Factory 2,,roll,
TU0604YR2-500-X108Z2,2,SMC Factory 2,,roll,
TU0604YR-500-X108Z2,2,SMC Factory 2,,roll,
TU0805B-500-X108Z2,2,SMC Factory 2,,roll,
TU0805BR1-500-X108Z2,2,SMC Factory 2,,roll,
TU0805BU1-500-X108Z2,2,SMC Factory 2,,roll,
TU0805BU2-500-X108Z2,2,SMC Factory 2,,roll,
TU0805BU3-500-X108Z2,2,SMC Factory 2,,roll,
TU0805BU-500-X108Z2,2,SMC Factory 2,,roll,
TU0805C-500-X108Z2,2,SMC Factory 2,,roll,
TU0805G1-500-X108Z2,2,SMC Factory 2,,roll,
TU0805G2-500-X108Z2,2,SMC Factory 2,,roll,
TU0805G3-500-X108Z2,2,SMC Factory 2,,roll,
TU0805G4-500-X108Z2,2,SMC Factory 2,,roll,
TU0805G-500-X108Z2,2,SMC Factory 2,,roll,
TU0805GR1-500-X108Z2,2,SMC Factory 2,,roll,
TU0805GR2-500-X108Z2,2,SMC Factory 2,,roll,
TU0805P1-500-X108Z2,2,SMC Factory 2,,roll,
TU0805PU1-500-X108Z2,2,SMC Factory 2,,roll,
TU0805PU2-500-X108Z2,2,SMC Factory 2,,roll,
TU0805R1-500-X108Z2,2,SMC Factory 2,,roll,
TU0805R2-500-X108Z2,2,SMC Factory 2,,roll,
TU0805R-500-X108Z2,2,SMC Factory 2,,roll,
TU0805S1-500-X108Z2,2,SMC Factory 2,,roll,
TU0805Y1-500-X108Z2,2,SMC Factory 2,,roll,
TU0805Y2-500-X108Z2,2,SMC Factory 2,,roll,
TU0805Y3-500-X108Z2,2,SMC Factory 2,,roll,
TU0805Y-500-X108Z2,2,SMC Factory 2,,roll,
TU0805YR1-500-X108Z2,2,SMC Factory 2,,roll,
TU0805YR2-500-X108Z2,2,SMC Factory 2,,roll,
TU0805YR-500-X108Z2,2,SMC Factory 2,,roll,
TU1065B-500-X108Z2,1,SMC Factory 2,,roll,
TU1065BR1-500-X108Z2,1,SMC Factory 2,,roll,
TU1065BU1-500-X108Z2,1,SMC Factory 2,,roll,
TU1065BU2-500-X108Z2,1,SMC Factory 2,,roll,
TU1065BU3-500-X108Z2,1,SMC Factory 2,,roll,
TU1065BU-500-X108Z2,1,SMC Factory 2,,roll,
TU1065C-500-X108Z2,1,SMC Factory 2,,roll,
TU1065G1-500-X108Z2,1,SMC Factory 2,,roll,
TU1065G2-500-X108Z2,1,SMC Factory 2,,roll,
TU1065G3-500-X108Z2,1,SMC Factory 2,,roll,
TU1065G4-500-X108Z2,1,SMC Factory 2,,roll,
TU1065G-500-X108Z2,1,SMC Factory 2,,roll,
TU1065GR1-500-X108Z2,1,SMC Factory 2,,roll,
TU1065GR2-500-X108Z2,1,SMC Factory 2,,roll,
TU1065P1-500-X108Z2,1,SMC Factory 2,,roll,
TU1065PU1-500-X108Z2,1,SMC Factory 2,,roll,
TU1065PU2-500-X108Z2,1,SMC Factory 2,,roll,
TU1065R1-500-X108Z2,1,SMC Factory 2,,roll,
TU1065R2-500-X108Z2,1,SMC Factory 2,,roll,
TU1065R-500-X108Z2,1,SMC Factory 2,,roll,
TU1065S1-500-X108Z2,1,SMC Factory 2,,roll,
TU1065W-500-X108Z2,1,SMC Factory 2,,roll,
TU1065Y1-500-X108Z2,1,SMC Factory 2,,roll,
TU1065Y2-500-X108Z2,1,SMC Factory 2,,roll,
TU1065Y3-500-X108Z2,1,SMC Factory 2,,roll,
TU1065Y-500-X108Z2,1,SMC Factory 2,,roll,
TU1065YR1-500-X108Z2,1,SMC Factory 2,,roll,
TU1065YR2-500-X108Z2,1,SMC Factory 2,,roll,
TU1065YR-500-X108Z2,1,SMC Factory 2,,roll,
TU1208B-500-X108Z2,1,SMC Factory 2,,roll,
TU1208BR1-500-X108Z2,1,SMC Factory 2,,roll,
TU1208BU1-500-X108Z2,1,SMC Factory 2,,roll,
TU1208BU2-500-X108Z2,1,SMC Factory 2,,roll,
TU1208BU3-500-X108Z2,1,SMC Factory 2,,roll,
TU1208BU-500-X108Z2,1,SMC Factory 2,,roll,
TU1208C-500-X108Z2,1,SMC Factory 2,,roll,
TU1208G1-500-X108Z2,1,SMC Factory 2,,roll,
TU1208G2-500-X108Z2,1,SMC Factory 2,,roll,
TU1208G3-500-X108Z2,1,SMC Factory 2,,roll,
TU1208G4-500-X108Z2,1,SMC Factory 2,,roll,
TU1208G-500-X108Z2,1,SMC Factory 2,,roll,
TU1208GR1-500-X108Z2,1,SMC Factory 2,,roll,
TU1208GR2-500-X108Z2,1,SMC Factory 2,,roll,
TU1208P1-500-X108Z2,1,SMC Factory 2,,roll,
TU1208PU1-500-X108Z2,1,SMC Factory 2,,roll,
TU1208PU2-500-X108Z2,1,SMC Factory 2,,roll,
TU1208R1-500-X108Z2,1,SMC Factory 2,,roll,
TU1208R2-500-X108Z2,1,SMC Factory 2,,roll,
TU1208R-500-X108Z2,1,SMC Factory 2,,roll,
TU1208S1-500-X108Z2,1,SMC Factory 2,,roll,
TU1208W-500-X108Z2,1,SMC Factory 2,,roll,
TU1208Y1-500-X108Z2,1,SMC Factory 2,,roll,
TU1208Y2-500-X108Z2,1,SMC Factory 2,,roll,
TU1208Y3-500-X108Z2,1,SMC Factory 2,,roll,
TU1208Y-500-X108Z2,1,SMC Factory 2,,roll,
TU1208YR1-500-X108Z2,1,SMC Factory 2,,roll,
TU1208YR2-500-X108Z2,1,SMC Factory 2,,roll,
TU1208YR-500-X108Z2,1,SMC Factory 2,,roll,
TIUB01B-100-X108Z2,8,SMC Factory 2,,roll,
TIUB01BR1-100-X108Z2,8,SMC Factory 2,,roll,
TIUB01BU1-100-X108Z2,8,SMC Factory 2,,roll,
TIUB01BU2-100-X108Z2,8,SMC Factory 2,,roll,
TIUB01BU3-100-X108Z2,8,SMC Factory 2,,roll,
TIUB01G-100-X108Z2,8,SMC Factory 2,,roll,
TIUB01G1-100-X108Z2,8,SMC Factory 2,,roll,
TIUB01G2-100-X108Z2,8,SMC Factory 2,,roll,
TIUB01G3-100-X108Z2,8,SMC Factory 2,,roll,
TIUB01G4-100-X108Z2,8,SMC Factory 2,,roll,
TIUB01GR1-100-X108Z2,8,SMC Factory 2,,roll,
TIUB01GR2-100-X108Z2,8,SMC Factory 2,,roll,
TIUB01P1-100-X108Z2,8,SMC Factory 2,,roll,
TIUB01PU1-100-X108Z2,8,SMC Factory 2,,roll,
TIUB01PU2-100-X108Z2,8,SMC Factory 2,,roll,
TIUB01R-100-X108Z2,8,SMC Factory 2,,roll,
TIUB01R1-100-X108Z2,8,SMC Factory 2,,roll,
TIUB01R2-100-X108Z2,8,SMC Factory 2,,roll,
TIUB01S1-100-X108Z2,8,SMC Factory 2,,roll,
TIUB01W-100-X108Z2,8,SMC Factory 2,,roll,
TIUB01Y-100-X108Z2,8,SMC Factory 2,,roll,
TIUB01Y1-100-X108Z2,8,SMC Factory 2,,roll,
TIUB01Y2-100-X108Z2,8,SMC Factory 2,,roll,
TIUB01Y3-100-X108Z2,8,SMC Factory 2,,roll,
TIUB01YR-100-X108Z2,8,SMC Factory 2,,roll,
TIUB01YR1-100-X108Z2,8,SMC Factory 2,,roll,
TIUB01YR2-100-X108Z2,8,SMC Factory 2,,roll,
TIUB05B-100-X108Z2,8,SMC Factory 2,,roll,
TIUB05BR1-100-X108Z2,8,SMC Factory 2,,roll,
TIUB05BU1-100-X108Z2,8,SMC Factory 2,,roll,
TIUB05BU2-100-X108Z2,8,SMC Factory 2,,roll,
TIUB05BU3-100-X108Z2,8,SMC Factory 2,,roll,
TIUB05G-100-X108Z2,8,SMC Factory 2,,roll,
TIUB05G1-100-X108Z2,8,SMC Factory 2,,roll,
TIUB05G2-100-X108Z2,8,SMC Factory 2,,roll,
TIUB05G3-100-X108Z2,8,SMC Factory 2,,roll,
TIUB05G4-100-X108Z2,8,SMC Factory 2,,roll,
TIUB05GR1-100-X108Z2,8,SMC Factory 2,,roll,
TIUB05GR2-100-X108Z2,8,SMC Factory 2,,roll,
TIUB05P1-100-X108Z2,8,SMC Factory 2,,roll,
TIUB05PU1-100-X108Z2,8,SMC Factory 2,,roll,
TIUB05PU2-100-X108Z2,8,SMC Factory 2,,roll,
TIUB05R-100-X108Z2,8,SMC Factory 2,,roll,
TIUB05R1-100-X108Z2,8,SMC Factory 2,,roll,
TIUB05R2-100-X108Z2,8,SMC Factory 2,,roll,
TIUB05S1-100-X108Z2,8,SMC Factory 2,,roll,
TIUB05W-100-X108Z2,8,SMC Factory 2,,roll,
TIUB05Y1-100-X108Z2,8,SMC Factory 2,,roll,
TIUB05Y2-100-X108Z2,8,SMC Factory 2,,roll,
TIUB05Y3-100-X108Z2,8,SMC Factory 2,,roll,
TIUB05YR-100-X108Z2,8,SMC Factory 2,,roll,
TIUB05YR1-100-X108Z2,8,SMC Factory 2,,roll,
TIUB05YR2-100-X108Z2,8,SMC Factory 2,,roll,
TIUB07BR1-100-X108Z2,8,SMC Factory 2,,roll,
TIUB07BU-100-X108Z2,8,SMC Factory 2,,roll,
TIUB07BU1-100-X108Z2,8,SMC Factory 2,,roll,
TIUB07BU2-100-X108Z2,8,SMC Factory 2,,roll,
TIUB07BU3-100-X108Z2,8,SMC Factory 2,,roll,
TIUB07G-100-X108Z2,8,SMC Factory 2,,roll,
TIUB07G1-100-X108Z2,8,SMC Factory 2,,roll,
TIUB07G2-100-X108Z2,8,SMC Factory 2,,roll,
TIUB07G3-100-X108Z2,8,SMC Factory 2,,roll,
TIUB07G4-100-X108Z2,8,SMC Factory 2,,roll,
TIUB07GR1-100-X108Z2,8,SMC Factory 2,,roll,
TIUB07GR2-100-X108Z2,8,SMC Factory 2,,roll,
TIUB07P1-100-X108Z2,8,SMC Factory 2,,roll,
TIUB07PU1-100-X108Z2,8,SMC Factory 2,,roll,
TIUB07PU2-100-X108Z2,8,SMC Factory 2,,roll,
TIUB07R-100-X108Z2,8,SMC Factory 2,,roll,
TIUB07R1-100-X108Z2,8,SMC Factory 2,,roll,
TIUB07R2-100-X108Z2,8,SMC Factory 2,,roll,
TIUB07S1-100-X108Z2,8,SMC Factory 2,,roll,
TIUB07W-100-X108Z2,8,SMC Factory 2,,roll,
TIUB07Y-100-X108Z2,8,SMC Factory 2,,roll,
TIUB07Y1-100-X108Z2,8,SMC Factory 2,,roll,
TIUB07Y2-100-X108Z2,8,SMC Factory 2,,roll,
TIUB07Y3-100-X108Z2,8,SMC Factory 2,,roll,
TIUB07YR-100-X108Z2,8,SMC Factory 2,,roll,
TIUB07YR1-100-X108Z2,8,SMC Factory 2,,roll,
TIUB07YR2-100-X108Z2,8,SMC Factory 2,,roll,
TIUB11B-100-X108Z2,2,SMC Factory 2,,roll,
TIUB11BR1-100-X108Z2,2,SMC Factory 2,,roll,
TIUB11BU-100-X108Z2,2,SMC Factory 2,,roll,
TIUB11BU1-100-X108Z2,2,SMC Factory 2,,roll,
TIUB11BU2-100-X108Z2,2,SMC Factory 2,,roll,
TIUB11BU3-100-X108Z2,2,SMC Factory 2,,roll,
TIUB11C-100-X108Z2,2,SMC Factory 2,,roll,
TIUB11G-100-X108Z2,2,SMC Factory 2,,roll,
TIUB11G1-100-X108Z2,2,SMC Factory 2,,roll,
TIUB11G2-100-X108Z2,2,SMC Factory 2,,roll,
TIUB11G3-100-X108Z2,2,SMC Factory 2,,roll,
TIUB11G4-100-X108Z2,2,SMC Factory 2,,roll,
TIUB11GR1-100-X108Z2,2,SMC Factory 2,,roll,
TIUB11GR2-100-X108Z2,2,SMC Factory 2,,roll,
TIUB11P1-100-X108Z2,2,SMC Factory 2,,roll,
TIUB11PU1-100-X108Z2,2,SMC Factory 2,,roll,
TIUB11PU2-100-X108Z2,2,SMC Factory 2,,roll,
TIUB11R-100-X108Z2,2,SMC Factory 2,,roll,
TIUB11R1-100-X108Z2,2,SMC Factory 2,,roll,
TIUB11R2-100-X108Z2,2,SMC Factory 2,,roll,
TIUB11S1-100-X108Z2,2,SMC Factory 2,,roll,
TIUB11W-100-X108Z2,2,SMC Factory 2,,roll,
TIUB11Y-100-X108Z2,2,SMC Factory 2,,roll,
TIUB11Y1-100-X108Z2,2,SMC Factory 2,,roll,
TIUB11Y2-100-X108Z2,2,SMC Factory 2,,roll,
TIUB11Y3-100-X108Z2,2,SMC Factory 2,,roll,
TIUB11YR-100-X108Z2,2,SMC Factory 2,,roll,
TIUB11YR1-100-X108Z2,2,SMC Factory 2,,roll,
TIUB11YR2-100-X108Z2,2,SMC Factory 2,,roll,
TIUB13B-100-X108Z2,2,SMC Factory 2,,roll,
TIUB13BR1-100-X108Z2,2,SMC Factory 2,,roll,
TIUB13BU-100-X108Z2,2,SMC Factory 2,,roll,
TIUB13BU1-100-X108Z2,2,SMC Factory 2,,roll,
TIUB13BU2-100-X108Z2,2,SMC Factory 2,,roll,
TIUB13BU3-100-X108Z2,2,SMC Factory 2,,roll,
TIUB13C-100-X108Z2,2,SMC Factory 2,,roll,
TIUB13G-100-X108Z2,2,SMC Factory 2,,roll,
TIUB13G1-100-X108Z2,2,SMC Factory 2,,roll,
TIUB13G2-100-X108Z2,2,SMC Factory 2,,roll,
TIUB13G3-100-X108Z2,2,SMC Factory 2,,roll,
TIUB13G4-100-X108Z2,2,SMC Factory 2,,roll,
TIUB13GR1-100-X108Z2,2,SMC Factory 2,,roll,
TIUB13GR2-100-X108Z2,2,SMC Factory 2,,roll,
TIUB13P1-100-X108Z2,2,SMC Factory 2,,roll,
TIUB13PU1-100-X108Z2,2,SMC Factory 2,,roll,
TIUB13PU2-100-X108Z2,2,SMC Factory 2,,roll,
TIUB13R-100-X108Z2,2,SMC Factory 2,,roll,
TIUB13R1-100-X108Z2,2,SMC Factory 2,,roll,
TIUB13R2-100-X108Z2,2,SMC Factory 2,,roll,
TIUB13S1-100-X108Z2,2,SMC Factory 2,,roll,
TIUB13W-100-X108Z2,2,SMC Factory 2,,roll,
TIUB13Y-100-X108Z2,2,SMC Factory 2,,roll,
TIUB13Y1-100-X108Z2,2,SMC Factory 2,,roll,
TIUB13Y2-100-X108Z2,2,SMC Factory 2,,roll,
TIUB13Y3-100-X108Z2,2,SMC Factory 2,,roll,
TIUB13YR-100-X108Z2,2,SMC Factory 2,,roll,
TIUB13YR1-100-X108Z2,2,SMC Factory 2,,roll,
TIUB13YR2-100-X108Z2,2,SMC Factory 2,,roll,
TIUB01B-153-X108Z2,8,SMC Factory 2,,roll,
TIUB01BR1-153-X108Z2,8,SMC Factory 2,,roll,
TIUB01BU1-153-X108Z2,8,SMC Factory 2,,roll,
TIUB01BU-153-X108Z2,8,SMC Factory 2,,roll,
TIUB01BU2-153-X108Z2,8,SMC Factory 2,,roll,
TIUB01BU3-153-X108Z2,8,SMC Factory 2,,roll,
TIUB01C-153-X108Z2,8,SMC Factory 2,,roll,
TIUB01G1-153-X108Z2,8,SMC Factory 2,,roll,
TIUB01G-153-X108Z2,8,SMC Factory 2,,roll,
TIUB01G2-153-X108Z2,8,SMC Factory 2,,roll,
TIUB01G3-153-X108Z2,8,SMC Factory 2,,roll,
TIUB01G4-153-X108Z2,8,SMC Factory 2,,roll,
TIUB01GR1-153-X108Z2,8,SMC Factory 2,,roll,
TIUB01GR2-153-X108Z2,8,SMC Factory 2,,roll,
TIUB01P1-153-X108Z2,8,SMC Factory 2,,roll,
TIUB01PU1-153-X108Z2,8,SMC Factory 2,,roll,
TIUB01PU2-153-X108Z2,8,SMC Factory 2,,roll,
TIUB01R1-153-X108Z2,8,SMC Factory 2,,roll,
TIUB01R-153-X108Z2,8,SMC Factory 2,,roll,
TIUB01R2-153-X108Z2,8,SMC Factory 2,,roll,
TIUB01S1-153-X108Z2,8,SMC Factory 2,,roll,
TIUB01W-153-X108Z2,8,SMC Factory 2,,roll,
TIUB01Y1-153-X108Z2,8,SMC Factory 2,,roll,
TIUB01Y-153-X108Z2,8,SMC Factory 2,,roll,
TIUB01Y2-153-X108Z2,8,SMC Factory 2,,roll,
TIUB01Y3-153-X108Z2,8,SMC Factory 2,,roll,
TIUB01YR1-153-X108Z2,8,SMC Factory 2,,roll,
TIUB01YR-153-X108Z2,8,SMC Factory 2,,roll,
TIUB01YR2-153-X108Z2,8,SMC Factory 2,,roll,
TIUB05B-153-X108Z2,8,SMC Factory 2,,roll,
TIUB05BR1-153-X108Z2,8,SMC Factory 2,,roll,
TIUB05BU1-153-X108Z2,8,SMC Factory 2,,roll,
TIUB05BU-153-X108Z2,8,SMC Factory 2,,roll,
TIUB05BU2-153-X108Z2,8,SMC Factory 2,,roll,
TIUB05BU3-153-X108Z2,8,SMC Factory 2,,roll,
TIUB05C-153-X108Z2,8,SMC Factory 2,,roll,
TIUB05G1-153-X108Z2,8,SMC Factory 2,,roll,
TIUB05G-153-X108Z2,8,SMC Factory 2,,roll,
TIUB05G2-153-X108Z2,8,SMC Factory 2,,roll,
TIUB05G3-153-X108Z2,8,SMC Factory 2,,roll,
TIUB05G4-153-X108Z2,8,SMC Factory 2,,roll,
TIUB05GR1-153-X108Z2,8,SMC Factory 2,,roll,
TIUB05GR2-153-X108Z2,8,SMC Factory 2,,roll,
TIUB05P1-153-X108Z2,8,SMC Factory 2,,roll,
TIUB05PU1-153-X108Z2,8,SMC Factory 2,,roll,
TIUB05PU2-153-X108Z2,8,SMC Factory 2,,roll,
TIUB05R1-153-X108Z2,8,SMC Factory 2,,roll,
TIUB05R-153-X108Z2,8,SMC Factory 2,,roll,
TIUB05R2-153-X108Z2,8,SMC Factory 2,,roll,
TIUB05S1-153-X108Z2,8,SMC Factory 2,,roll,
TIUB05W-153-X108Z2,8,SMC Factory 2,,roll,
TIUB05Y1-153-X108Z2,8,SMC Factory 2,,roll,
TIUB05Y-153-X108Z2,8,SMC Factory 2,,roll,
TIUB05Y2-153-X108Z2,8,SMC Factory 2,,roll,
TIUB05Y3-153-X108Z2,8,SMC Factory 2,,roll,
TIUB05YR1-153-X108Z2,8,SMC Factory 2,,roll,
TIUB05YR-153-X108Z2,8,SMC Factory 2,,roll,
TIUB05YR2-153-X108Z2,8,SMC Factory 2,,roll,
TIUB07BR1-153-X108Z2,8,SMC Factory 2,,roll,
TIUB07BU1-153-X108Z2,8,SMC Factory 2,,roll,
TIUB07BU2-153-X108Z2,8,SMC Factory 2,,roll,
TIUB07BU3-153-X108Z2,8,SMC Factory 2,,roll,
TIUB07C-153-X108Z2,8,SMC Factory 2,,roll,
TIUB07G1-153-X108Z2,8,SMC Factory 2,,roll,
TIUB07G-153-X108Z2,8,SMC Factory 2,,roll,
TIUB07G2-153-X108Z2,8,SMC Factory 2,,roll,
TIUB07G3-153-X108Z2,8,SMC Factory 2,,roll,
TIUB07G4-153-X108Z2,8,SMC Factory 2,,roll,
TIUB07GR1-153-X108Z2,8,SMC Factory 2,,roll,
TIUB07GR2-153-X108Z2,8,SMC Factory 2,,roll,
TIUB07P1-153-X108Z2,8,SMC Factory 2,,roll,
TIUB07PU1-153-X108Z2,8,SMC Factory 2,,roll,
TIUB07PU2-153-X108Z2,8,SMC Factory 2,,roll,
TIUB07R1-153-X108Z2,8,SMC Factory 2,,roll,
TIUB07R2-153-X108Z2,8,SMC Factory 2,,roll,
TIUB07S1-153-X108Z2,8,SMC Factory 2,,roll,
TIUB07W-153-X108Z2,8,SMC Factory 2,,roll,
TIUB07Y1-153-X108Z2,8,SMC Factory 2,,roll,
TIUB07Y-153-X108Z2,8,SMC Factory 2,,roll,
TIUB07Y2-153-X108Z2,8,SMC Factory 2,,roll,
TIUB07Y3-153-X108Z2,8,SMC Factory 2,,roll,
TIUB07YR1-153-X108Z2,8,SMC Factory 2,,roll,
TIUB07YR-153-X108Z2,8,SMC Factory 2,,roll,
TIUB07YR2-153-X108Z2,8,SMC Factory 2,,roll,
TIUB11B-153-X108Z2,2,SMC Factory 2,,roll,
TIUB11BR1-153-X108Z2,2,SMC Factory 2,,roll,
TIUB11BU1-153-X108Z2,2,SMC Factory 2,,roll,
TIUB11BU-153-X108Z2,2,SMC Factory 2,,roll,
TIUB11BU2-153-X108Z2,2,SMC Factory 2,,roll,
TIUB11BU3-153-X108Z2,2,SMC Factory 2,,roll,
TIUB11C-153-X108Z2,2,SMC Factory 2,,roll,
TIUB11G1-153-X108Z2,2,SMC Factory 2,,roll,
TIUB11G-153-X108Z2,2,SMC Factory 2,,roll,
TIUB11G2-153-X108Z2,2,SMC Factory 2,,roll,
TIUB11G3-153-X108Z2,2,SMC Factory 2,,roll,
TIUB11G4-153-X108Z2,2,SMC Factory 2,,roll,
TIUB11GR1-153-X108Z2,2,SMC Factory 2,,roll,
TIUB11GR2-153-X108Z2,2,SMC Factory 2,,roll,
TIUB11P1-153-X108Z2,2,SMC Factory 2,,roll,
TIUB11PU1-153-X108Z2,2,SMC Factory 2,,roll,
TIUB11PU2-153-X108Z2,2,SMC Factory 2,,roll,
TIUB11R1-153-X108Z2,2,SMC Factory 2,,roll,
TIUB11R-153-X108Z2,2,SMC Factory 2,,roll,
TIUB11R2-153-X108Z2,2,SMC Factory 2,,roll,
TIUB11S1-153-X108Z2,2,SMC Factory 2,,roll,
TIUB11W-153-X108Z2,2,SMC Factory 2,,roll,
TIUB11Y1-153-X108Z2,2,SMC Factory 2,,roll,
TIUB11Y-153-X108Z2,2,SMC Factory 2,,roll,
TIUB11Y2-153-X108Z2,2,SMC Factory 2,,roll,
TIUB11Y3-153-X108Z2,2,SMC Factory 2,,roll,
TIUB11YR1-153-X108Z2,2,SMC Factory 2,,roll,
TIUB11YR-153-X108Z2,2,SMC Factory 2,,roll,
TIUB11YR2-153-X108Z2,2,SMC Factory 2,,roll,
TIUB13B-153-X108Z2,2,SMC Factory 2,,roll,
TIUB13BR1-153-X108Z2,2,SMC Factory 2,,roll,
TIUB13BU1-153-X108Z2,2,SMC Factory 2,,roll,
TIUB13BU-153-X108Z2,2,SMC Factory 2,,roll,
TIUB13BU2-153-X108Z2,2,SMC Factory 2,,roll,
TIUB13BU3-153-X108Z2,2,SMC Factory 2,,roll,
TIUB13C-153-X108Z2,2,SMC Factory 2,,roll,
TIUB13G1-153-X108Z2,2,SMC Factory 2,,roll,
TIUB13G-153-X108Z2,2,SMC Factory 2,,roll,
TIUB13G2-153-X108Z2,2,SMC Factory 2,,roll,
TIUB13G3-153-X108Z2,2,SMC Factory 2,,roll,
TIUB13G4-153-X108Z2,2,SMC Factory 2,,roll,
TIUB13GR2-153-X108Z2,2,SMC Factory 2,,roll,
TIUB13P1-153-X108Z2,2,SMC Factory 2,,roll,
TIUB13PU1-153-X108Z2,2,SMC Factory 2,,roll,
TIUB13PU2-153-X108Z2,2,SMC Factory 2,,roll,
TIUB13R1-153-X108Z2,2,SMC Factory 2,,roll,
TIUB13R-153-X108Z2,2,SMC Factory 2,,roll,
TIUB13R2-153-X108Z2,2,SMC Factory 2,,roll,
TIUB13S1-153-X108Z2,2,SMC Factory 2,,roll,
TIUB13W-153-X108Z2,2,SMC Factory 2,,roll,
TIUB13Y1-153-X108Z2,2,SMC Factory 2,,roll,
TIUB13Y-153-X108Z2,2,SMC Factory 2,,roll,
TIUB13Y2-153-X108Z2,2,SMC Factory 2,,roll,
TIUB13Y3-153-X108Z2,2,SMC Factory 2,,roll,
TIUB13YR1-153-X108Z2,2,SMC Factory 2,,roll,
TIUB13YR-153-X108Z2,2,SMC Factory 2,,roll,
TIUB13YR2-153-X108Z2,2,SMC Factory 2,,roll,
TIUB01B-305-X108Z2,8,SMC Factory 2,,roll,
TIUB01BR1-305-X108Z2,8,SMC Factory 2,,roll,
TIUB01BU1-305-X108Z2,8,SMC Factory 2,,roll,
TIUB01BU2-305-X108Z2,8,SMC Factory 2,,roll,
TIUB01BU-305-X108Z2,8,SMC Factory 2,,roll,
TIUB01BU3-305-X108Z2,8,SMC Factory 2,,roll,
TIUB01C-305-X108Z2,8,SMC Factory 2,,roll,
TIUB01G1-305-X108Z2,8,SMC Factory 2,,roll,
TIUB01G2-305-X108Z2,8,SMC Factory 2,,roll,
TIUB01G-305-X108Z2,8,SMC Factory 2,,roll,
TIUB01G3-305-X108Z2,8,SMC Factory 2,,roll,
TIUB01G4-305-X108Z2,8,SMC Factory 2,,roll,
TIUB01GR1-305-X108Z2,8,SMC Factory 2,,roll,
TIUB01GR2-305-X108Z2,8,SMC Factory 2,,roll,
TIUB01P1-305-X108Z2,8,SMC Factory 2,,roll,
TIUB01PU1-305-X108Z2,8,SMC Factory 2,,roll,
TIUB01PU2-305-X108Z2,8,SMC Factory 2,,roll,
TIUB01R1-305-X108Z2,8,SMC Factory 2,,roll,
TIUB01R2-305-X108Z2,8,SMC Factory 2,,roll,
TIUB01R-305-X108Z2,8,SMC Factory 2,,roll,
TIUB01S1-305-X108Z2,8,SMC Factory 2,,roll,
TIUB01W-305-X108Z2,8,SMC Factory 2,,roll,
TIUB01Y1-305-X108Z2,8,SMC Factory 2,,roll,
TIUB01Y2-305-X108Z2,8,SMC Factory 2,,roll,
TIUB01Y-305-X108Z2,8,SMC Factory 2,,roll,
TIUB01Y3-305-X108Z2,8,SMC Factory 2,,roll,
TIUB01YR1-305-X108Z2,8,SMC Factory 2,,roll,
TIUB01YR2-305-X108Z2,8,SMC Factory 2,,roll,
TIUB01YR-305-X108Z2,8,SMC Factory 2,,roll,
TIUB05B-305-X108Z2,8,SMC Factory 2,,roll,
TIUB05BR1-305-X108Z2,8,SMC Factory 2,,roll,
TIUB05BU1-305-X108Z2,8,SMC Factory 2,,roll,
TIUB05BU2-305-X108Z2,8,SMC Factory 2,,roll,
TIUB05BU-305-X108Z2,8,SMC Factory 2,,roll,
TIUB05BU3-305-X108Z2,8,SMC Factory 2,,roll,
TIUB05C-305-X108Z2,8,SMC Factory 2,,roll,
TIUB05G1-305-X108Z2,8,SMC Factory 2,,roll,
TIUB05G2-305-X108Z2,8,SMC Factory 2,,roll,
TIUB05G-305-X108Z2,8,SMC Factory 2,,roll,
TIUB05G3-305-X108Z2,8,SMC Factory 2,,roll,
TIUB05G4-305-X108Z2,8,SMC Factory 2,,roll,
TIUB05GR1-305-X108Z2,8,SMC Factory 2,,roll,
TIUB05GR2-305-X108Z2,8,SMC Factory 2,,roll,
TIUB05P1-305-X108Z2,8,SMC Factory 2,,roll,
TIUB05PU1-305-X108Z2,8,SMC Factory 2,,roll,
TIUB05PU2-305-X108Z2,8,SMC Factory 2,,roll,
TIUB05R1-305-X108Z2,8,SMC Factory 2,,roll,
TIUB05R2-305-X108Z2,8,SMC Factory 2,,roll,
TIUB05R-305-X108Z2,8,SMC Factory 2,,roll,
TIUB05S1-305-X108Z2,8,SMC Factory 2,,roll,
TIUB05W-305-X108Z2,8,SMC Factory 2,,roll,
TIUB05Y1-305-X108Z2,8,SMC Factory 2,,roll,
TIUB05Y2-305-X108Z2,8,SMC Factory 2,,roll,
TIUB05Y-305-X108Z2,8,SMC Factory 2,,roll,
TIUB05Y3-305-X108Z2,8,SMC Factory 2,,roll,
TIUB05YR1-305-X108Z2,8,SMC Factory 2,,roll,
TIUB05YR2-305-X108Z2,8,SMC Factory 2,,roll,
TIUB05YR-305-X108Z2,8,SMC Factory 2,,roll,
TIUB07B-305-X108Z2,4,SMC Factory 2,,roll,
TIUB07BR1-305-X108Z2,4,SMC Factory 2,,roll,
TIUB07BU1-305-X108Z2,4,SMC Factory 2,,roll,
TIUB07BU2-305-X108Z2,4,SMC Factory 2,,roll,
TIUB07BU-305-X108Z2,4,SMC Factory 2,,roll,
TIUB07BU3-305-X108Z2,4,SMC Factory 2,,roll,
TIUB07G1-305-X108Z2,4,SMC Factory 2,,roll,
TIUB07G2-305-X108Z2,4,SMC Factory 2,,roll,
TIUB07G-305-X108Z2,4,SMC Factory 2,,roll,
TIUB07G3-305-X108Z2,4,SMC Factory 2,,roll,
TIUB07G4-305-X108Z2,4,SMC Factory 2,,roll,
TIUB07GR1-305-X108Z2,4,SMC Factory 2,,roll,
TIUB07GR2-305-X108Z2,4,SMC Factory 2,,roll,
TIUB07P1-305-X108Z2,4,SMC Factory 2,,roll,
TIUB07PU1-305-X108Z2,4,SMC Factory 2,,roll,
TIUB07PU2-305-X108Z2,4,SMC Factory 2,,roll,
TIUB07R1-305-X108Z2,4,SMC Factory 2,,roll,
TIUB07R2-305-X108Z2,4,SMC Factory 2,,roll,
TIUB07R-305-X108Z2,4,SMC Factory 2,,roll,
TIUB07S1-305-X108Z2,4,SMC Factory 2,,roll,
TIUB07W-305-X108Z2,4,SMC Factory 2,,roll,
TIUB07Y1-305-X108Z2,4,SMC Factory 2,,roll,
TIUB07Y2-305-X108Z2,4,SMC Factory 2,,roll,
TIUB07Y-305-X108Z2,4,SMC Factory 2,,roll,
TIUB07Y3-305-X108Z2,4,SMC Factory 2,,roll,
TIUB07YR1-305-X108Z2,4,SMC Factory 2,,roll,
TIUB07YR2-305-X108Z2,4,SMC Factory 2,,roll,
TIUB07YR-305-X108Z2,4,SMC Factory 2,,roll,
TIUB11B-305-X108Z2,2,SMC Factory 2,,roll,
TIUB11BR1-305-X108Z2,2,SMC Factory 2,,roll,
TIUB11BU1-305-X108Z2,2,SMC Factory 2,,roll,
TIUB11BU2-305-X108Z2,2,SMC Factory 2,,roll,
TIUB11BU-305-X108Z2,2,SMC Factory 2,,roll,
TIUB11BU3-305-X108Z2,2,SMC Factory 2,,roll,
TIUB11C-305-X108Z2,2,SMC Factory 2,,roll,
TIUB11G1-305-X108Z2,2,SMC Factory 2,,roll,
TIUB11G2-305-X108Z2,2,SMC Factory 2,,roll,
TIUB11G-305-X108Z2,2,SMC Factory 2,,roll,
TIUB11G3-305-X108Z2,2,SMC Factory 2,,roll,
TIUB11G4-305-X108Z2,2,SMC Factory 2,,roll,
TIUB11GR1-305-X108Z2,2,SMC Factory 2,,roll,
TIUB11GR2-305-X108Z2,2,SMC Factory 2,,roll,
TIUB11P1-305-X108Z2,2,SMC Factory 2,,roll,
TIUB11PU1-305-X108Z2,2,SMC Factory 2,,roll,
TIUB11PU2-305-X108Z2,2,SMC Factory 2,,roll,
TIUB11R1-305-X108Z2,2,SMC Factory 2,,roll,
TIUB11R2-305-X108Z2,2,SMC Factory 2,,roll,
TIUB11R-305-X108Z2,2,SMC Factory 2,,roll,
TIUB11S1-305-X108Z2,2,SMC Factory 2,,roll,
TIUB11W-305-X108Z2,2,SMC Factory 2,,roll,
TIUB11Y1-305-X108Z2,2,SMC Factory 2,,roll,
TIUB11Y2-305-X108Z2,2,SMC Factory 2,,roll,
TIUB11Y-305-X108Z2,2,SMC Factory 2,,roll,
TIUB11Y3-305-X108Z2,2,SMC Factory 2,,roll,
TIUB11YR1-305-X108Z2,2,SMC Factory 2,,roll,
TIUB11YR2-305-X108Z2,2,SMC Factory 2,,roll,
TIUB11YR-305-X108Z2,2,SMC Factory 2,,roll,
TIUB13B-305-X108Z2,1,SMC Factory 2,,roll,
TIUB13BR1-305-X108Z2,1,SMC Factory 2,,roll,
TIUB13BU1-305-X108Z2,1,SMC Factory 2,,roll,
TIUB13BU2-305-X108Z2,1,SMC Factory 2,,roll,
TIUB13BU-305-X108Z2,1,SMC Factory 2,,roll,
TIUB13BU3-305-X108Z2,1,SMC Factory 2,,roll,
TIUB13C-305-X108Z2,1,SMC Factory 2,,roll,
TIUB13G1-305-X108Z2,1,SMC Factory 2,,roll,
TIUB13G2-305-X108Z2,1,SMC Factory 2,,roll,
TIUB13G-305-X108Z2,1,SMC Factory 2,,roll,
TIUB13G3-305-X108Z2,1,SMC Factory 2,,roll,
TIUB13G4-305-X108Z2,1,SMC Factory 2,,roll,
TIUB13GR1-305-X108Z2,1,SMC Factory 2,,roll,
TIUB13GR2-305-X108Z2,1,SMC Factory 2,,roll,
TIUB13P1-305-X108Z2,1,SMC Factory 2,,roll,
TIUB13PU1-305-X108Z2,1,SMC Factory 2,,roll,
TIUB13PU2-305-X108Z2,1,SMC Factory 2,,roll,
TIUB13R1-305-X108Z2,1,SMC Factory 2,,roll,
TIUB13R2-305-X108Z2,1,SMC Factory 2,,roll,
TIUB13R-305-X108Z2,1,SMC Factory 2,,roll,
TIUB13S1-305-X108Z2,1,SMC Factory 2,,roll,
TIUB13W-305-X108Z2,1,SMC Factory 2,,roll,
TIUB13Y1-305-X108Z2,1,SMC Factory 2,,roll,
TIUB13Y2-305-X108Z2,1,SMC Factory 2,,roll,
TIUB13Y-305-X108Z2,1,SMC Factory 2,,roll,
TIUB13Y3-305-X108Z2,1,SMC Factory 2,,roll,
TIUB13YR1-305-X108Z2,1,SMC Factory 2,,roll,
TIUB13YR2-305-X108Z2,1,SMC Factory 2,,roll,
TIUB13YR-305-X108Z2,1,SMC Factory 2,,roll,
TIUB01B-500-X108Z2,8,SMC Factory 2,,roll,
TIUB01BR1-500-X108Z2,8,SMC Factory 2,,roll,
TIUB01BU1-500-X108Z2,8,SMC Factory 2,,roll,
TIUB01BU2-500-X108Z2,8,SMC Factory 2,,roll,
TIUB01BU3-500-X108Z2,8,SMC Factory 2,,roll,
TIUB01BU-500-X108Z2,8,SMC Factory 2,,roll,
TIUB01C-500-X108Z2,8,SMC Factory 2,,roll,
TIUB01G1-500-X108Z2,8,SMC Factory 2,,roll,
TIUB01G2-500-X108Z2,8,SMC Factory 2,,roll,
TIUB01G3-500-X108Z2,8,SMC Factory 2,,roll,
TIUB01G4-500-X108Z2,8,SMC Factory 2,,roll,
TIUB01G-500-X108Z2,8,SMC Factory 2,,roll,
TIUB01GR1-500-X108Z2,8,SMC Factory 2,,roll,
TIUB01GR2-500-X108Z2,8,SMC Factory 2,,roll,
TIUB01P1-500-X108Z2,8,SMC Factory 2,,roll,
TIUB01PU1-500-X108Z2,8,SMC Factory 2,,roll,
TIUB01PU2-500-X108Z2,8,SMC Factory 2,,roll,
TIUB01R1-500-X108Z2,8,SMC Factory 2,,roll,
TIUB01R2-500-X108Z2,8,SMC Factory 2,,roll,
TIUB01R-500-X108Z2,8,SMC Factory 2,,roll,
TIUB01S1-500-X108Z2,8,SMC Factory 2,,roll,
TIUB01W-500-X108Z2,8,SMC Factory 2,,roll,
TIUB01Y1-500-X108Z2,8,SMC Factory 2,,roll,
TIUB01Y2-500-X108Z2,8,SMC Factory 2,,roll,
TIUB01Y3-500-X108Z2,8,SMC Factory 2,,roll,
TIUB01Y-500-X108Z2,8,SMC Factory 2,,roll,
TIUB01YR1-500-X108Z2,8,SMC Factory 2,,roll,
TIUB01YR2-500-X108Z2,8,SMC Factory 2,,roll,
TIUB01YR-500-X108Z2,8,SMC Factory 2,,roll,
TIUB05B-500-X108Z2,4,SMC Factory 2,,roll,
TIUB05BR1-500-X108Z2,4,SMC Factory 2,,roll,
TIUB05BU1-500-X108Z2,4,SMC Factory 2,,roll,
TIUB05BU2-500-X108Z2,4,SMC Factory 2,,roll,
TIUB05BU3-500-X108Z2,4,SMC Factory 2,,roll,
TIUB05BU-500-X108Z2,4,SMC Factory 2,,roll,
TIUB05C-500-X108Z2,4,SMC Factory 2,,roll,
TIUB05G1-500-X108Z2,4,SMC Factory 2,,roll,
TIUB05G2-500-X108Z2,4,SMC Factory 2,,roll,
TIUB05G3-500-X108Z2,4,SMC Factory 2,,roll,
TIUB05G4-500-X108Z2,4,SMC Factory 2,,roll,
TIUB05G-500-X108Z2,4,SMC Factory 2,,roll,
TIUB05GR1-500-X108Z2,4,SMC Factory 2,,roll,
TIUB05GR2-500-X108Z2,4,SMC Factory 2,,roll,
TIUB05P1-500-X108Z2,4,SMC Factory 2,,roll,
TIUB05PU1-500-X108Z2,4,SMC Factory 2,,roll,
TIUB05PU2-500-X108Z2,4,SMC Factory 2,,roll,
TIUB05R1-500-X108Z2,4,SMC Factory 2,,roll,
TIUB05R2-500-X108Z2,4,SMC Factory 2,,roll,
TIUB05R-500-X108Z2,4,SMC Factory 2,,roll,
TIUB05S1-500-X108Z2,4,SMC Factory 2,,roll,
TIUB05W-500-X108Z2,4,SMC Factory 2,,roll,
TIUB05Y1-500-X108Z2,4,SMC Factory 2,,roll,
TIUB05Y2-500-X108Z2,4,SMC Factory 2,,roll,
TIUB05Y3-500-X108Z2,4,SMC Factory 2,,roll,
TIUB05Y-500-X108Z2,4,SMC Factory 2,,roll,
TIUB05YR1-500-X108Z2,4,SMC Factory 2,,roll,
TIUB05YR2-500-X108Z2,4,SMC Factory 2,,roll,
TIUB05YR-500-X108Z2,4,SMC Factory 2,,roll,
TIUB07B-500-X108Z2,2,SMC Factory 2,,roll,
TIUB07BR1-500-X108Z2,2,SMC Factory 2,,roll,
TIUB07BU1-500-X108Z2,2,SMC Factory 2,,roll,
TIUB07BU2-500-X108Z2,2,SMC Factory 2,,roll,
TIUB07BU3-500-X108Z2,2,SMC Factory 2,,roll,
TIUB07BU-500-X108Z2,2,SMC Factory 2,,roll,
TIUB07C-500-X108Z2,2,SMC Factory 2,,roll,
TIUB07G1-500-X108Z2,2,SMC Factory 2,,roll,
TIUB07G2-500-X108Z2,2,SMC Factory 2,,roll,
TIUB07G3-500-X108Z2,2,SMC Factory 2,,roll,
TIUB07G4-500-X108Z2,2,SMC Factory 2,,roll,
TIUB07G-500-X108Z2,2,SMC Factory 2,,roll,
TIUB07GR1-500-X108Z2,2,SMC Factory 2,,roll,
TIUB07GR2-500-X108Z2,2,SMC Factory 2,,roll,
TIUB07P1-500-X108Z2,2,SMC Factory 2,,roll,
TIUB07PU1-500-X108Z2,2,SMC Factory 2,,roll,
TIUB07PU2-500-X108Z2,2,SMC Factory 2,,roll,
TIUB07R1-500-X108Z2,2,SMC Factory 2,,roll,
TIUB07R2-500-X108Z2,2,SMC Factory 2,,roll,
TIUB07R-500-X108Z2,2,SMC Factory 2,,roll,
TIUB07S1-500-X108Z2,2,SMC Factory 2,,roll,
TIUB07W-500-X108Z2,2,SMC Factory 2,,roll,
TIUB07Y1-500-X108Z2,2,SMC Factory 2,,roll,
TIUB07Y2-500-X108Z2,2,SMC Factory 2,,roll,
TIUB07Y3-500-X108Z2,2,SMC Factory 2,,roll,
TIUB07Y-500-X108Z2,2,SMC Factory 2,,roll,
TIUB07YR1-500-X108Z2,2,SMC Factory 2,,roll,
TIUB07YR2-500-X108Z2,2,SMC Factory 2,,roll,
TIUB07YR-500-X108Z2,2,SMC Factory 2,,roll,
TIUB11B-500-X108Z2,1,SMC Factory 2,,roll,
TIUB11BR1-500-X108Z2,1,SMC Factory 2,,roll,
TIUB11BU1-500-X108Z2,1,SMC Factory 2,,roll,
TIUB11BU2-500-X108Z2,1,SMC Factory 2,,roll,
TIUB11BU3-500-X108Z2,1,SMC Factory 2,,roll,
TIUB11BU-500-X108Z2,1,SMC Factory 2,,roll,
TIUB11C-500-X108Z2,1,SMC Factory 2,,roll,
TIUB11G1-500-X108Z2,1,SMC Factory 2,,roll,
TIUB11G2-500-X108Z2,1,SMC Factory 2,,roll,
TIUB11G3-500-X108Z2,1,SMC Factory 2,,roll,
TIUB11G4-500-X108Z2,1,SMC Factory 2,,roll,
TIUB11G-500-X108Z2,1,SMC Factory 2,,roll,
TIUB11GR1-500-X108Z2,1,SMC Factory 2,,roll,
TIUB11GR2-500-X108Z2,1,SMC Factory 2,,roll,
TIUB11P1-500-X108Z2,1,SMC Factory 2,,roll,
TIUB11PU1-500-X108Z2,1,SMC Factory 2,,roll,
TIUB11PU2-500-X108Z2,1,SMC Factory 2,,roll,
TIUB11R1-500-X108Z2,1,SMC Factory 2,,roll,
TIUB11R2-500-X108Z2,1,SMC Factory 2,,roll,
TIUB11R-500-X108Z2,1,SMC Factory 2,,roll,
TIUB11S1-500-X108Z2,1,SMC Factory 2,,roll,
TIUB11W-500-X108Z2,1,SMC Factory 2,,roll,
TIUB11Y1-500-X108Z2,1,SMC Factory 2,,roll,
TIUB11Y2-500-X108Z2,1,SMC Factory 2,,roll,
TIUB11Y3-500-X108Z2,1,SMC Factory 2,,roll,
TIUB11Y-500-X108Z2,1,SMC Factory 2,,roll,
TIUB11YR1-500-X108Z2,1,SMC Factory 2,,roll,
TIUB11YR2-500-X108Z2,1,SMC Factory 2,,roll,
TIUB11YR-500-X108Z2,1,SMC Factory 2,,roll,
TIUB13B-500-X108Z2,1,SMC Factory 2,,roll,
TIUB13BR1-500-X108Z2,1,SMC Factory 2,,roll,
TIUB13BU1-500-X108Z2,1,SMC Factory 2,,roll,
TIUB13BU2-500-X108Z2,1,SMC Factory 2,,roll,
TIUB13BU3-500-X108Z2,1,SMC Factory 2,,roll,
TIUB13BU-500-X108Z2,1,SMC Factory 2,,roll,
TIUB13C-500-X108Z2,1,SMC Factory 2,,roll,
TIUB13G1-500-X108Z2,1,SMC Factory 2,,roll,
TIUB13G2-500-X108Z2,1,SMC Factory 2,,roll,
TIUB13G3-500-X108Z2,1,SMC Factory 2,,roll,
TIUB13G4-500-X108Z2,1,SMC Factory 2,,roll,
TIUB13G-500-X108Z2,1,SMC Factory 2,,roll,
TIUB13GR1-500-X108Z2,1,SMC Factory 2,,roll,
TIUB13GR2-500-X108Z2,1,SMC Factory 2,,roll,
TIUB13P1-500-X108Z2,1,SMC Factory 2,,roll,
TIUB13PU1-500-X108Z2,1,SMC Factory 2,,roll,
TIUB13PU2-500-X108Z2,1,SMC Factory 2,,roll,
TIUB13R1-500-X108Z2,1,SMC Factory 2,,roll,
TIUB13R2-500-X108Z2,1,SMC Factory 2,,roll,
TIUB13R-500-X108Z2,1,SMC Factory 2,,roll,
TIUB13S1-500-X108Z2,1,SMC Factory 2,,roll,
TIUB13W-500-X108Z2,1,SMC Factory 2,,roll,
TIUB13Y1-500-X108Z2,1,SMC Factory 2,,roll,
TIUB13Y2-500-X108Z2,1,SMC Factory 2,,roll,
TIUB13Y3-500-X108Z2,1,SMC Factory 2,,roll,
TIUB13Y-500-X108Z2,1,SMC Factory 2,,roll,
TIUB13YR1-500-X108Z2,1,SMC Factory 2,,roll,
TIUB13YR2-500-X108Z2,1,SMC Factory 2,,roll,
TIUB13YR-500-X108Z2,1,SMC Factory 2,,roll,
TU1610B-100-X108Z2,1,SMC Factory 2,,roll,
TU1610G-100-X108Z2,1,SMC Factory 2,,roll,
TU1610R-100-X108Z2,1,SMC Factory 2,,roll,
TU1610W-100-X108Z2,1,SMC Factory 2,,roll,
TU1610Y-100-X108Z2,1,SMC Factory 2,,roll,
TU1610YR-100-X108Z2,1,SMC Factory 2,,roll,
TU1610BU1-100-X108Z2,1,SMC Factory 2,,roll,
TU1610BU2-100-X108Z2,1,SMC Factory 2,,roll,
TU1610BU3-100-X108Z2,1,SMC Factory 2,,roll,
TU1610BR1-100-X108Z2,1,SMC Factory 2,,roll,
TU1610G1-100-X108Z2,1,SMC Factory 2,,roll,
TU1610G2-100-X108Z2,1,SMC Factory 2,,roll,
TU1610G3-100-X108Z2,1,SMC Factory 2,,roll,
TU1610G4-100-X108Z2,1,SMC Factory 2,,roll,
TU1610GR1-100-X108Z2,1,SMC Factory 2,,roll,
TU1610GR2-100-X108Z2,1,SMC Factory 2,,roll,
TU1610P1-100-X108Z2,1,SMC Factory 2,,roll,
TU1610PU1-100-X108Z2,1,SMC Factory 2,,roll,
TU1610PU2-100-X108Z2,1,SMC Factory 2,,roll,
TU1610R1-100-X108Z2,1,SMC Factory 2,,roll,
TU1610R2-100-X108Z2,1,SMC Factory 2,,roll,
TU1610S1-100-X108Z2,1,SMC Factory 2,,roll,
TU1610Y1-100-X108Z2,1,SMC Factory 2,,roll,
TU1610Y2-100-X108Z2,1,SMC Factory 2,,roll,
TU1610Y3-100-X108Z2,1,SMC Factory 2,,roll,
TU1610YR1-100-X108Z2,1,SMC Factory 2,,roll,
TU1610YR2-100-X108Z2,1,SMC Factory 2,,roll,
TU0425B-33-X108Z2,8,SMC Factory 2,,roll,
TU0425BR1-33-X108Z2,8,SMC Factory 2,,roll,
TU0425BU1-33-X108Z2,8,SMC Factory 2,,roll,
TU0425BU2-33-X108Z2,8,SMC Factory 2,,roll,
TU0425BU3-33-X108Z2,8,SMC Factory 2,,roll,
TU0425G-33-X108Z2,8,SMC Factory 2,,roll,
TU0425G1-33-X108Z2,8,SMC Factory 2,,roll,
TU0425G2-33-X108Z2,8,SMC Factory 2,,roll,
TU0425G3-33-X108Z2,8,SMC Factory 2,,roll,
TU0425G4-33-X108Z2,8,SMC Factory 2,,roll,
TU0425GR1-33-X108Z2,8,SMC Factory 2,,roll,
TU0425GR2-33-X108Z2,8,SMC Factory 2,,roll,
TU0425P1-33-X108Z2,8,SMC Factory 2,,roll,
TU0425PU1-33-X108Z2,8,SMC Factory 2,,roll,
TU0425PU2-33-X108Z2,8,SMC Factory 2,,roll,
TU0425R-33-X108Z2,8,SMC Factory 2,,roll,
TU0425R1-33-X108Z2,8,SMC Factory 2,,roll,
TU0425R2-33-X108Z2,8,SMC Factory 2,,roll,
TU0425S1-33-X108Z2,8,SMC Factory 2,,roll,
TU0425W-33-X108Z2,8,SMC Factory 2,,roll,
TU0425Y-33-X108Z2,8,SMC Factory 2,,roll,
TU0425Y1-33-X108Z2,8,SMC Factory 2,,roll,
TU0425Y2-33-X108Z2,8,SMC Factory 2,,roll,
TU0425Y3-33-X108Z2,8,SMC Factory 2,,roll,
TU0425YR-33-X108Z2,8,SMC Factory 2,,roll,
TU0425YR1-33-X108Z2,8,SMC Factory 2,,roll,
TU0425YR2-33-X108Z2,8,SMC Factory 2,,roll,
TU0604B-33-X108Z2,8,SMC Factory 2,,roll,
TU0604BR1-33-X108Z2,8,SMC Factory 2,,roll,
TU0604BU1-33-X108Z2,8,SMC Factory 2,,roll,
TU0604BU2-33-X108Z2,8,SMC Factory 2,,roll,
TU0604BU3-33-X108Z2,8,SMC Factory 2,,roll,
TU0604G-33-X108Z2,8,SMC Factory 2,,roll,
TU0604G1-33-X108Z2,8,SMC Factory 2,,roll,
TU0604G2-33-X108Z2,8,SMC Factory 2,,roll,
TU0604G3-33-X108Z2,8,SMC Factory 2,,roll,
TU0604G4-33-X108Z2,8,SMC Factory 2,,roll,
TU0604GR1-33-X108Z2,8,SMC Factory 2,,roll,
TU0604GR2-33-X108Z2,8,SMC Factory 2,,roll,
TU0604P1-33-X108Z2,8,SMC Factory 2,,roll,
TU0604PU1-33-X108Z2,8,SMC Factory 2,,roll,
TU0604PU2-33-X108Z2,8,SMC Factory 2,,roll,
TU0604R-33-X108Z2,8,SMC Factory 2,,roll,
TU0604R1-33-X108Z2,8,SMC Factory 2,,roll,
TU0604R2-33-X108Z2,8,SMC Factory 2,,roll,
TU0604S1-33-X108Z2,8,SMC Factory 2,,roll,
TU0604W-33-X108Z2,8,SMC Factory 2,,roll,
TU0604Y-33-X108Z2,8,SMC Factory 2,,roll,
TU0604Y1-33-X108Z2,8,SMC Factory 2,,roll,
TU0604Y2-33-X108Z2,8,SMC Factory 2,,roll,
TU0604Y3-33-X108Z2,8,SMC Factory 2,,roll,
TU0604YR-33-X108Z2,8,SMC Factory 2,,roll,
TU0604YR1-33-X108Z2,8,SMC Factory 2,,roll,
TU0604YR2-33-X108Z2,8,SMC Factory 2,,roll,
TU0805B-33-X108Z2,8,SMC Factory 2,,roll,
TU0805BR1-33-X108Z2,8,SMC Factory 2,,roll,
TU0805BU-33-X108Z2,8,SMC Factory 2,,roll,
TU0805BU1-33-X108Z2,8,SMC Factory 2,,roll,
TU0805BU2-33-X108Z2,8,SMC Factory 2,,roll,
TU0805BU3-33-X108Z2,8,SMC Factory 2,,roll,
TU0805C-33-X108Z2,8,SMC Factory 2,,roll,
TU0805G-33-X108Z2,8,SMC Factory 2,,roll,
TU0805G1-33-X108Z2,8,SMC Factory 2,,roll,
TU0805G2-33-X108Z2,8,SMC Factory 2,,roll,
TU0805G3-33-X108Z2,8,SMC Factory 2,,roll,
TU0805G4-33-X108Z2,8,SMC Factory 2,,roll,
TU0805GR1-33-X108Z2,8,SMC Factory 2,,roll,
TU0805GR2-33-X108Z2,8,SMC Factory 2,,roll,
TU0805P1-33-X108Z2,8,SMC Factory 2,,roll,
TU0805PU1-33-X108Z2,8,SMC Factory 2,,roll,
TU0805PU2-33-X108Z2,8,SMC Factory 2,,roll,
TU0805R-33-X108Z2,8,SMC Factory 2,,roll,
TU0805R1-33-X108Z2,8,SMC Factory 2,,roll,
TU0805R2-33-X108Z2,8,SMC Factory 2,,roll,
TU0805S1-33-X108Z2,8,SMC Factory 2,,roll,
TU0805W-33-X108Z2,8,SMC Factory 2,,roll,
TU0805Y-33-X108Z2,8,SMC Factory 2,,roll,
TU0805Y1-33-X108Z2,8,SMC Factory 2,,roll,
TU0805Y2-33-X108Z2,8,SMC Factory 2,,roll,
TU0805Y3-33-X108Z2,8,SMC Factory 2,,roll,
TU0805YR-33-X108Z2,8,SMC Factory 2,,roll,
TU0805YR1-33-X108Z2,8,SMC Factory 2,,roll,
TU0805YR2-33-X108Z2,8,SMC Factory 2,,roll,
TU1065B-33-X108Z2,8,SMC Factory 2,,roll,
TU1065BR1-33-X108Z2,8,SMC Factory 2,,roll,
TU1065BU-33-X108Z2,8,SMC Factory 2,,roll,
TU1065BU1-33-X108Z2,8,SMC Factory 2,,roll,
TU1065BU2-33-X108Z2,8,SMC Factory 2,,roll,
TU1065BU3-33-X108Z2,8,SMC Factory 2,,roll,
TU1065C-33-X108Z2,8,SMC Factory 2,,roll,
TU1065G-33-X108Z2,8,SMC Factory 2,,roll,
TU1065G1-33-X108Z2,8,SMC Factory 2,,roll,
TU1065G2-33-X108Z2,8,SMC Factory 2,,roll,
TU1065G3-33-X108Z2,8,SMC Factory 2,,roll,
TU1065G4-33-X108Z2,8,SMC Factory 2,,roll,
TU1065GR1-33-X108Z2,8,SMC Factory 2,,roll,
TU1065GR2-33-X108Z2,8,SMC Factory 2,,roll,
TU1065P1-33-X108Z2,8,SMC Factory 2,,roll,
TU1065PU1-33-X108Z2,8,SMC Factory 2,,roll,
TU1065PU2-33-X108Z2,8,SMC Factory 2,,roll,
TU1065R-33-X108Z2,8,SMC Factory 2,,roll,
TU1065R1-33-X108Z2,8,SMC Factory 2,,roll,
TU1065R2-33-X108Z2,8,SMC Factory 2,,roll,
TU1065S1-33-X108Z2,8,SMC Factory 2,,roll,
TU1065W-33-X108Z2,8,SMC Factory 2,,roll,
TU1065Y-33-X108Z2,8,SMC Factory 2,,roll,
TU1065Y1-33-X108Z2,8,SMC Factory 2,,roll,
TU1065Y2-33-X108Z2,8,SMC Factory 2,,roll,
TU1065Y3-33-X108Z2,8,SMC Factory 2,,roll,
TU1065YR-33-X108Z2,8,SMC Factory 2,,roll,
TU1065YR1-33-X108Z2,8,SMC Factory 2,,roll,
TU1065YR2-33-X108Z2,8,SMC Factory 2,,roll,
TU1208BR1-33-X108Z2,8,SMC Factory 2,,roll,
TU1208BU1-33-X108Z2,8,SMC Factory 2,,roll,
TU1208BU2-33-X108Z2,8,SMC Factory 2,,roll,
TU1208BU3-33-X108Z2,8,SMC Factory 2,,roll,
TU1208G-33-X108Z2,8,SMC Factory 2,,roll,
TU1208G1-33-X108Z2,8,SMC Factory 2,,roll,
TU1208G2-33-X108Z2,8,SMC Factory 2,,roll,
TU1208G3-33-X108Z2,8,SMC Factory 2,,roll,
TU1208G4-33-X108Z2,8,SMC Factory 2,,roll,
TU1208GR1-33-X108Z2,8,SMC Factory 2,,roll,
TU1208GR2-33-X108Z2,8,SMC Factory 2,,roll,
TU1208P1-33-X108Z2,8,SMC Factory 2,,roll,
TU1208PU1-33-X108Z2,8,SMC Factory 2,,roll,
TU1208PU2-33-X108Z2,8,SMC Factory 2,,roll,
TU1208R-33-X108Z2,8,SMC Factory 2,,roll,
TU1208R1-33-X108Z2,8,SMC Factory 2,,roll,
TU1208R2-33-X108Z2,8,SMC Factory 2,,roll,
TU1208S1-33-X108Z2,8,SMC Factory 2,,roll,
TU1208W-33-X108Z2,8,SMC Factory 2,,roll,
TU1208Y-33-X108Z2,8,SMC Factory 2,,roll,
TU1208Y1-33-X108Z2,8,SMC Factory 2,,roll,
TU1208Y2-33-X108Z2,8,SMC Factory 2,,roll,
TU1208Y3-33-X108Z2,8,SMC Factory 2,,roll,
TU1208YR-33-X108Z2,8,SMC Factory 2,,roll,
TU1208YR1-33-X108Z2,8,SMC Factory 2,,roll,
TU1208YR2-33-X108Z2,8,SMC Factory 2,,roll,
TIUB01B-33-X108Z2,8,SMC Factory 2,,roll,
TIUB01BR1-33-X108Z2,8,SMC Factory 2,,roll,
TIUB01BU-33-X108Z2,8,SMC Factory 2,,roll,
TIUB01BU1-33-X108Z2,8,SMC Factory 2,,roll,
TIUB01BU2-33-X108Z2,8,SMC Factory 2,,roll,
TIUB01BU3-33-X108Z2,8,SMC Factory 2,,roll,
TIUB01C-33-X108Z2,8,SMC Factory 2,,roll,
TIUB01G-33-X108Z2,8,SMC Factory 2,,roll,
TIUB01G1-33-X108Z2,8,SMC Factory 2,,roll,
TIUB01G2-33-X108Z2,8,SMC Factory 2,,roll,
TIUB01G3-33-X108Z2,8,SMC Factory 2,,roll,
TIUB01G4-33-X108Z2,8,SMC Factory 2,,roll,
TIUB01GR1-33-X108Z2,8,SMC Factory 2,,roll,
TIUB01GR2-33-X108Z2,8,SMC Factory 2,,roll,
TIUB01P1-33-X108Z2,8,SMC Factory 2,,roll,
TIUB01PU1-33-X108Z2,8,SMC Factory 2,,roll,
TIUB01PU2-33-X108Z2,8,SMC Factory 2,,roll,
TIUB01R-33-X108Z2,8,SMC Factory 2,,roll,
TIUB01R1-33-X108Z2,8,SMC Factory 2,,roll,
TIUB01R2-33-X108Z2,8,SMC Factory 2,,roll,
TIUB01S1-33-X108Z2,8,SMC Factory 2,,roll,
TIUB01W-33-X108Z2,8,SMC Factory 2,,roll,
TIUB01Y-33-X108Z2,8,SMC Factory 2,,roll,
TIUB01Y1-33-X108Z2,8,SMC Factory 2,,roll,
TIUB01Y2-33-X108Z2,8,SMC Factory 2,,roll,
TIUB01Y3-33-X108Z2,8,SMC Factory 2,,roll,
TIUB01YR-33-X108Z2,8,SMC Factory 2,,roll,
TIUB01YR1-33-X108Z2,8,SMC Factory 2,,roll,
TIUB01YR2-33-X108Z2,8,SMC Factory 2,,roll,
TIUB05B-33-X108Z2,8,SMC Factory 2,,roll,
TIUB05BR1-33-X108Z2,8,SMC Factory 2,,roll,
TIUB05BU-33-X108Z2,8,SMC Factory 2,,roll,
TIUB05BU1-33-X108Z2,8,SMC Factory 2,,roll,
TIUB05BU2-33-X108Z2,8,SMC Factory 2,,roll,
TIUB05BU3-33-X108Z2,8,SMC Factory 2,,roll,
TIUB05C-33-X108Z2,8,SMC Factory 2,,roll,
TIUB05G-33-X108Z2,8,SMC Factory 2,,roll,
TIUB05G1-33-X108Z2,8,SMC Factory 2,,roll,
TIUB05G2-33-X108Z2,8,SMC Factory 2,,roll,
TIUB05G3-33-X108Z2,8,SMC Factory 2,,roll,
TIUB05G4-33-X108Z2,8,SMC Factory 2,,roll,
TIUB05GR1-33-X108Z2,8,SMC Factory 2,,roll,
TIUB05GR2-33-X108Z2,8,SMC Factory 2,,roll,
TIUB05P1-33-X108Z2,8,SMC Factory 2,,roll,
TIUB05PU1-33-X108Z2,8,SMC Factory 2,,roll,
TIUB05PU2-33-X108Z2,8,SMC Factory 2,,roll,
TIUB05R-33-X108Z2,8,SMC Factory 2,,roll,
TIUB05R1-33-X108Z2,8,SMC Factory 2,,roll,
TIUB05R2-33-X108Z2,8,SMC Factory 2,,roll,
TIUB05S1-33-X108Z2,8,SMC Factory 2,,roll,
TIUB05W-33-X108Z2,8,SMC Factory 2,,roll,
TIUB05Y-33-X108Z2,8,SMC Factory 2,,roll,
TIUB05Y1-33-X108Z2,8,SMC Factory 2,,roll,
TIUB05Y2-33-X108Z2,8,SMC Factory 2,,roll,
TIUB05Y3-33-X108Z2,8,SMC Factory 2,,roll,
TIUB05YR-33-X108Z2,8,SMC Factory 2,,roll,
TIUB05YR1-33-X108Z2,8,SMC Factory 2,,roll,
TIUB05YR2-33-X108Z2,8,SMC Factory 2,,roll,
TIUB07B-33-X108Z2,8,SMC Factory 2,,roll,
TIUB07BR1-33-X108Z2,8,SMC Factory 2,,roll,
TIUB07BU-33-X108Z2,8,SMC Factory 2,,roll,
TIUB07BU1-33-X108Z2,8,SMC Factory 2,,roll,
TIUB07BU2-33-X108Z2,8,SMC Factory 2,,roll,
TIUB07BU3-33-X108Z2,8,SMC Factory 2,,roll,
TIUB07C-33-X108Z2,8,SMC Factory 2,,roll,
TIUB07G-33-X108Z2,8,SMC Factory 2,,roll,
TIUB07G1-33-X108Z2,8,SMC Factory 2,,roll,
TIUB07G2-33-X108Z2,8,SMC Factory 2,,roll,
TIUB07G3-33-X108Z2,8,SMC Factory 2,,roll,
TIUB07G4-33-X108Z2,8,SMC Factory 2,,roll,
TIUB07GR1-33-X108Z2,8,SMC Factory 2,,roll,
TIUB07GR2-33-X108Z2,8,SMC Factory 2,,roll,
TIUB07P1-33-X108Z2,8,SMC Factory 2,,roll,
TIUB07PU1-33-X108Z2,8,SMC Factory 2,,roll,
TIUB07PU2-33-X108Z2,8,SMC Factory 2,,roll,
TIUB07R-33-X108Z2,8,SMC Factory 2,,roll,
TIUB07R1-33-X108Z2,8,SMC Factory 2,,roll,
TIUB07R2-33-X108Z2,8,SMC Factory 2,,roll,
TIUB07S1-33-X108Z2,8,SMC Factory 2,,roll,
TIUB07W-33-X108Z2,8,SMC Factory 2,,roll,
TIUB07Y-33-X108Z2,8,SMC Factory 2,,roll,
TIUB07Y1-33-X108Z2,8,SMC Factory 2,,roll,
TIUB07Y2-33-X108Z2,8,SMC Factory 2,,roll,
TIUB07Y3-33-X108Z2,8,SMC Factory 2,,roll,
TIUB07YR-33-X108Z2,8,SMC Factory 2,,roll,
TIUB07YR1-33-X108Z2,8,SMC Factory 2,,roll,
TIUB07YR2-33-X108Z2,8,SMC Factory 2,,roll,
TIUB11B-33-X108Z2,8,SMC Factory 2,,roll,
TIUB11BR1-33-X108Z2,8,SMC Factory 2,,roll,
TIUB11BU-33-X108Z2,8,SMC Factory 2,,roll,
TIUB11BU1-33-X108Z2,8,SMC Factory 2,,roll,
TIUB11BU2-33-X108Z2,8,SMC Factory 2,,roll,
TIUB11BU3-33-X108Z2,8,SMC Factory 2,,roll,
TIUB11C-33-X108Z2,8,SMC Factory 2,,roll,
TIUB11G-33-X108Z2,8,SMC Factory 2,,roll,
TIUB11G1-33-X108Z2,8,SMC Factory 2,,roll,
TIUB11G2-33-X108Z2,8,SMC Factory 2,,roll,
TIUB11G3-33-X108Z2,8,SMC Factory 2,,roll,
TIUB11G4-33-X108Z2,8,SMC Factory 2,,roll,
TIUB11GR1-33-X108Z2,8,SMC Factory 2,,roll,
TIUB11GR2-33-X108Z2,8,SMC Factory 2,,roll,
TIUB11P1-33-X108Z2,8,SMC Factory 2,,roll,
TIUB11PU1-33-X108Z2,8,SMC Factory 2,,roll,
TIUB11PU2-33-X108Z2,8,SMC Factory 2,,roll,
TIUB11R-33-X108Z2,8,SMC Factory 2,,roll,
TIUB11R1-33-X108Z2,8,SMC Factory 2,,roll,
TIUB11R2-33-X108Z2,8,SMC Factory 2,,roll,
TIUB11S1-33-X108Z2,8,SMC Factory 2,,roll,
TIUB11W-33-X108Z2,8,SMC Factory 2,,roll,
TIUB11Y-33-X108Z2,8,SMC Factory 2,,roll,
TIUB11Y1-33-X108Z2,8,SMC Factory 2,,roll,
TIUB11Y2-33-X108Z2,8,SMC Factory 2,,roll,
TIUB11Y3-33-X108Z2,8,SMC Factory 2,,roll,
TIUB11YR-33-X108Z2,8,SMC Factory 2,,roll,
TIUB11YR1-33-X108Z2,8,SMC Factory 2,,roll,
TIUB11YR2-33-X108Z2,8,SMC Factory 2,,roll,
TIUB13B-33-X108Z2,8,SMC Factory 2,,roll,
TIUB13BR1-33-X108Z2,8,SMC Factory 2,,roll,
TIUB13BU-33-X108Z2,8,SMC Factory 2,,roll,
TIUB13BU1-33-X108Z2,8,SMC Factory 2,,roll,
TIUB13BU2-33-X108Z2,8,SMC Factory 2,,roll,
TIUB13BU3-33-X108Z2,8,SMC Factory 2,,roll,
TIUB13C-33-X108Z2,8,SMC Factory 2,,roll,
TIUB13G-33-X108Z2,8,SMC Factory 2,,roll,
TIUB13G1-33-X108Z2,8,SMC Factory 2,,roll,
TIUB13G2-33-X108Z2,8,SMC Factory 2,,roll,
TIUB13G3-33-X108Z2,8,SMC Factory 2,,roll,
TIUB13G4-33-X108Z2,8,SMC Factory 2,,roll,
TIUB13GR1-33-X108Z2,8,SMC Factory 2,,roll,
TIUB13GR2-33-X108Z2,8,SMC Factory 2,,roll,
TIUB13P1-33-X108Z2,8,SMC Factory 2,,roll,
TIUB13PU1-33-X108Z2,8,SMC Factory 2,,roll,
TIUB13PU2-33-X108Z2,8,SMC Factory 2,,roll,
TIUB13R-33-X108Z2,8,SMC Factory 2,,roll,
TIUB13R1-33-X108Z2,8,SMC Factory 2,,roll,
TIUB13R2-33-X108Z2,8,SMC Factory 2,,roll,
TIUB13S1-33-X108Z2,8,SMC Factory 2,,roll,
TIUB13W-33-X108Z2,8,SMC Factory 2,,roll,
TIUB13Y-33-X108Z2,8,SMC Factory 2,,roll,
TIUB13Y1-33-X108Z2,8,SMC Factory 2,,roll,
TIUB13Y2-33-X108Z2,8,SMC Factory 2,,roll,
TIUB13Y3-33-X108Z2,8,SMC Factory 2,,roll,
TIUB13YR-33-X108Z2,8,SMC Factory 2,,roll,
TIUB13YR1-33-X108Z2,8,SMC Factory 2,,roll,
TIUB13YR2-33-X108Z2,8,SMC Factory 2,,roll,
TU1610C-33-X108Z2,2,SMC Factory 2,,roll,
TU1610B-33-X108Z2,2,SMC Factory 2,,roll,
TU1610BU-33-X108Z2,2,SMC Factory 2,,roll,
TU1610G-33-X108Z2,2,SMC Factory 2,,roll,
TU1610R-33-X108Z2,2,SMC Factory 2,,roll,
TU1610W-33-X108Z2,2,SMC Factory 2,,roll,
TU1610Y-33-X108Z2,2,SMC Factory 2,,roll,
TU1610YR-33-X108Z2,2,SMC Factory 2,,roll,
TU1610BU1-33-X108Z2,2,SMC Factory 2,,roll,
TU1610BU2-33-X108Z2,2,SMC Factory 2,,roll,
TU1610BU3-33-X108Z2,2,SMC Factory 2,,roll,
TU1610BR1-33-X108Z2,2,SMC Factory 2,,roll,
TU1610G1-33-X108Z2,2,SMC Factory 2,,roll,
TU1610G2-33-X108Z2,2,SMC Factory 2,,roll,
TU1610G3-33-X108Z2,2,SMC Factory 2,,roll,
TU1610G4-33-X108Z2,2,SMC Factory 2,,roll,
TU1610GR1-33-X108Z2,2,SMC Factory 2,,roll,
TU1610GR2-33-X108Z2,2,SMC Factory 2,,roll,
TU1610P1-33-X108Z2,2,SMC Factory 2,,roll,
TU1610PU1-33-X108Z2,2,SMC Factory 2,,roll,
TU1610PU2-33-X108Z2,2,SMC Factory 2,,roll,
TU1610R1-33-X108Z2,2,SMC Factory 2,,roll,
TU1610R2-33-X108Z2,2,SMC Factory 2,,roll,
TU1610S1-33-X108Z2,2,SMC Factory 2,,roll,
TU1610Y1-33-X108Z2,2,SMC Factory 2,,roll,
TU1610Y2-33-X108Z2,2,SMC Factory 2,,roll,
TU1610Y3-33-X108Z2,2,SMC Factory 2,,roll,
TU1610YR1-33-X108Z2,2,SMC Factory 2,,roll,
TU1610YR2-33-X108Z2,2,SMC Factory 2,,roll,
TU0425B-100-X101USZ1,12,SMC Factory 2,,roll,
TU0425BU-100-X101USZ1,12,SMC Factory 2,,roll,
TU0425G-100-X101USZ1,12,SMC Factory 2,,roll,
TU0425R-100-X101USZ1,12,SMC Factory 2,,roll,
TU0425W-100-X101USZ1,12,SMC Factory 2,,roll,
TU0425Y-100-X101USZ1,12,SMC Factory 2,,roll,
TU0425YR-100-X101USZ1,12,SMC Factory 2,,roll,
TU0604B-100-X101USZ1,12,SMC Factory 2,,roll,
TU0604BU-100-X101USZ1,12,SMC Factory 2,,roll,
TU0604G-100-X101USZ1,12,SMC Factory 2,,roll,
TU0604R-100-X101USZ1,12,SMC Factory 2,,roll,
TU0604W-100-X101USZ1,12,SMC Factory 2,,roll,
TU0604Y-100-X101USZ1,12,SMC Factory 2,,roll,
TU0604YR-100-X101USZ1,12,SMC Factory 2,,roll,
TU0805B-100-X101USZ1,12,SMC Factory 2,,roll,
TU0805BU-100-X101USZ1,12,SMC Factory 2,,roll,
TU0805G-100-X101USZ1,12,SMC Factory 2,,roll,
TU0805R-100-X101USZ1,12,SMC Factory 2,,roll,
TU0805W-100-X101USZ1,12,SMC Factory 2,,roll,
TU0805Y-100-X101USZ1,12,SMC Factory 2,,roll,
TU0805YR-100-X101USZ1,12,SMC Factory 2,,roll,
TU1065B-100-X101USZ1,4,SMC Factory 2,,roll,
TU1065BU-100-X101USZ1,4,SMC Factory 2,,roll,
TU1065G-100-X101USZ1,4,SMC Factory 2,,roll,
TU1065R-100-X101USZ1,4,SMC Factory 2,,roll,
TU1065W-100-X101USZ1,4,SMC Factory 2,,roll,
TU1065Y-100-X101USZ1,4,SMC Factory 2,,roll,
TU1065YR-100-X101USZ1,4,SMC Factory 2,,roll,
TU1208B-100-X101USZ1,4,SMC Factory 2,,roll,
TU1208BU-100-X101USZ1,4,SMC Factory 2,,roll,
TU1208G-100-X101USZ1,4,SMC Factory 2,,roll,
TU1208R-100-X101USZ1,4,SMC Factory 2,,roll,
TU1208W-100-X101USZ1,4,SMC Factory 2,,roll,
TU1208Y-100-X101USZ1,4,SMC Factory 2,,roll,
TU1208YR-100-X101USZ1,4,SMC Factory 2,,roll,
TIUB01B-100-X101USZ1,12,SMC Factory 2,,roll,
TIUB01BU-100-X101USZ1,12,SMC Factory 2,,roll,
TIUB01G-100-X101USZ1,12,SMC Factory 2,,roll,
TIUB01R-100-X101USZ1,12,SMC Factory 2,,roll,
TIUB01W-100-X101USZ1,12,SMC Factory 2,,roll,
TIUB01Y-100-X101USZ1,12,SMC Factory 2,,roll,
TIUB01YR-100-X101USZ1,12,SMC Factory 2,,roll,
TIUB05B-100-X101USZ1,12,SMC Factory 2,,roll,
TIUB05BU-100-X101USZ1,12,SMC Factory 2,,roll,
TIUB05G-100-X101USZ1,12,SMC Factory 2,,roll,
TIUB05R-100-X101USZ1,12,SMC Factory 2,,roll,
TIUB05W-100-X101USZ1,12,SMC Factory 2,,roll,
TIUB05Y-100-X101USZ1,12,SMC Factory 2,,roll,
TIUB05YR-100-X101USZ1,12,SMC Factory 2,,roll,
TIUB07B-100-X101USZ1,12,SMC Factory 2,,roll,
TIUB07BU-100-X101USZ1,12,SMC Factory 2,,roll,
TIUB07G-100-X101USZ1,12,SMC Factory 2,,roll,
TIUB07R-100-X101USZ1,12,SMC Factory 2,,roll,
TIUB07W-100-X101USZ1,12,SMC Factory 2,,roll,
TIUB07Y-100-X101USZ1,12,SMC Factory 2,,roll,
TIUB07YR-100-X101USZ1,12,SMC Factory 2,,roll,
TIUB11B-100-X101USZ1,4,SMC Factory 2,,roll,
TIUB11BU-100-X101USZ1,4,SMC Factory 2,,roll,
TIUB11G-100-X101USZ1,4,SMC Factory 2,,roll,
TIUB11R-100-X101USZ1,4,SMC Factory 2,,roll,
TIUB11W-100-X101USZ1,4,SMC Factory 2,,roll,
TIUB11Y-100-X101USZ1,4,SMC Factory 2,,roll,
TIUB11YR-100-X101USZ1,4,SMC Factory 2,,roll,
TIUB13B-100-X101USZ1,4,SMC Factory 2,,roll,
TIUB13BU-100-X101USZ1,4,SMC Factory 2,,roll,
TIUB13G-100-X101USZ1,4,SMC Factory 2,,roll,
TIUB13R-100-X101USZ1,4,SMC Factory 2,,roll,
TIUB13W-100-X101USZ1,4,SMC Factory 2,,roll,
TIUB13Y-100-X101USZ1,4,SMC Factory 2,,roll,
TIUB13YR-100-X101USZ1,4,SMC Factory 2,,roll,
TU0425B-153-X101USZ1,12,SMC Factory 2,,roll,
TU0425BU-153-X101USZ1,12,SMC Factory 2,,roll,
TU0425G-153-X101USZ1,12,SMC Factory 2,,roll,
TU0425R-153-X101USZ1,12,SMC Factory 2,,roll,
TU0425W-153-X101USZ1,12,SMC Factory 2,,roll,
TU0425Y-153-X101USZ1,12,SMC Factory 2,,roll,
TU0425YR-153-X101USZ1,12,SMC Factory 2,,roll,
TU0604B-153-X101USZ1,12,SMC Factory 2,,roll,
TU0604BU-153-X101USZ1,12,SMC Factory 2,,roll,
TU0604G-153-X101USZ1,12,SMC Factory 2,,roll,
TU0604R-153-X101USZ1,12,SMC Factory 2,,roll,
TU0604W-153-X101USZ1,12,SMC Factory 2,,roll,
TU0604Y-153-X101USZ1,12,SMC Factory 2,,roll,
TU0604YR-153-X101USZ1,12,SMC Factory 2,,roll,
TU0805B-153-X101USZ1,8,SMC Factory 2,,roll,
TU0805BU-153-X101USZ1,8,SMC Factory 2,,roll,
TU0805G-153-X101USZ1,8,SMC Factory 2,,roll,
TU0805R-153-X101USZ1,8,SMC Factory 2,,roll,
TU0805W-153-X101USZ1,8,SMC Factory 2,,roll,
TU0805Y-153-X101USZ1,8,SMC Factory 2,,roll,
TU0805YR-153-X101USZ1,8,SMC Factory 2,,roll,
TIUB01B-153-X101USZ1,12,SMC Factory 2,,roll,
TIUB01BU-153-X101USZ1,12,SMC Factory 2,,roll,
TIUB01G-153-X101USZ1,12,SMC Factory 2,,roll,
TIUB01R-153-X101USZ1,12,SMC Factory 2,,roll,
TIUB01W-153-X101USZ1,12,SMC Factory 2,,roll,
TIUB01Y-153-X101USZ1,12,SMC Factory 2,,roll,
TIUB01YR-153-X101USZ1,12,SMC Factory 2,,roll,
TIUB05B-153-X101USZ1,12,SMC Factory 2,,roll,
TIUB05BU-153-X101USZ1,12,SMC Factory 2,,roll,
TIUB05G-153-X101USZ1,12,SMC Factory 2,,roll,
TIUB05R-153-X101USZ1,12,SMC Factory 2,,roll,
TIUB05W-153-X101USZ1,12,SMC Factory 2,,roll,
TIUB05Y-153-X101USZ1,12,SMC Factory 2,,roll,
TIUB05YR-153-X101USZ1,12,SMC Factory 2,,roll,
TIUB07B-153-X101USZ1,12,SMC Factory 2,,roll,
TIUB07BU-153-X101USZ1,12,SMC Factory 2,,roll,
TIUB07G-153-X101USZ1,12,SMC Factory 2,,roll,
TIUB07R-153-X101USZ1,12,SMC Factory 2,,roll,
TIUB07W-153-X101USZ1,12,SMC Factory 2,,roll,
TIUB07Y-153-X101USZ1,12,SMC Factory 2,,roll,
TIUB07YR-153-X101USZ1,12,SMC Factory 2,,roll,
TU0425B-100-X108Z1,8,SMC Factory 2,,roll,
TU0425BU-100-X108Z1,8,SMC Factory 2,,roll,
TU0425G-100-X108Z1,8,SMC Factory 2,,roll,
TU0425R-100-X108Z1,8,SMC Factory 2,,roll,
TU0425W-100-X108Z1,8,SMC Factory 2,,roll,
TU0425Y-100-X108Z1,8,SMC Factory 2,,roll,
TU0425YR-100-X108Z1,8,SMC Factory 2,,roll,
TU0604B-100-X108Z1,8,SMC Factory 2,,roll,
TU0604BU-100-X108Z1,8,SMC Factory 2,,roll,
TU0604G-100-X108Z1,8,SMC Factory 2,,roll,
TU0604R-100-X108Z1,8,SMC Factory 2,,roll,
TU0604W-100-X108Z1,8,SMC Factory 2,,roll,
TU0604Y-100-X108Z1,8,SMC Factory 2,,roll,
TU0604YR-100-X108Z1,8,SMC Factory 2,,roll,
TU0805B-100-X108Z1,8,SMC Factory 2,,roll,
TU0805BU-100-X108Z1,8,SMC Factory 2,,roll,
TU0805G-100-X108Z1,8,SMC Factory 2,,roll,
TU0805R-100-X108Z1,8,SMC Factory 2,,roll,
TU0805W-100-X108Z1,8,SMC Factory 2,,roll,
TU0805Y-100-X108Z1,8,SMC Factory 2,,roll,
TU0805YR-100-X108Z1,8,SMC Factory 2,,roll,
TU1065B-100-X108Z1,2,SMC Factory 2,,roll,
TU1065BU-100-X108Z1,2,SMC Factory 2,,roll,
TU1065G-100-X108Z1,2,SMC Factory 2,,roll,
TU1065R-100-X108Z1,2,SMC Factory 2,,roll,
TU1065W-100-X108Z1,2,SMC Factory 2,,roll,
TU1065Y-100-X108Z1,2,SMC Factory 2,,roll,
TU1065YR-100-X108Z1,2,SMC Factory 2,,roll,
TU1208B-100-X108Z1,2,SMC Factory 2,,roll,
TU1208BU-100-X108Z1,2,SMC Factory 2,,roll,
TU1208G-100-X108Z1,2,SMC Factory 2,,roll,
TU1208R-100-X108Z1,2,SMC Factory 2,,roll,
TU1208W-100-X108Z1,2,SMC Factory 2,,roll,
TU1208Y-100-X108Z1,2,SMC Factory 2,,roll,
TU1208YR-100-X108Z1,2,SMC Factory 2,,roll,
TU0425B-153-X108Z1,8,SMC Factory 2,,roll,
TU0425BU-153-X108Z1,8,SMC Factory 2,,roll,
TU0425G-153-X108Z1,8,SMC Factory 2,,roll,
TU0425R-153-X108Z1,8,SMC Factory 2,,roll,
TU0425W-153-X108Z1,8,SMC Factory 2,,roll,
TU0425Y-153-X108Z1,8,SMC Factory 2,,roll,
TU0425YR-153-X108Z1,8,SMC Factory 2,,roll,
TU0604B-153-X108Z1,8,SMC Factory 2,,roll,
TU0604BU-153-X108Z1,8,SMC Factory 2,,roll,
TU0604G-153-X108Z1,8,SMC Factory 2,,roll,
TU0604R-153-X108Z1,8,SMC Factory 2,,roll,
TU0604W-153-X108Z1,8,SMC Factory 2,,roll,
TU0604Y-153-X108Z1,8,SMC Factory 2,,roll,
TU0604YR-153-X108Z1,8,SMC Factory 2,,roll,
TU0805B-153-X108Z1,8,SMC Factory 2,,roll,
TU0805BU-153-X108Z1,8,SMC Factory 2,,roll,
TU0805G-153-X108Z1,8,SMC Factory 2,,roll,
TU0805R-153-X108Z1,8,SMC Factory 2,,roll,
TU0805W-153-X108Z1,8,SMC Factory 2,,roll,
TU0805Y-153-X108Z1,8,SMC Factory 2,,roll,
TU0805YR-153-X108Z1,8,SMC Factory 2,,roll,
TU1065B-153-X108Z1,2,SMC Factory 2,,roll,
TU1065BU-153-X108Z1,2,SMC Factory 2,,roll,
TU1065G-153-X108Z1,2,SMC Factory 2,,roll,
TU1065R-153-X108Z1,2,SMC Factory 2,,roll,
TU1065W-153-X108Z1,2,SMC Factory 2,,roll,
TU1065Y-153-X108Z1,2,SMC Factory 2,,roll,
TU1065YR-153-X108Z1,2,SMC Factory 2,,roll,
TU1208B-153-X108Z1,2,SMC Factory 2,,roll,
TU1208BU-153-X108Z1,2,SMC Factory 2,,roll,
TU1208G-153-X108Z1,2,SMC Factory 2,,roll,
TU1208R-153-X108Z1,2,SMC Factory 2,,roll,
TU1208W-153-X108Z1,2,SMC Factory 2,,roll,
TU1208Y-153-X108Z1,2,SMC Factory 2,,roll,
TU1208YR-153-X108Z1,2,SMC Factory 2,,roll,
TU0425B-305-X108Z1,8,SMC Factory 2,,roll,
TU0425BU-305-X108Z1,8,SMC Factory 2,,roll,
TU0425G-305-X108Z1,8,SMC Factory 2,,roll,
TU0425R-305-X108Z1,8,SMC Factory 2,,roll,
TU0425W-305-X108Z1,8,SMC Factory 2,,roll,
TU0425Y-305-X108Z1,8,SMC Factory 2,,roll,
TU0425YR-305-X108Z1,8,SMC Factory 2,,roll,
TU0604B-305-X108Z1,4,SMC Factory 2,,roll,
TU0604BU-305-X108Z1,4,SMC Factory 2,,roll,
TU0604G-305-X108Z1,4,SMC Factory 2,,roll,
TU0604R-305-X108Z1,4,SMC Factory 2,,roll,
TU0604W-305-X108Z1,4,SMC Factory 2,,roll,
TU0604Y-305-X108Z1,4,SMC Factory 2,,roll,
TU0604YR-305-X108Z1,4,SMC Factory 2,,roll,
TU0805B-305-X108Z1,2,SMC Factory 2,,roll,
TU0805BU-305-X108Z1,2,SMC Factory 2,,roll,
TU0805G-305-X108Z1,2,SMC Factory 2,,roll,
TU0805R-305-X108Z1,2,SMC Factory 2,,roll,
TU0805W-305-X108Z1,2,SMC Factory 2,,roll,
TU0805Y-305-X108Z1,2,SMC Factory 2,,roll,
TU0805YR-305-X108Z1,2,SMC Factory 2,,roll,
TU1065B-305-X108Z1,2,SMC Factory 2,,roll,
TU1065BU-305-X108Z1,2,SMC Factory 2,,roll,
TU1065G-305-X108Z1,2,SMC Factory 2,,roll,
TU1065R-305-X108Z1,2,SMC Factory 2,,roll,
TU1065W-305-X108Z1,2,SMC Factory 2,,roll,
TU1065Y-305-X108Z1,2,SMC Factory 2,,roll,
TU1065YR-305-X108Z1,2,SMC Factory 2,,roll,
TU1208B-305-X108Z1,1,SMC Factory 2,,roll,
TU1208BU-305-X108Z1,1,SMC Factory 2,,roll,
TU1208G-305-X108Z1,1,SMC Factory 2,,roll,
TU1208R-305-X108Z1,1,SMC Factory 2,,roll,
TU1208W-305-X108Z1,1,SMC Factory 2,,roll,
TU1208Y-305-X108Z1,1,SMC Factory 2,,roll,
TU1208YR-305-X108Z1,1,SMC Factory 2,,roll,
TU0425B-500-X108Z1,8,SMC Factory 2,,roll,
TU0425BU-500-X108Z1,8,SMC Factory 2,,roll,
TU0425G-500-X108Z1,8,SMC Factory 2,,roll,
TU0425R-500-X108Z1,8,SMC Factory 2,,roll,
TU0425W-500-X108Z1,8,SMC Factory 2,,roll,
TU0425Y-500-X108Z1,8,SMC Factory 2,,roll,
TU0425YR-500-X108Z1,8,SMC Factory 2,,roll,
TU0604B-500-X108Z1,2,SMC Factory 2,,roll,
TU0604BU-500-X108Z1,2,SMC Factory 2,,roll,
TU0604G-500-X108Z1,2,SMC Factory 2,,roll,
TU0604R-500-X108Z1,2,SMC Factory 2,,roll,
TU0604W-500-X108Z1,2,SMC Factory 2,,roll,
TU0604Y-500-X108Z1,2,SMC Factory 2,,roll,
TU0604YR-500-X108Z1,2,SMC Factory 2,,roll,
TU0805B-500-X108Z1,2,SMC Factory 2,,roll,
TU0805BU-500-X108Z1,2,SMC Factory 2,,roll,
TU0805G-500-X108Z1,2,SMC Factory 2,,roll,
TU0805R-500-X108Z1,2,SMC Factory 2,,roll,
TU0805W-500-X108Z1,2,SMC Factory 2,,roll,
TU0805Y-500-X108Z1,2,SMC Factory 2,,roll,
TU0805YR-500-X108Z1,2,SMC Factory 2,,roll,
TU1065B-500-X108Z1,1,SMC Factory 2,,roll,
TU1065BU-500-X108Z1,1,SMC Factory 2,,roll,
TU1065G-500-X108Z1,1,SMC Factory 2,,roll,
TU1065R-500-X108Z1,1,SMC Factory 2,,roll,
TU1065W-500-X108Z1,1,SMC Factory 2,,roll,
TU1065Y-500-X108Z1,1,SMC Factory 2,,roll,
TU1065YR-500-X108Z1,1,SMC Factory 2,,roll,
TU1208B-500-X108Z1,1,SMC Factory 2,,roll,
TU1208BU-500-X108Z1,1,SMC Factory 2,,roll,
TU1208G-500-X108Z1,1,SMC Factory 2,,roll,
TU1208R-500-X108Z1,1,SMC Factory 2,,roll,
TU1208W-500-X108Z1,1,SMC Factory 2,,roll,
TU1208Y-500-X108Z1,1,SMC Factory 2,,roll,
TU1208YR-500-X108Z1,1,SMC Factory 2,,roll,
TIUB01B-100-X108Z1,8,SMC Factory 2,,roll,
TIUB01BU-100-X108Z1,8,SMC Factory 2,,roll,
TIUB01G-100-X108Z1,8,SMC Factory 2,,roll,
TIUB01R-100-X108Z1,8,SMC Factory 2,,roll,
TIUB01W-100-X108Z1,8,SMC Factory 2,,roll,
TIUB01Y-100-X108Z1,8,SMC Factory 2,,roll,
TIUB01YR-100-X108Z1,8,SMC Factory 2,,roll,
TIUB05B-100-X108Z1,8,SMC Factory 2,,roll,
TIUB05BU-100-X108Z1,8,SMC Factory 2,,roll,
TIUB05G-100-X108Z1,8,SMC Factory 2,,roll,
TIUB05R-100-X108Z1,8,SMC Factory 2,,roll,
TIUB05W-100-X108Z1,8,SMC Factory 2,,roll,
TIUB05Y-100-X108Z1,8,SMC Factory 2,,roll,
TIUB05YR-100-X108Z1,8,SMC Factory 2,,roll,
TIUB07B-100-X108Z1,8,SMC Factory 2,,roll,
TIUB07BU-100-X108Z1,8,SMC Factory 2,,roll,
TIUB07G-100-X108Z1,8,SMC Factory 2,,roll,
TIUB07R-100-X108Z1,8,SMC Factory 2,,roll,
TIUB07W-100-X108Z1,8,SMC Factory 2,,roll,
TIUB07Y-100-X108Z1,8,SMC Factory 2,,roll,
TIUB07YR-100-X108Z1,8,SMC Factory 2,,roll,
TIUB11B-100-X108Z1,2,SMC Factory 2,,roll,
TIUB11BU-100-X108Z1,2,SMC Factory 2,,roll,
TIUB11G-100-X108Z1,2,SMC Factory 2,,roll,
TIUB11R-100-X108Z1,2,SMC Factory 2,,roll,
TIUB11W-100-X108Z1,2,SMC Factory 2,,roll,
TIUB11Y-100-X108Z1,2,SMC Factory 2,,roll,
TIUB11YR-100-X108Z1,2,SMC Factory 2,,roll,
TIUB13B-100-X108Z1,2,SMC Factory 2,,roll,
TIUB13BU-100-X108Z1,2,SMC Factory 2,,roll,
TIUB13G-100-X108Z1,2,SMC Factory 2,,roll,
TIUB13R-100-X108Z1,2,SMC Factory 2,,roll,
TIUB13W-100-X108Z1,2,SMC Factory 2,,roll,
TIUB13Y-100-X108Z1,2,SMC Factory 2,,roll,
TIUB13YR-100-X108Z1,2,SMC Factory 2,,roll,
TIUB01B-153-X108Z1,8,SMC Factory 2,,roll,
TIUB01BU-153-X108Z1,8,SMC Factory 2,,roll,
TIUB01G-153-X108Z1,8,SMC Factory 2,,roll,
TIUB01R-153-X108Z1,8,SMC Factory 2,,roll,
TIUB01W-153-X108Z1,8,SMC Factory 2,,roll,
TIUB01Y-153-X108Z1,8,SMC Factory 2,,roll,
TIUB01YR-153-X108Z1,8,SMC Factory 2,,roll,
TIUB05B-153-X108Z1,8,SMC Factory 2,,roll,
TIUB05BU-153-X108Z1,8,SMC Factory 2,,roll,
TIUB05G-153-X108Z1,8,SMC Factory 2,,roll,
TIUB05R-153-X108Z1,8,SMC Factory 2,,roll,
TIUB05W-153-X108Z1,8,SMC Factory 2,,roll,
TIUB05Y-153-X108Z1,8,SMC Factory 2,,roll,
TIUB05YR-153-X108Z1,8,SMC Factory 2,,roll,
TIUB07B-153-X108Z1,8,SMC Factory 2,,roll,
TIUB07BU-153-X108Z1,8,SMC Factory 2,,roll,
TIUB07G-153-X108Z1,8,SMC Factory 2,,roll,
TIUB07R-153-X108Z1,8,SMC Factory 2,,roll,
TIUB07W-153-X108Z1,8,SMC Factory 2,,roll,
TIUB07Y-153-X108Z1,8,SMC Factory 2,,roll,
TIUB07YR-153-X108Z1,8,SMC Factory 2,,roll,
TIUB11B-153-X108Z1,2,SMC Factory 2,,roll,
TIUB11BU-153-X108Z1,2,SMC Factory 2,,roll,
TIUB11G-153-X108Z1,2,SMC Factory 2,,roll,
TIUB11R-153-X108Z1,2,SMC Factory 2,,roll,
TIUB11W-153-X108Z1,2,SMC Factory 2,,roll,
TIUB11Y-153-X108Z1,2,SMC Factory 2,,roll,
TIUB11YR-153-X108Z1,2,SMC Factory 2,,roll,
TIUB13B-153-X108Z1,2,SMC Factory 2,,roll,
TIUB13BU-153-X108Z1,2,SMC Factory 2,,roll,
TIUB13G-153-X108Z1,2,SMC Factory 2,,roll,
TIUB13R-153-X108Z1,2,SMC Factory 2,,roll,
TIUB13W-153-X108Z1,2,SMC Factory 2,,roll,
TIUB13Y-153-X108Z1,2,SMC Factory 2,,roll,
TIUB13YR-153-X108Z1,2,SMC Factory 2,,roll,
TIUB01B-305-X108Z1,8,SMC Factory 2,,roll,
TIUB01BU-305-X108Z1,8,SMC Factory 2,,roll,
TIUB01G-305-X108Z1,8,SMC Factory 2,,roll,
TIUB01R-305-X108Z1,8,SMC Factory 2,,roll,
TIUB01W-305-X108Z1,8,SMC Factory 2,,roll,
TIUB01Y-305-X108Z1,8,SMC Factory 2,,roll,
TIUB01YR-305-X108Z1,8,SMC Factory 2,,roll,
TIUB05B-305-X108Z1,8,SMC Factory 2,,roll,
TIUB05BU-305-X108Z1,8,SMC Factory 2,,roll,
TIUB05G-305-X108Z1,8,SMC Factory 2,,roll,
TIUB05R-305-X108Z1,8,SMC Factory 2,,roll,
TIUB05W-305-X108Z1,8,SMC Factory 2,,roll,
TIUB05Y-305-X108Z1,8,SMC Factory 2,,roll,
TIUB05YR-305-X108Z1,8,SMC Factory 2,,roll,
TIUB07B-305-X108Z1,4,SMC Factory 2,,roll,
TIUB07BU-305-X108Z1,4,SMC Factory 2,,roll,
TIUB07G-305-X108Z1,4,SMC Factory 2,,roll,
TIUB07R-305-X108Z1,4,SMC Factory 2,,roll,
TIUB07W-305-X108Z1,4,SMC Factory 2,,roll,
TIUB07Y-305-X108Z1,4,SMC Factory 2,,roll,
TIUB07YR-305-X108Z1,4,SMC Factory 2,,roll,
TIUB11B-305-X108Z1,2,SMC Factory 2,,roll,
TIUB11BU-305-X108Z1,2,SMC Factory 2,,roll,
TIUB11G-305-X108Z1,2,SMC Factory 2,,roll,
TIUB11R-305-X108Z1,2,SMC Factory 2,,roll,
TIUB11W-305-X108Z1,2,SMC Factory 2,,roll,
TIUB11Y-305-X108Z1,2,SMC Factory 2,,roll,
TIUB11YR-305-X108Z1,2,SMC Factory 2,,roll,
TIUB13B-305-X108Z1,1,SMC Factory 2,,roll,
TIUB13BU-305-X108Z1,1,SMC Factory 2,,roll,
TIUB13G-305-X108Z1,1,SMC Factory 2,,roll,
TIUB13R-305-X108Z1,1,SMC Factory 2,,roll,
TIUB13W-305-X108Z1,1,SMC Factory 2,,roll,
TIUB13Y-305-X108Z1,1,SMC Factory 2,,roll,
TIUB13YR-305-X108Z1,1,SMC Factory 2,,roll,
TIUB01B-500-X108Z1,8,SMC Factory 2,,roll,
TIUB01BU-500-X108Z1,8,SMC Factory 2,,roll,
TIUB01G-500-X108Z1,8,SMC Factory 2,,roll,
TIUB01R-500-X108Z1,8,SMC Factory 2,,roll,
TIUB01W-500-X108Z1,8,SMC Factory 2,,roll,
TIUB01Y-500-X108Z1,8,SMC Factory 2,,roll,
TIUB01YR-500-X108Z1,8,SMC Factory 2,,roll,
TIUB05B-500-X108Z1,4,SMC Factory 2,,roll,
TIUB05BU-500-X108Z1,4,SMC Factory 2,,roll,
TIUB05G-500-X108Z1,4,SMC Factory 2,,roll,
TIUB05R-500-X108Z1,4,SMC Factory 2,,roll,
TIUB05W-500-X108Z1,4,SMC Factory 2,,roll,
TIUB05Y-500-X108Z1,4,SMC Factory 2,,roll,
TIUB05YR-500-X108Z1,4,SMC Factory 2,,roll,
TIUB07B-500-X108Z1,2,SMC Factory 2,,roll,
TIUB07BU-500-X108Z1,2,SMC Factory 2,,roll,
TIUB07G-500-X108Z1,2,SMC Factory 2,,roll,
TIUB07R-500-X108Z1,2,SMC Factory 2,,roll,
TIUB07W-500-X108Z1,2,SMC Factory 2,,roll,
TIUB07Y-500-X108Z1,2,SMC Factory 2,,roll,
TIUB07YR-500-X108Z1,2,SMC Factory 2,,roll,
TIUB11B-500-X108Z1,1,SMC Factory 2,,roll,
TIUB11BU-500-X108Z1,1,SMC Factory 2,,roll,
TIUB11G-500-X108Z1,1,SMC Factory 2,,roll,
TIUB11R-500-X108Z1,1,SMC Factory 2,,roll,
TIUB11W-500-X108Z1,1,SMC Factory 2,,roll,
TIUB11Y-500-X108Z1,1,SMC Factory 2,,roll,
TIUB11YR-500-X108Z1,1,SMC Factory 2,,roll,
TIUB13B-500-X108Z1,1,SMC Factory 2,,roll,
TIUB13BU-500-X108Z1,1,SMC Factory 2,,roll,
TIUB13G-500-X108Z1,1,SMC Factory 2,,roll,
TIUB13R-500-X108Z1,1,SMC Factory 2,,roll,
TIUB13W-500-X108Z1,1,SMC Factory 2,,roll,
TIUB13Y-500-X108Z1,1,SMC Factory 2,,roll,
TIUB13YR-500-X108Z1,1,SMC Factory 2,,roll,
TU1610B-100-X108Z1,1,SMC Factory 2,,roll,
TU1610BU-100-X108Z1,1,SMC Factory 2,,roll,
TU1610G-100-X108Z1,1,SMC Factory 2,,roll,
TU1610R-100-X108Z1,1,SMC Factory 2,,roll,
TU1610W-100-X108Z1,1,SMC Factory 2,,roll,
TU1610Y-100-X108Z1,1,SMC Factory 2,,roll,
TU1610YR-100-X108Z1,1,SMC Factory 2,,roll,
TU0425B-33-X108Z1,8,SMC Factory 2,,roll,
TU0425BU-33-X108Z1,8,SMC Factory 2,,roll,
TU0425G-33-X108Z1,8,SMC Factory 2,,roll,
TU0425R-33-X108Z1,8,SMC Factory 2,,roll,
TU0425W-33-X108Z1,8,SMC Factory 2,,roll,
TU0425Y-33-X108Z1,8,SMC Factory 2,,roll,
TU0425YR-33-X108Z1,8,SMC Factory 2,,roll,
TU0604B-33-X108Z1,8,SMC Factory 2,,roll,
TU0604BU-33-X108Z1,8,SMC Factory 2,,roll,
TU0604G-33-X108Z1,8,SMC Factory 2,,roll,
TU0604R-33-X108Z1,8,SMC Factory 2,,roll,
TU0604W-33-X108Z1,8,SMC Factory 2,,roll,
TU0604Y-33-X108Z1,8,SMC Factory 2,,roll,
TU0604YR-33-X108Z1,8,SMC Factory 2,,roll,
TU0805B-33-X108Z1,8,SMC Factory 2,,roll,
TU0805BU-33-X108Z1,8,SMC Factory 2,,roll,
TU0805G-33-X108Z1,8,SMC Factory 2,,roll,
TU0805R-33-X108Z1,8,SMC Factory 2,,roll,
TU0805W-33-X108Z1,8,SMC Factory 2,,roll,
TU0805Y-33-X108Z1,8,SMC Factory 2,,roll,
TU0805YR-33-X108Z1,8,SMC Factory 2,,roll,
TU1065B-33-X108Z1,8,SMC Factory 2,,roll,
TU1065BU-33-X108Z1,8,SMC Factory 2,,roll,
TU1065G-33-X108Z1,8,SMC Factory 2,,roll,
TU1065R-33-X108Z1,8,SMC Factory 2,,roll,
TU1065W-33-X108Z1,8,SMC Factory 2,,roll,
TU1065Y-33-X108Z1,8,SMC Factory 2,,roll,
TU1065YR-33-X108Z1,8,SMC Factory 2,,roll,
TU1208B-33-X108Z1,8,SMC Factory 2,,roll,
TU1208BU-33-X108Z1,8,SMC Factory 2,,roll,
TU1208G-33-X108Z1,8,SMC Factory 2,,roll,
TU1208R-33-X108Z1,8,SMC Factory 2,,roll,
TU1208W-33-X108Z1,8,SMC Factory 2,,roll,
TU1208Y-33-X108Z1,8,SMC Factory 2,,roll,
TU1208YR-33-X108Z1,8,SMC Factory 2,,roll,
TIUB01B-33-X108Z1,8,SMC Factory 2,,roll,
TIUB01BU-33-X108Z1,8,SMC Factory 2,,roll,
TIUB01G-33-X108Z1,8,SMC Factory 2,,roll,
TIUB01R-33-X108Z1,8,SMC Factory 2,,roll,
TIUB01W-33-X108Z1,8,SMC Factory 2,,roll,
TIUB01Y-33-X108Z1,8,SMC Factory 2,,roll,
TIUB01YR-33-X108Z1,8,SMC Factory 2,,roll,
TIUB05B-33-X108Z1,8,SMC Factory 2,,roll,
TIUB05BU-33-X108Z1,8,SMC Factory 2,,roll,
TIUB05G-33-X108Z1,8,SMC Factory 2,,roll,
TIUB05R-33-X108Z1,8,SMC Factory 2,,roll,
TIUB05W-33-X108Z1,8,SMC Factory 2,,roll,
TIUB05Y-33-X108Z1,8,SMC Factory 2,,roll,
TIUB05YR-33-X108Z1,8,SMC Factory 2,,roll,
TIUB07B-33-X108Z1,8,SMC Factory 2,,roll,
TIUB07BU-33-X108Z1,8,SMC Factory 2,,roll,
TIUB07G-33-X108Z1,8,SMC Factory 2,,roll,
TIUB07R-33-X108Z1,8,SMC Factory 2,,roll,
TIUB07W-33-X108Z1,8,SMC Factory 2,,roll,
TIUB07Y-33-X108Z1,8,SMC Factory 2,,roll,
TIUB07YR-33-X108Z1,8,SMC Factory 2,,roll,
TIUB11B-33-X108Z1,8,SMC Factory 2,,roll,
TIUB11BU-33-X108Z1,8,SMC Factory 2,,roll,
TIUB11G-33-X108Z1,8,SMC Factory 2,,roll,
TIUB11R-33-X108Z1,8,SMC Factory 2,,roll,
TIUB11W-33-X108Z1,8,SMC Factory 2,,roll,
TIUB11Y-33-X108Z1,8,SMC Factory 2,,roll,
TIUB11YR-33-X108Z1,8,SMC Factory 2,,roll,
TIUB13B-33-X108Z1,8,SMC Factory 2,,roll,
TIUB13BU-33-X108Z1,8,SMC Factory 2,,roll,
TIUB13G-33-X108Z1,8,SMC Factory 2,,roll,
TIUB13R-33-X108Z1,8,SMC Factory 2,,roll,
TIUB13W-33-X108Z1,8,SMC Factory 2,,roll,
TIUB13Y-33-X108Z1,8,SMC Factory 2,,roll,
TIUB13YR-33-X108Z1,8,SMC Factory 2,,roll,
TU1610B-33-X108Z1,2,SMC Factory 2,,roll,
TU1610BU-33-X108Z1,2,SMC Factory 2,,roll,
TU1610G-33-X108Z1,2,SMC Factory 2,,roll,
TU1610R-33-X108Z1,2,SMC Factory 2,,roll,
TU1610W-33-X108Z1,2,SMC Factory 2,,roll,
TU1610Y-33-X108Z1,2,SMC Factory 2,,roll,
TU1610YR-33-X108Z1,2,SMC Factory 2,,roll,
TU1611B-33-X74Z1,12,SMC Factory 2,,roll,
TU1611BU-33-X74Z1,12,SMC Factory 2,,roll,
TU1611G-33-X74Z1,12,SMC Factory 2,,roll,
TU1611R-33-X74Z1,12,SMC Factory 2,,roll,
TU1611W-33-X74Z1,12,SMC Factory 2,,roll,
TU1611Y-33-X74Z1,12,SMC Factory 2,,roll,
TU1611YR-33-X74Z1,12,SMC Factory 2,,roll,
TU1611C-33-X74Z2,12,SMC Factory 2,,roll,
TU1611B-33-X74Z2,12,SMC Factory 2,,roll,
TU1611BU-33-X74Z2,12,SMC Factory 2,,roll,
TU1611G-33-X74Z2,12,SMC Factory 2,,roll,
TU1611R-33-X74Z2,12,SMC Factory 2,,roll,
TU1611W-33-X74Z2,12,SMC Factory 2,,roll,
TU1611Y-33-X74Z2,12,SMC Factory 2,,roll,
TU1611YR-33-X74Z2,12,SMC Factory 2,,roll,
TU1611BU1-33-X74Z2,12,SMC Factory 2,,roll,
TU1611BU2-33-X74Z2,12,SMC Factory 2,,roll,
TU1611BU3-33-X74Z2,12,SMC Factory 2,,roll,
TU1611BR1-33-X74Z2,12,SMC Factory 2,,roll,
TU1611G1-33-X74Z2,12,SMC Factory 2,,roll,
TU1611G2-33-X74Z2,12,SMC Factory 2,,roll,
TU1611G3-33-X74Z2,12,SMC Factory 2,,roll,
TU1611G4-33-X74Z2,12,SMC Factory 2,,roll,
TU1611GR1-33-X74Z2,12,SMC Factory 2,,roll,
TU1611GR2-33-X74Z2,12,SMC Factory 2,,roll,
TU1611P1-33-X74Z2,12,SMC Factory 2,,roll,
TU1611PU1-33-X74Z2,12,SMC Factory 2,,roll,
TU1611PU2-33-X74Z2,12,SMC Factory 2,,roll,
TU1611R1-33-X74Z2,12,SMC Factory 2,,roll,
TU1611R2-33-X74Z2,12,SMC Factory 2,,roll,
TU1611S1-33-X74Z2,12,SMC Factory 2,,roll,
TU1611Y1-33-X74Z2,12,SMC Factory 2,,roll,
TU1611Y2-33-X74Z2,12,SMC Factory 2,,roll,
TU1611Y3-33-X74Z2,12,SMC Factory 2,,roll,
TU1611YR1-33-X74Z2,12,SMC Factory 2,,roll,
TU1611YR2-33-X74Z2,12,SMC Factory 2,,roll,
TU0425C-20-X214Z2,225,SMC Factory 2,,roll,
TU0425B-20-X214Z2,225,SMC Factory 2,,roll,
TU0425BU-20-X214Z2,225,SMC Factory 2,,roll,
TU0425G-20-X214Z2,225,SMC Factory 2,,roll,
TU0425R-20-X214Z2,225,SMC Factory 2,,roll,
TU0425W-20-X214Z2,225,SMC Factory 2,,roll,
TU0425Y-20-X214Z2,225,SMC Factory 2,,roll,
TU0425YR-20-X214Z2,225,SMC Factory 2,,roll,
TU0604C-20-X214Z2,96,SMC Factory 2,,roll,
TU0604G-20-X214Z2,96,SMC Factory 2,,roll,
TU0604R-20-X214Z2,96,SMC Factory 2,,roll,
TU0604W-20-X214Z2,96,SMC Factory 2,,roll,
TU0604Y-20-X214Z2,96,SMC Factory 2,,roll,
TU0604YR-20-X214Z2,96,SMC Factory 2,,roll,
TU0805C-20-X214Z2,70,SMC Factory 2,,roll,
TU0805B-20-X214Z2,70,SMC Factory 2,,roll,
TU0805BU-20-X214Z2,70,SMC Factory 2,,roll,
TU0805G-20-X214Z2,70,SMC Factory 2,,roll,
TU0805R-20-X214Z2,70,SMC Factory 2,,roll,
TU0805W-20-X214Z2,70,SMC Factory 2,,roll,
TU0805Y-20-X214Z2,70,SMC Factory 2,,roll,
TU0805YR-20-X214Z2,70,SMC Factory 2,,roll,
TU1065C-20-X214Z2,44,SMC Factory 2,,roll,
TU1065BU-20-X214Z2,44,SMC Factory 2,,roll,
TU1065G-20-X214Z2,44,SMC Factory 2,,roll,
TU1065R-20-X214Z2,44,SMC Factory 2,,roll,
TU1065W-20-X214Z2,44,SMC Factory 2,,roll,
TU1065Y-20-X214Z2,44,SMC Factory 2,,roll,
TU1065YR-20-X214Z2,44,SMC Factory 2,,roll,
TU1208C-20-X214Z2,36,SMC Factory 2,,roll,
TU1208B-20-X214Z2,36,SMC Factory 2,,roll,
TU1208BU-20-X214Z2,36,SMC Factory 2,,roll,
TU1208G-20-X214Z2,36,SMC Factory 2,,roll,
TU1208R-20-X214Z2,36,SMC Factory 2,,roll,
TU1208W-20-X214Z2,36,SMC Factory 2,,roll,
TU1208Y-20-X214Z2,36,SMC Factory 2,,roll,
TU1610C-20-X214Z2,20,SMC Factory 2,,roll,
TU1610B-20-X214Z2,20,SMC Factory 2,,roll,
TU1610BU-20-X214Z2,20,SMC Factory 2,,roll,
TU1610G-20-X214Z2,20,SMC Factory 2,,roll,
TU1610R-20-X214Z2,20,SMC Factory 2,,roll,
TU1610W-20-X214Z2,20,SMC Factory 2,,roll,
TU1610Y-20-X214Z2,20,SMC Factory 2,,roll,
TU1610YR-20-X214Z2,20,SMC Factory 2,,roll,
TIUB01C-20-X214Z2,450,SMC Factory 2,,roll,
TIUB01B-20-X214Z2,450,SMC Factory 2,,roll,
TIUB01BU-20-X214Z2,450,SMC Factory 2,,roll,
TIUB01G-20-X214Z2,450,SMC Factory 2,,roll,
TIUB01R-20-X214Z2,450,SMC Factory 2,,roll,
TIUB01W-20-X214Z2,450,SMC Factory 2,,roll,
TIUB01Y-20-X214Z2,450,SMC Factory 2,,roll,
TIUB01YR-20-X214Z2,450,SMC Factory 2,,roll,
TIUB05C-20-X214Z2,180,SMC Factory 2,,roll,
TIUB05B-20-X214Z2,180,SMC Factory 2,,roll,
TIUB05BU-20-X214Z2,180,SMC Factory 2,,roll,
TIUB05G-20-X214Z2,180,SMC Factory 2,,roll,
TIUB05R-20-X214Z2,180,SMC Factory 2,,roll,
TIUB05W-20-X214Z2,180,SMC Factory 2,,roll,
TIUB05Y-20-X214Z2,180,SMC Factory 2,,roll,
TIUB05YR-20-X214Z2,180,SMC Factory 2,,roll,
TIUB07C-20-X214Z2,112,SMC Factory 2,,roll,
TIUB07B-20-X214Z2,112,SMC Factory 2,,roll,
TIUB07BU-20-X214Z2,112,SMC Factory 2,,roll,
TIUB07G-20-X214Z2,112,SMC Factory 2,,roll,
TIUB07R-20-X214Z2,112,SMC Factory 2,,roll,
TIUB07W-20-X214Z2,112,SMC Factory 2,,roll,
TIUB07Y-20-X214Z2,112,SMC Factory 2,,roll,
TIUB07YR-20-X214Z2,112,SMC Factory 2,,roll,
TIUB11C-20-X214Z2,58,SMC Factory 2,,roll,
TIUB11B-20-X214Z2,58,SMC Factory 2,,roll,
TIUB11BU-20-X214Z2,58,SMC Factory 2,,roll,
TIUB11G-20-X214Z2,58,SMC Factory 2,,roll,
TIUB11R-20-X214Z2,58,SMC Factory 2,,roll,
TIUB11W-20-X214Z2,58,SMC Factory 2,,roll,
TIUB11Y-20-X214Z2,58,SMC Factory 2,,roll,
TIUB11YR-20-X214Z2,58,SMC Factory 2,,roll,
TIUB13C-20-X214Z2,34,SMC Factory 2,,roll,
TIUB13B-20-X214Z2,34,SMC Factory 2,,roll,
TIUB13BU-20-X214Z2,34,SMC Factory 2,,roll,
TIUB13G-20-X214Z2,34,SMC Factory 2,,roll,
TIUB13R-20-X214Z2,34,SMC Factory 2,,roll,
TIUB13W-20-X214Z2,34,SMC Factory 2,,roll,
TIUB13Y-20-X214Z2,34,SMC Factory 2,,roll,
TIUB13YR-20-X214Z2,34,SMC Factory 2,,roll,
TU0425C-100-X214Z2,50,SMC Factory 2,,roll,
TU0425B-100-X214Z2,50,SMC Factory 2,,roll,
TU0425BU-100-X214Z2,50,SMC Factory 2,,roll,
TU0425G-100-X214Z2,50,SMC Factory 2,,roll,
TU0425R-100-X214Z2,50,SMC Factory 2,,roll,
TU0425W-100-X214Z2,50,SMC Factory 2,,roll,
TU0425Y-100-X214Z2,50,SMC Factory 2,,roll,
TU0425YR-100-X214Z2,50,SMC Factory 2,,roll,
TU0604C-100-X214Z2,38,SMC Factory 2,,roll,
TU0604B-100-X214Z2,38,SMC Factory 2,,roll,
TU0604BU-100-X214Z2,38,SMC Factory 2,,roll,
TU0604G-100-X214Z2,38,SMC Factory 2,,roll,
TU0604R-100-X214Z2,38,SMC Factory 2,,roll,
TU0604W-100-X214Z2,38,SMC Factory 2,,roll,
TU0604Y-100-X214Z2,38,SMC Factory 2,,roll,
TU0604YR-100-X214Z2,38,SMC Factory 2,,roll,
TU0805C-100-X214Z2,18,SMC Factory 2,,roll,
TU0805B-100-X214Z2,18,SMC Factory 2,,roll,
TU0805BU-100-X214Z2,18,SMC Factory 2,,roll,
TU0805G-100-X214Z2,18,SMC Factory 2,,roll,
TU0805R-100-X214Z2,18,SMC Factory 2,,roll,
TU0805W-100-X214Z2,18,SMC Factory 2,,roll,
TU0805Y-100-X214Z2,18,SMC Factory 2,,roll,
TU0805YR-100-X214Z2,18,SMC Factory 2,,roll,
TU1065C-100-X214Z2,12,SMC Factory 2,,roll,
TU1065B-100-X214Z2,12,SMC Factory 2,,roll,
TU1065BU-100-X214Z2,12,SMC Factory 2,,roll,
TU1065R-100-X214Z2,12,SMC Factory 2,,roll,
TU1065W-100-X214Z2,12,SMC Factory 2,,roll,
TU1065Y-100-X214Z2,12,SMC Factory 2,,roll,
TU1065YR-100-X214Z2,12,SMC Factory 2,,roll,
TU1208C-100-X214Z2,8,SMC Factory 2,,roll,
TU1208B-100-X214Z2,8,SMC Factory 2,,roll,
TU1208BU-100-X214Z2,8,SMC Factory 2,,roll,
TU1208G-100-X214Z2,8,SMC Factory 2,,roll,
TU1208R-100-X214Z2,8,SMC Factory 2,,roll,
TU1208W-100-X214Z2,8,SMC Factory 2,,roll,
TU1208Y-100-X214Z2,8,SMC Factory 2,,roll,
TU1208YR-100-X214Z2,8,SMC Factory 2,,roll,
TU1610B-100-X214Z2,2,SMC Factory 2,,roll,
TU1610BU-100-X214Z2,2,SMC Factory 2,,roll,
TU1610G-100-X214Z2,2,SMC Factory 2,,roll,
TU1610R-100-X214Z2,2,SMC Factory 2,,roll,
TU1610W-100-X214Z2,2,SMC Factory 2,,roll,
TU1610Y-100-X214Z2,2,SMC Factory 2,,roll,
TU1610YR-100-X214Z2,2,SMC Factory 2,,roll,
TIUB01C-100-X214Z2,68,SMC Factory 2,,roll,
TIUB01B-100-X214Z2,68,SMC Factory 2,,roll,
TIUB01BU-100-X214Z2,68,SMC Factory 2,,roll,
TIUB01G-100-X214Z2,68,SMC Factory 2,,roll,
TIUB01R-100-X214Z2,68,SMC Factory 2,,roll,
TIUB01W-100-X214Z2,68,SMC Factory 2,,roll,
TIUB01Y-100-X214Z2,68,SMC Factory 2,,roll,
TIUB01YR-100-X214Z2,68,SMC Factory 2,,roll,
TIUB05C-100-X214Z2,60,SMC Factory 2,,roll,
TIUB05B-100-X214Z2,60,SMC Factory 2,,roll,
TIUB05BU-100-X214Z2,60,SMC Factory 2,,roll,
TIUB05G-100-X214Z2,60,SMC Factory 2,,roll,
TIUB05R-100-X214Z2,60,SMC Factory 2,,roll,
TIUB05W-100-X214Z2,60,SMC Factory 2,,roll,
TIUB05Y-100-X214Z2,60,SMC Factory 2,,roll,
TIUB05YR-100-X214Z2,60,SMC Factory 2,,roll,
TIUB07C-100-X214Z2,32,SMC Factory 2,,roll,
TIUB07B-100-X214Z2,32,SMC Factory 2,,roll,
TIUB07BU-100-X214Z2,32,SMC Factory 2,,roll,
TIUB07G-100-X214Z2,32,SMC Factory 2,,roll,
TIUB07R-100-X214Z2,32,SMC Factory 2,,roll,
TIUB07W-100-X214Z2,32,SMC Factory 2,,roll,
TIUB07Y-100-X214Z2,32,SMC Factory 2,,roll,
TIUB07YR-100-X214Z2,32,SMC Factory 2,,roll,
TIUB11C-100-X214Z2,12,SMC Factory 2,,roll,
TIUB11B-100-X214Z2,12,SMC Factory 2,,roll,
TIUB11BU-100-X214Z2,12,SMC Factory 2,,roll,
TIUB11G-100-X214Z2,12,SMC Factory 2,,roll,
TIUB11R-100-X214Z2,12,SMC Factory 2,,roll,
TIUB11W-100-X214Z2,12,SMC Factory 2,,roll,
TIUB11Y-100-X214Z2,12,SMC Factory 2,,roll,
TIUB11YR-100-X214Z2,12,SMC Factory 2,,roll,
TIUB13C-100-X214Z2,8,SMC Factory 2,,roll,
TIUB13B-100-X214Z2,8,SMC Factory 2,,roll,
TIUB13BU-100-X214Z2,8,SMC Factory 2,,roll,
TIUB13G-100-X214Z2,8,SMC Factory 2,,roll,
TIUB13R-100-X214Z2,8,SMC Factory 2,,roll,
TIUB13W-100-X214Z2,8,SMC Factory 2,,roll,
TIUB13Y-100-X214Z2,8,SMC Factory 2,,roll,
TIUB13YR-100-X214Z2,8,SMC Factory 2,,roll,
TU0425B-33-X101USZ1,12,SMC Factory 2,,roll,
TU0425BU-33-X101USZ1,12,SMC Factory 2,,roll,
TU0425G-33-X101USZ1,12,SMC Factory 2,,roll,
TU0425R-33-X101USZ1,12,SMC Factory 2,,roll,
TU0425W-33-X101USZ1,12,SMC Factory 2,,roll,
TU0425Y-33-X101USZ1,12,SMC Factory 2,,roll,
TU0425YR-33-X101USZ1,12,SMC Factory 2,,roll,
TU0604B-33-X101USZ1,12,SMC Factory 2,,roll,
TU0604BU-33-X101USZ1,12,SMC Factory 2,,roll,
TU0604G-33-X101USZ1,12,SMC Factory 2,,roll,
TU0604R-33-X101USZ1,12,SMC Factory 2,,roll,
TU0604W-33-X101USZ1,12,SMC Factory 2,,roll,
TU0604Y-33-X101USZ1,12,SMC Factory 2,,roll,
TU0604YR-33-X101USZ1,12,SMC Factory 2,,roll,
TU0805B-33-X101USZ1,12,SMC Factory 2,,roll,
TU0805BU-33-X101USZ1,12,SMC Factory 2,,roll,
TU0805G-33-X101USZ1,12,SMC Factory 2,,roll,
TU0805R-33-X101USZ1,12,SMC Factory 2,,roll,
TU0805W-33-X101USZ1,12,SMC Factory 2,,roll,
TU0805Y-33-X101USZ1,12,SMC Factory 2,,roll,
TU0805YR-33-X101USZ1,12,SMC Factory 2,,roll,
TU1065B-33-X101USZ1,12,SMC Factory 2,,roll,
TU1065BU-33-X101USZ1,12,SMC Factory 2,,roll,
TU1065G-33-X101USZ1,12,SMC Factory 2,,roll,
TU1065R-33-X101USZ1,12,SMC Factory 2,,roll,
TU1065W-33-X101USZ1,12,SMC Factory 2,,roll,
TU1065Y-33-X101USZ1,12,SMC Factory 2,,roll,
TU1065YR-33-X101USZ1,12,SMC Factory 2,,roll,
TU1208B-33-X101USZ1,12,SMC Factory 2,,roll,
TU1208BU-33-X101USZ1,12,SMC Factory 2,,roll,
TU1208G-33-X101USZ1,12,SMC Factory 2,,roll,
TU1208R-33-X101USZ1,12,SMC Factory 2,,roll,
TU1208W-33-X101USZ1,12,SMC Factory 2,,roll,
TU1208Y-33-X101USZ1,12,SMC Factory 2,,roll,
TU1208YR-33-X101USZ1,12,SMC Factory 2,,roll,
TU1610B-33-X101USZ1,3,SMC Factory 2,,roll,
TU1610BU-33-X101USZ1,3,SMC Factory 2,,roll,
TU1610G-33-X101USZ1,3,SMC Factory 2,,roll,
TU1610R-33-X101USZ1,3,SMC Factory 2,,roll,
TU1610W-33-X101USZ1,3,SMC Factory 2,,roll,
TU1610Y-33-X101USZ1,3,SMC Factory 2,,roll,
TU1610YR-33-X101USZ1,3,SMC Factory 2,,roll,
TU0425B-33-X101USZ2,12,SMC Factory 2,,roll,
TU0425BR1-33-X101USZ2,12,SMC Factory 2,,roll,
TU0425BU-33-X101USZ2,12,SMC Factory 2,,roll,
TU0425BU1-33-X101USZ2,12,SMC Factory 2,,roll,
TU0425BU2-33-X101USZ2,12,SMC Factory 2,,roll,
TU0425BU3-33-X101USZ2,12,SMC Factory 2,,roll,
TU0425C-33-X101USZ2,12,SMC Factory 2,,roll,
TU0425G-33-X101USZ2,12,SMC Factory 2,,roll,
TU0425G1-33-X101USZ2,12,SMC Factory 2,,roll,
TU0425G2-33-X101USZ2,12,SMC Factory 2,,roll,
TU0425G3-33-X101USZ2,12,SMC Factory 2,,roll,
TU0425G4-33-X101USZ2,12,SMC Factory 2,,roll,
TU0425GR1-33-X101USZ2,12,SMC Factory 2,,roll,
TU0425GR2-33-X101USZ2,12,SMC Factory 2,,roll,
TU0425P1-33-X101USZ2,12,SMC Factory 2,,roll,
TU0425PU1-33-X101USZ2,12,SMC Factory 2,,roll,
TU0425PU2-33-X101USZ2,12,SMC Factory 2,,roll,
TU0425R-33-X101USZ2,12,SMC Factory 2,,roll,
TU0425R1-33-X101USZ2,12,SMC Factory 2,,roll,
TU0425R2-33-X101USZ2,12,SMC Factory 2,,roll,
TU0425S1-33-X101USZ2,12,SMC Factory 2,,roll,
TU0425W-33-X101USZ2,12,SMC Factory 2,,roll,
TU0425Y-33-X101USZ2,12,SMC Factory 2,,roll,
TU0425Y1-33-X101USZ2,12,SMC Factory 2,,roll,
TU0425Y2-33-X101USZ2,12,SMC Factory 2,,roll,
TU0425Y3-33-X101USZ2,12,SMC Factory 2,,roll,
TU0425YR-33-X101USZ2,12,SMC Factory 2,,roll,
TU0425YR1-33-X101USZ2,12,SMC Factory 2,,roll,
TU0425YR2-33-X101USZ2,12,SMC Factory 2,,roll,
TU0604B-33-X101USZ2,12,SMC Factory 2,,roll,
TU0604BR1-33-X101USZ2,12,SMC Factory 2,,roll,
TU0604BU-33-X101USZ2,12,SMC Factory 2,,roll,
TU0604BU1-33-X101USZ2,12,SMC Factory 2,,roll,
TU0604BU2-33-X101USZ2,12,SMC Factory 2,,roll,
TU0604BU3-33-X101USZ2,12,SMC Factory 2,,roll,
TU0604C-33-X101USZ2,12,SMC Factory 2,,roll,
TU0604G-33-X101USZ2,12,SMC Factory 2,,roll,
TU0604G1-33-X101USZ2,12,SMC Factory 2,,roll,
TU0604G2-33-X101USZ2,12,SMC Factory 2,,roll,
TU0604G3-33-X101USZ2,12,SMC Factory 2,,roll,
TU0604G4-33-X101USZ2,12,SMC Factory 2,,roll,
TU0604GR1-33-X101USZ2,12,SMC Factory 2,,roll,
TU0604GR2-33-X101USZ2,12,SMC Factory 2,,roll,
TU0604P1-33-X101USZ2,12,SMC Factory 2,,roll,
TU0604PU1-33-X101USZ2,12,SMC Factory 2,,roll,
TU0604PU2-33-X101USZ2,12,SMC Factory 2,,roll,
TU0604R-33-X101USZ2,12,SMC Factory 2,,roll,
TU0604R1-33-X101USZ2,12,SMC Factory 2,,roll,
TU0604R2-33-X101USZ2,12,SMC Factory 2,,roll,
TU0604S1-33-X101USZ2,12,SMC Factory 2,,roll,
TU0604W-33-X101USZ2,12,SMC Factory 2,,roll,
TU0604Y-33-X101USZ2,12,SMC Factory 2,,roll,
TU0604Y1-33-X101USZ2,12,SMC Factory 2,,roll,
TU0604Y2-33-X101USZ2,12,SMC Factory 2,,roll,
TU0604Y3-33-X101USZ2,12,SMC Factory 2,,roll,
TU0604YR-33-X101USZ2,12,SMC Factory 2,,roll,
TU0604YR1-33-X101USZ2,12,SMC Factory 2,,roll,
TU0604YR2-33-X101USZ2,12,SMC Factory 2,,roll,
TU0805B-33-X101USZ2,12,SMC Factory 2,,roll,
TU0805BR1-33-X101USZ2,12,SMC Factory 2,,roll,
TU0805BU-33-X101USZ2,12,SMC Factory 2,,roll,
TU0805BU1-33-X101USZ2,12,SMC Factory 2,,roll,
TU0805BU2-33-X101USZ2,12,SMC Factory 2,,roll,
TU0805BU3-33-X101USZ2,12,SMC Factory 2,,roll,
TU0805C-33-X101USZ2,12,SMC Factory 2,,roll,
TU0805G-33-X101USZ2,12,SMC Factory 2,,roll,
TU0805G1-33-X101USZ2,12,SMC Factory 2,,roll,
TU0805G2-33-X101USZ2,12,SMC Factory 2,,roll,
TU0805G3-33-X101USZ2,12,SMC Factory 2,,roll,
TU0805G4-33-X101USZ2,12,SMC Factory 2,,roll,
TU0805GR1-33-X101USZ2,12,SMC Factory 2,,roll,
TU0805GR2-33-X101USZ2,12,SMC Factory 2,,roll,
TU0805P1-33-X101USZ2,12,SMC Factory 2,,roll,
TU0805PU1-33-X101USZ2,12,SMC Factory 2,,roll,
TU0805PU2-33-X101USZ2,12,SMC Factory 2,,roll,
TU0805R-33-X101USZ2,12,SMC Factory 2,,roll,
TU0805R1-33-X101USZ2,12,SMC Factory 2,,roll,
TU0805R2-33-X101USZ2,12,SMC Factory 2,,roll,
TU0805S1-33-X101USZ2,12,SMC Factory 2,,roll,
TU0805W-33-X101USZ2,12,SMC Factory 2,,roll,
TU0805Y-33-X101USZ2,12,SMC Factory 2,,roll,
TU0805Y1-33-X101USZ2,12,SMC Factory 2,,roll,
TU0805Y2-33-X101USZ2,12,SMC Factory 2,,roll,
TU0805Y3-33-X101USZ2,12,SMC Factory 2,,roll,
TU0805YR-33-X101USZ2,12,SMC Factory 2,,roll,
TU0805YR1-33-X101USZ2,12,SMC Factory 2,,roll,
TU0805YR2-33-X101USZ2,12,SMC Factory 2,,roll,
TU1065B-33-X101USZ2,12,SMC Factory 2,,roll,
TU1065BR1-33-X101USZ2,12,SMC Factory 2,,roll,
TU1065BU-33-X101USZ2,12,SMC Factory 2,,roll,
TU1065BU1-33-X101USZ2,12,SMC Factory 2,,roll,
TU1065BU2-33-X101USZ2,12,SMC Factory 2,,roll,
TU1065BU3-33-X101USZ2,12,SMC Factory 2,,roll,
TU1065C-33-X101USZ2,12,SMC Factory 2,,roll,
TU1065G-33-X101USZ2,12,SMC Factory 2,,roll,
TU1065G1-33-X101USZ2,12,SMC Factory 2,,roll,
TU1065G2-33-X101USZ2,12,SMC Factory 2,,roll,
TU1065G3-33-X101USZ2,12,SMC Factory 2,,roll,
TU1065G4-33-X101USZ2,12,SMC Factory 2,,roll,
TU1065GR1-33-X101USZ2,12,SMC Factory 2,,roll,
TU1065GR2-33-X101USZ2,12,SMC Factory 2,,roll,
TU1065P1-33-X101USZ2,12,SMC Factory 2,,roll,
TU1065PU1-33-X101USZ2,12,SMC Factory 2,,roll,
TU1065PU2-33-X101USZ2,12,SMC Factory 2,,roll,
TU1065R-33-X101USZ2,12,SMC Factory 2,,roll,
TU1065R1-33-X101USZ2,12,SMC Factory 2,,roll,
TU1065R2-33-X101USZ2,12,SMC Factory 2,,roll,
TU1065S1-33-X101USZ2,12,SMC Factory 2,,roll,
TU1065W-33-X101USZ2,12,SMC Factory 2,,roll,
TU1065Y-33-X101USZ2,12,SMC Factory 2,,roll,
TU1065Y1-33-X101USZ2,12,SMC Factory 2,,roll,
TU1065Y2-33-X101USZ2,12,SMC Factory 2,,roll,
TU1065Y3-33-X101USZ2,12,SMC Factory 2,,roll,
TU1065YR-33-X101USZ2,12,SMC Factory 2,,roll,
TU1065YR1-33-X101USZ2,12,SMC Factory 2,,roll,
TU1065YR2-33-X101USZ2,12,SMC Factory 2,,roll,
TU1208B-33-X101USZ2,12,SMC Factory 2,,roll,
TU1208BR1-33-X101USZ2,12,SMC Factory 2,,roll,
TU1208BU-33-X101USZ2,12,SMC Factory 2,,roll,
TU1208BU1-33-X101USZ2,12,SMC Factory 2,,roll,
TU1208BU2-33-X101USZ2,12,SMC Factory 2,,roll,
TU1208BU3-33-X101USZ2,12,SMC Factory 2,,roll,
TU1208C-33-X101USZ2,12,SMC Factory 2,,roll,
TU1208G-33-X101USZ2,12,SMC Factory 2,,roll,
TU1208G1-33-X101USZ2,12,SMC Factory 2,,roll,
TU1208G2-33-X101USZ2,12,SMC Factory 2,,roll,
TU1208G3-33-X101USZ2,12,SMC Factory 2,,roll,
TU1208G4-33-X101USZ2,12,SMC Factory 2,,roll,
TU1208GR1-33-X101USZ2,12,SMC Factory 2,,roll,
TU1208GR2-33-X101USZ2,12,SMC Factory 2,,roll,
TU1208P1-33-X101USZ2,12,SMC Factory 2,,roll,
TU1208PU1-33-X101USZ2,12,SMC Factory 2,,roll,
TU1208PU2-33-X101USZ2,12,SMC Factory 2,,roll,
TU1208R-33-X101USZ2,12,SMC Factory 2,,roll,
TU1208R1-33-X101USZ2,12,SMC Factory 2,,roll,
TU1208R2-33-X101USZ2,12,SMC Factory 2,,roll,
TU1208S1-33-X101USZ2,12,SMC Factory 2,,roll,
TU1208W-33-X101USZ2,12,SMC Factory 2,,roll,
TU1208Y-33-X101USZ2,12,SMC Factory 2,,roll,
TU1208Y1-33-X101USZ2,12,SMC Factory 2,,roll,
TU1208Y2-33-X101USZ2,12,SMC Factory 2,,roll,
TU1208Y3-33-X101USZ2,12,SMC Factory 2,,roll,
TU1208YR-33-X101USZ2,12,SMC Factory 2,,roll,
TU1208YR1-33-X101USZ2,12,SMC Factory 2,,roll,
TU1208YR2-33-X101USZ2,12,SMC Factory 2,,roll,
TU1610C-33-X101USZ2,3,SMC Factory 2,,roll,
TU1610B-33-X101USZ2,3,SMC Factory 2,,roll,
TU1610BU-33-X101USZ2,3,SMC Factory 2,,roll,
TU1610G-33-X101USZ2,3,SMC Factory 2,,roll,
TU1610R-33-X101USZ2,3,SMC Factory 2,,roll,
TU1610W-33-X101USZ2,3,SMC Factory 2,,roll,
TU1610Y-33-X101USZ2,3,SMC Factory 2,,roll,
TU1610YR-33-X101USZ2,3,SMC Factory 2,,roll,
TU1610BU1-33-X101USZ2,3,SMC Factory 2,,roll,
TU1610BU2-33-X101USZ2,3,SMC Factory 2,,roll,
TU1610BU3-33-X101USZ2,3,SMC Factory 2,,roll,
TU1610BR1-33-X101USZ2,3,SMC Factory 2,,roll,
TU1610G1-33-X101USZ2,3,SMC Factory 2,,roll,
TU1610G2-33-X101USZ2,3,SMC Factory 2,,roll,
TU1610G3-33-X101USZ2,3,SMC Factory 2,,roll,
TU1610G4-33-X101USZ2,3,SMC Factory 2,,roll,
TU1610GR1-33-X101USZ2,3,SMC Factory 2,,roll,
TU1610GR2-33-X101USZ2,3,SMC Factory 2,,roll,
TU1610P1-33-X101USZ2,3,SMC Factory 2,,roll,
TU1610PU1-33-X101USZ2,3,SMC Factory 2,,roll,
TU1610PU2-33-X101USZ2,3,SMC Factory 2,,roll,
TU1610R1-33-X101USZ2,3,SMC Factory 2,,roll,
TU1610R2-33-X101USZ2,3,SMC Factory 2,,roll,
TU1610S1-33-X101USZ2,3,SMC Factory 2,,roll,
TU1610Y1-33-X101USZ2,3,SMC Factory 2,,roll,
TU1610Y2-33-X101USZ2,3,SMC Factory 2,,roll,
TU1610Y3-33-X101USZ2,3,SMC Factory 2,,roll,
TU1610YR1-33-X101USZ2,3,SMC Factory 2,,roll,
TU1610YR2-33-X101USZ2,3,SMC Factory 2,,roll,
TIUB01B-33-X101USZ1,12,SMC Factory 2,,roll,
TIUB01BU-33-X101USZ1,12,SMC Factory 2,,roll,
TIUB01G-33-X101USZ1,12,SMC Factory 2,,roll,
TIUB01R-33-X101USZ1,12,SMC Factory 2,,roll,
TIUB01W-33-X101USZ1,12,SMC Factory 2,,roll,
TIUB01Y-33-X101USZ1,12,SMC Factory 2,,roll,
TIUB01YR-33-X101USZ1,12,SMC Factory 2,,roll,
TIUB05B-33-X101USZ1,12,SMC Factory 2,,roll,
TIUB05BU-33-X101USZ1,12,SMC Factory 2,,roll,
TIUB05G-33-X101USZ1,12,SMC Factory 2,,roll,
TIUB05R-33-X101USZ1,12,SMC Factory 2,,roll,
TIUB05W-33-X101USZ1,12,SMC Factory 2,,roll,
TIUB05Y-33-X101USZ1,12,SMC Factory 2,,roll,
TIUB05YR-33-X101USZ1,12,SMC Factory 2,,roll,
TIUB07B-33-X101USZ1,12,SMC Factory 2,,roll,
TIUB07BU-33-X101USZ1,12,SMC Factory 2,,roll,
TIUB07G-33-X101USZ1,12,SMC Factory 2,,roll,
TIUB07R-33-X101USZ1,12,SMC Factory 2,,roll,
TIUB07W-33-X101USZ1,12,SMC Factory 2,,roll,
TIUB07Y-33-X101USZ1,12,SMC Factory 2,,roll,
TIUB07YR-33-X101USZ1,12,SMC Factory 2,,roll,
TIUB11B-33-X101USZ1,12,SMC Factory 2,,roll,
TIUB11BU-33-X101USZ1,12,SMC Factory 2,,roll,
TIUB11G-33-X101USZ1,12,SMC Factory 2,,roll,
TIUB11R-33-X101USZ1,12,SMC Factory 2,,roll,
TIUB11W-33-X101USZ1,12,SMC Factory 2,,roll,
TIUB11Y-33-X101USZ1,12,SMC Factory 2,,roll,
TIUB11YR-33-X101USZ1,12,SMC Factory 2,,roll,
TIUB13B-33-X101USZ1,12,SMC Factory 2,,roll,
TIUB13BU-33-X101USZ1,12,SMC Factory 2,,roll,
TIUB13G-33-X101USZ1,12,SMC Factory 2,,roll,
TIUB13R-33-X101USZ1,12,SMC Factory 2,,roll,
TIUB13W-33-X101USZ1,12,SMC Factory 2,,roll,
TIUB13Y-33-X101USZ1,12,SMC Factory 2,,roll,
TIUB13YR-33-X101USZ1,12,SMC Factory 2,,roll,
TIUB01B-33-X101USZ2,12,SMC Factory 2,,roll,
TIUB01BR1-33-X101USZ2,12,SMC Factory 2,,roll,
TIUB01BU-33-X101USZ2,12,SMC Factory 2,,roll,
TIUB01BU1-33-X101USZ2,12,SMC Factory 2,,roll,
TIUB01BU2-33-X101USZ2,12,SMC Factory 2,,roll,
TIUB01BU3-33-X101USZ2,12,SMC Factory 2,,roll,
TIUB01C-33-X101USZ2,12,SMC Factory 2,,roll,
TIUB01G-33-X101USZ2,12,SMC Factory 2,,roll,
TIUB01G1-33-X101USZ2,12,SMC Factory 2,,roll,
TIUB01G2-33-X101USZ2,12,SMC Factory 2,,roll,
TIUB01G3-33-X101USZ2,12,SMC Factory 2,,roll,
TIUB01G4-33-X101USZ2,12,SMC Factory 2,,roll,
TIUB01GR1-33-X101USZ2,12,SMC Factory 2,,roll,
TIUB01GR2-33-X101USZ2,12,SMC Factory 2,,roll,
TIUB01P1-33-X101USZ2,12,SMC Factory 2,,roll,
TIUB01PU1-33-X101USZ2,12,SMC Factory 2,,roll,
TIUB01PU2-33-X101USZ2,12,SMC Factory 2,,roll,
TIUB01R-33-X101USZ2,12,SMC Factory 2,,roll,
TIUB01R1-33-X101USZ2,12,SMC Factory 2,,roll,
TIUB01R2-33-X101USZ2,12,SMC Factory 2,,roll,
TIUB01S1-33-X101USZ2,12,SMC Factory 2,,roll,
TIUB01W-33-X101USZ2,12,SMC Factory 2,,roll,
TIUB01Y-33-X101USZ2,12,SMC Factory 2,,roll,
TIUB01Y1-33-X101USZ2,12,SMC Factory 2,,roll,
TIUB01Y2-33-X101USZ2,12,SMC Factory 2,,roll,
TIUB01Y3-33-X101USZ2,12,SMC Factory 2,,roll,
TIUB01YR-33-X101USZ2,12,SMC Factory 2,,roll,
TIUB01YR1-33-X101USZ2,12,SMC Factory 2,,roll,
TIUB01YR2-33-X101USZ2,12,SMC Factory 2,,roll,
TIUB05B-33-X101USZ2,12,SMC Factory 2,,roll,
TIUB05BR1-33-X101USZ2,12,SMC Factory 2,,roll,
TIUB05BU-33-X101USZ2,12,SMC Factory 2,,roll,
TIUB05BU1-33-X101USZ2,12,SMC Factory 2,,roll,
TIUB05BU2-33-X101USZ2,12,SMC Factory 2,,roll,
TIUB05BU3-33-X101USZ2,12,SMC Factory 2,,roll,
TIUB05C-33-X101USZ2,12,SMC Factory 2,,roll,
TIUB05G-33-X101USZ2,12,SMC Factory 2,,roll,
TIUB05G1-33-X101USZ2,12,SMC Factory 2,,roll,
TIUB05G2-33-X101USZ2,12,SMC Factory 2,,roll,
TIUB05G3-33-X101USZ2,12,SMC Factory 2,,roll,
TIUB05G4-33-X101USZ2,12,SMC Factory 2,,roll,
TIUB05GR1-33-X101USZ2,12,SMC Factory 2,,roll,
TIUB05GR2-33-X101USZ2,12,SMC Factory 2,,roll,
TIUB05P1-33-X101USZ2,12,SMC Factory 2,,roll,
TIUB05PU1-33-X101USZ2,12,SMC Factory 2,,roll,
TIUB05PU2-33-X101USZ2,12,SMC Factory 2,,roll,
TIUB05R-33-X101USZ2,12,SMC Factory 2,,roll,
TIUB05R1-33-X101USZ2,12,SMC Factory 2,,roll,
TIUB05R2-33-X101USZ2,12,SMC Factory 2,,roll,
TIUB05S1-33-X101USZ2,12,SMC Factory 2,,roll,
TIUB05W-33-X101USZ2,12,SMC Factory 2,,roll,
TIUB05Y-33-X101USZ2,12,SMC Factory 2,,roll,
TIUB05Y1-33-X101USZ2,12,SMC Factory 2,,roll,
TIUB05Y2-33-X101USZ2,12,SMC Factory 2,,roll,
TIUB05Y3-33-X101USZ2,12,SMC Factory 2,,roll,
TIUB05YR-33-X101USZ2,12,SMC Factory 2,,roll,
TIUB05YR1-33-X101USZ2,12,SMC Factory 2,,roll,
TIUB05YR2-33-X101USZ2,12,SMC Factory 2,,roll,
TIUB07B-33-X101USZ2,12,SMC Factory 2,,roll,
TIUB07BR1-33-X101USZ2,12,SMC Factory 2,,roll,
TIUB07BU-33-X101USZ2,12,SMC Factory 2,,roll,
TIUB07BU1-33-X101USZ2,12,SMC Factory 2,,roll,
TIUB07BU2-33-X101USZ2,12,SMC Factory 2,,roll,
TIUB07BU3-33-X101USZ2,12,SMC Factory 2,,roll,
TIUB07C-33-X101USZ2,12,SMC Factory 2,,roll,
TIUB07G-33-X101USZ2,12,SMC Factory 2,,roll,
TIUB07G1-33-X101USZ2,12,SMC Factory 2,,roll,
TIUB07G2-33-X101USZ2,12,SMC Factory 2,,roll,
TIUB07G3-33-X101USZ2,12,SMC Factory 2,,roll,
TIUB07G4-33-X101USZ2,12,SMC Factory 2,,roll,
TIUB07GR1-33-X101USZ2,12,SMC Factory 2,,roll,
TIUB07GR2-33-X101USZ2,12,SMC Factory 2,,roll,
TIUB07P1-33-X101USZ2,12,SMC Factory 2,,roll,
TIUB07PU1-33-X101USZ2,12,SMC Factory 2,,roll,
TIUB07PU2-33-X101USZ2,12,SMC Factory 2,,roll,
TIUB07R-33-X101USZ2,12,SMC Factory 2,,roll,
TIUB07R1-33-X101USZ2,12,SMC Factory 2,,roll,
TIUB07R2-33-X101USZ2,12,SMC Factory 2,,roll,
TIUB07S1-33-X101USZ2,12,SMC Factory 2,,roll,
TIUB07W-33-X101USZ2,12,SMC Factory 2,,roll,
TIUB07Y-33-X101USZ2,12,SMC Factory 2,,roll,
TIUB07Y1-33-X101USZ2,12,SMC Factory 2,,roll,
TIUB07Y2-33-X101USZ2,12,SMC Factory 2,,roll,
TIUB07Y3-33-X101USZ2,12,SMC Factory 2,,roll,
TIUB07YR-33-X101USZ2,12,SMC Factory 2,,roll,
TIUB07YR1-33-X101USZ2,12,SMC Factory 2,,roll,
TIUB07YR2-33-X101USZ2,12,SMC Factory 2,,roll,
TIUB11B-33-X101USZ2,12,SMC Factory 2,,roll,
TIUB11BR1-33-X101USZ2,12,SMC Factory 2,,roll,
TIUB11BU-33-X101USZ2,12,SMC Factory 2,,roll,
TIUB11BU1-33-X101USZ2,12,SMC Factory 2,,roll,
TIUB11BU2-33-X101USZ2,12,SMC Factory 2,,roll,
TIUB11BU3-33-X101USZ2,12,SMC Factory 2,,roll,
TIUB11C-33-X101USZ2,12,SMC Factory 2,,roll,
TIUB11G-33-X101USZ2,12,SMC Factory 2,,roll,
TIUB11G1-33-X101USZ2,12,SMC Factory 2,,roll,
TIUB11G2-33-X101USZ2,12,SMC Factory 2,,roll,
TIUB11G3-33-X101USZ2,12,SMC Factory 2,,roll,
TIUB11G4-33-X101USZ2,12,SMC Factory 2,,roll,
TIUB11GR1-33-X101USZ2,12,SMC Factory 2,,roll,
TIUB11GR2-33-X101USZ2,12,SMC Factory 2,,roll,
TIUB11P1-33-X101USZ2,12,SMC Factory 2,,roll,
TIUB11PU1-33-X101USZ2,12,SMC Factory 2,,roll,
TIUB11PU2-33-X101USZ2,12,SMC Factory 2,,roll,
TIUB11R-33-X101USZ2,12,SMC Factory 2,,roll,
TIUB11R1-33-X101USZ2,12,SMC Factory 2,,roll,
TIUB11R2-33-X101USZ2,12,SMC Factory 2,,roll,
TIUB11S1-33-X101USZ2,12,SMC Factory 2,,roll,
TIUB11W-33-X101USZ2,12,SMC Factory 2,,roll,
TIUB11Y-33-X101USZ2,12,SMC Factory 2,,roll,
TIUB11Y1-33-X101USZ2,12,SMC Factory 2,,roll,
TIUB11Y2-33-X101USZ2,12,SMC Factory 2,,roll,
TIUB11Y3-33-X101USZ2,12,SMC Factory 2,,roll,
TIUB11YR-33-X101USZ2,12,SMC Factory 2,,roll,
TIUB11YR1-33-X101USZ2,12,SMC Factory 2,,roll,
TIUB11YR2-33-X101USZ2,12,SMC Factory 2,,roll,
TIUB13B-33-X101USZ2,12,SMC Factory 2,,roll,
TIUB13BR1-33-X101USZ2,12,SMC Factory 2,,roll,
TIUB13BU-33-X101USZ2,12,SMC Factory 2,,roll,
TIUB13BU1-33-X101USZ2,12,SMC Factory 2,,roll,
TIUB13BU2-33-X101USZ2,12,SMC Factory 2,,roll,
TIUB13BU3-33-X101USZ2,12,SMC Factory 2,,roll,
TIUB13C-33-X101USZ2,12,SMC Factory 2,,roll,
TIUB13G-33-X101USZ2,12,SMC Factory 2,,roll,
TIUB13G1-33-X101USZ2,12,SMC Factory 2,,roll,
TIUB13G2-33-X101USZ2,12,SMC Factory 2,,roll,
TIUB13G3-33-X101USZ2,12,SMC Factory 2,,roll,
TIUB13G4-33-X101USZ2,12,SMC Factory 2,,roll,
TIUB13GR1-33-X101USZ2,12,SMC Factory 2,,roll,
TIUB13GR2-33-X101USZ2,12,SMC Factory 2,,roll,
TIUB13P1-33-X101USZ2,12,SMC Factory 2,,roll,
TIUB13PU1-33-X101USZ2,12,SMC Factory 2,,roll,
TIUB13PU2-33-X101USZ2,12,SMC Factory 2,,roll,
TIUB13R-33-X101USZ2,12,SMC Factory 2,,roll,
TIUB13R1-33-X101USZ2,12,SMC Factory 2,,roll,
TIUB13R2-33-X101USZ2,12,SMC Factory 2,,roll,
TIUB13S1-33-X101USZ2,12,SMC Factory 2,,roll,
TIUB13W-33-X101USZ2,12,SMC Factory 2,,roll,
TIUB13Y-33-X101USZ2,12,SMC Factory 2,,roll,
TIUB13Y1-33-X101USZ2,12,SMC Factory 2,,roll,
TIUB13Y2-33-X101USZ2,12,SMC Factory 2,,roll,
TIUB13Y3-33-X101USZ2,12,SMC Factory 2,,roll,
TIUB13YR-33-X101USZ2,12,SMC Factory 2,,roll,
TIUB13YR1-33-X101USZ2,12,SMC Factory 2,,roll,
TIUB13YR2-33-X101USZ2,12,SMC Factory 2,,roll,
TU0425C-1000-X108Z2,2,SMC Factory 2,,roll,
TU0425B-1000-X108Z2,2,SMC Factory 2,,roll,
TU0425W-1000-X108Z2,2,SMC Factory 2,,roll,
TU0425R-1000-X108Z2,2,SMC Factory 2,,roll,
TU0425BU-1000-X108Z2,2,SMC Factory 2,,roll,
TU0425Y-1000-X108Z2,2,SMC Factory 2,,roll,
TU0425G-1000-X108Z2,2,SMC Factory 2,,roll,
TU0425YR-1000-X108Z2,2,SMC Factory 2,,roll,
TU0425BU1-1000-X108Z2,2,SMC Factory 2,,roll,
TU0425BU2-1000-X108Z2,2,SMC Factory 2,,roll,
TU0425BU3-1000-X108Z2,2,SMC Factory 2,,roll,
TU0425BR1-1000-X108Z2,2,SMC Factory 2,,roll,
TU0425G1-1000-X108Z2,2,SMC Factory 2,,roll,
TU0425G2-1000-X108Z2,2,SMC Factory 2,,roll,
TU0425G3-1000-X108Z2,2,SMC Factory 2,,roll,
TU0425G4-1000-X108Z2,2,SMC Factory 2,,roll,
TU0425GR1-1000-X108Z2,2,SMC Factory 2,,roll,
TU0425GR2-1000-X108Z2,2,SMC Factory 2,,roll,
TU0425P1-1000-X108Z2,2,SMC Factory 2,,roll,
TU0425PU1-1000-X108Z2,2,SMC Factory 2,,roll,
TU0425PU2-1000-X108Z2,2,SMC Factory 2,,roll,
TU0425R1-1000-X108Z2,2,SMC Factory 2,,roll,
TU0425R2-1000-X108Z2,2,SMC Factory 2,,roll,
TU0425S1-1000-X108Z2,2,SMC Factory 2,,roll,
TU0425Y1-1000-X108Z2,2,SMC Factory 2,,roll,
TU0425Y2-1000-X108Z2,2,SMC Factory 2,,roll,
TU0425Y3-1000-X108Z2,2,SMC Factory 2,,roll,
TU0425YR1-1000-X108Z2,2,SMC Factory 2,,roll,
TU0425YR2-1000-X108Z2,2,SMC Factory 2,,roll,
TU0604C-1000-X108Z2,1,SMC Factory 2,,roll,
TU0604B-1000-X108Z2,1,SMC Factory 2,,roll,
TU0604W-1000-X108Z2,1,SMC Factory 2,,roll,
TU0604R-1000-X108Z2,1,SMC Factory 2,,roll,
TU0604BU-1000-X108Z2,1,SMC Factory 2,,roll,
TU0604Y-1000-X108Z2,1,SMC Factory 2,,roll,
TU0604G-1000-X108Z2,1,SMC Factory 2,,roll,
TU0604YR-1000-X108Z2,1,SMC Factory 2,,roll,
TU0604BU1-1000-X108Z2,1,SMC Factory 2,,roll,
TU0604BU2-1000-X108Z2,1,SMC Factory 2,,roll,
TU0604BU3-1000-X108Z2,1,SMC Factory 2,,roll,
TU0604BR1-1000-X108Z2,1,SMC Factory 2,,roll,
TU0604G1-1000-X108Z2,1,SMC Factory 2,,roll,
TU0604G2-1000-X108Z2,1,SMC Factory 2,,roll,
TU0604G3-1000-X108Z2,1,SMC Factory 2,,roll,
TU0604G4-1000-X108Z2,1,SMC Factory 2,,roll,
TU0604GR1-1000-X108Z2,1,SMC Factory 2,,roll,
TU0604GR2-1000-X108Z2,1,SMC Factory 2,,roll,
TU0604P1-1000-X108Z2,1,SMC Factory 2,,roll,
TU0604PU1-1000-X108Z2,1,SMC Factory 2,,roll,
TU0604PU2-1000-X108Z2,1,SMC Factory 2,,roll,
TU0604R1-1000-X108Z2,1,SMC Factory 2,,roll,
TU0604R2-1000-X108Z2,1,SMC Factory 2,,roll,
TU0604S1-1000-X108Z2,1,SMC Factory 2,,roll,
TU0604Y1-1000-X108Z2,1,SMC Factory 2,,roll,
TU0604Y2-1000-X108Z2,1,SMC Factory 2,,roll,
TU0604Y3-1000-X108Z2,1,SMC Factory 2,,roll,
TU0604YR1-1000-X108Z2,1,SMC Factory 2,,roll,
TU0604YR2-1000-X108Z2,1,SMC Factory 2,,roll,
TU0425C-20-X122Z2,225,SMC Factory 2,,roll,
TU0425B-20-X122Z2,225,SMC Factory 2,,roll,
TU0425W-20-X122Z2,225,SMC Factory 2,,roll,
TU0425R-20-X122Z2,225,SMC Factory 2,,roll,
TU0425BU-20-X122Z2,225,SMC Factory 2,,roll,
TU0425Y-20-X122Z2,225,SMC Factory 2,,roll,
TU0425G-20-X122Z2,225,SMC Factory 2,,roll,
TU0425YR-20-X122Z2,225,SMC Factory 2,,roll,
TU0425BU1-20-X122Z2,225,SMC Factory 2,,roll,
TU0425BU2-20-X122Z2,225,SMC Factory 2,,roll,
TU0425BU3-20-X122Z2,225,SMC Factory 2,,roll,
TU0425BR1-20-X122Z2,225,SMC Factory 2,,roll,
TU0425G1-20-X122Z2,225,SMC Factory 2,,roll,
TU0425G2-20-X122Z2,225,SMC Factory 2,,roll,
TU0425G3-20-X122Z2,225,SMC Factory 2,,roll,
TU0425G4-20-X122Z2,225,SMC Factory 2,,roll,
TU0425GR1-20-X122Z2,225,SMC Factory 2,,roll,
TU0425GR2-20-X122Z2,225,SMC Factory 2,,roll,
TU0425P1-20-X122Z2,225,SMC Factory 2,,roll,
TU0425PU1-20-X122Z2,225,SMC Factory 2,,roll,
TU0425PU2-20-X122Z2,225,SMC Factory 2,,roll,
TU0425R1-20-X122Z2,225,SMC Factory 2,,roll,
TU0425R2-20-X122Z2,225,SMC Factory 2,,roll,
TU0425S1-20-X122Z2,225,SMC Factory 2,,roll,
TU0425Y1-20-X122Z2,225,SMC Factory 2,,roll,
TU0425Y2-20-X122Z2,225,SMC Factory 2,,roll,
TU0425Y3-20-X122Z2,225,SMC Factory 2,,roll,
TU0425YR1-20-X122Z2,225,SMC Factory 2,,roll,
TU0425YR2-20-X122Z2,225,SMC Factory 2,,roll,
TU0425C-100-X122Z2,12,SMC Factory 2,,roll,
TU0425B-100-X122Z2,12,SMC Factory 2,,roll,
TU0425W-100-X122Z2,12,SMC Factory 2,,roll,
TU0425R-100-X122Z2,12,SMC Factory 2,,roll,
TU0425BU-100-X122Z2,12,SMC Factory 2,,roll,
TU0425Y-100-X122Z2,12,SMC Factory 2,,roll,
TU0425G-100-X122Z2,12,SMC Factory 2,,roll,
TU0425YR-100-X122Z2,12,SMC Factory 2,,roll,
TU0425BU1-100-X122Z2,12,SMC Factory 2,,roll,
TU0425BU2-100-X122Z2,12,SMC Factory 2,,roll,
TU0425BU3-100-X122Z2,12,SMC Factory 2,,roll,
TU0425BR1-100-X122Z2,12,SMC Factory 2,,roll,
TU0425G1-100-X122Z2,12,SMC Factory 2,,roll,
TU0425G2-100-X122Z2,12,SMC Factory 2,,roll,
TU0425G3-100-X122Z2,12,SMC Factory 2,,roll,
TU0425G4-100-X122Z2,12,SMC Factory 2,,roll,
TU0425GR1-100-X122Z2,12,SMC Factory 2,,roll,
TU0425GR2-100-X122Z2,12,SMC Factory 2,,roll,
TU0425P1-100-X122Z2,12,SMC Factory 2,,roll,
TU0425PU1-100-X122Z2,12,SMC Factory 2,,roll,
TU0425PU2-100-X122Z2,12,SMC Factory 2,,roll,
TU0425R1-100-X122Z2,12,SMC Factory 2,,roll,
TU0425R2-100-X122Z2,12,SMC Factory 2,,roll,
TU0425S1-100-X122Z2,12,SMC Factory 2,,roll,
TU0425Y1-100-X122Z2,12,SMC Factory 2,,roll,
TU0425Y2-100-X122Z2,12,SMC Factory 2,,roll,
TU0425Y3-100-X122Z2,12,SMC Factory 2,,roll,
TU0425YR1-100-X122Z2,12,SMC Factory 2,,roll,
TU0425YR2-100-X122Z2,12,SMC Factory 2,,roll,
TU0604C-20-X122Z2,96,SMC Factory 2,,roll,
TU0604B-20-X122Z2,96,SMC Factory 2,,roll,
TU0604W-20-X122Z2,96,SMC Factory 2,,roll,
TU0604R-20-X122Z2,96,SMC Factory 2,,roll,
TU0604BU-20-X122Z2,96,SMC Factory 2,,roll,
TU0604Y-20-X122Z2,96,SMC Factory 2,,roll,
TU0604G-20-X122Z2,96,SMC Factory 2,,roll,
TU0604YR-20-X122Z2,96,SMC Factory 2,,roll,
TU0604BU1-20-X122Z2,96,SMC Factory 2,,roll,
TU0604BU2-20-X122Z2,96,SMC Factory 2,,roll,
TU0604BU3-20-X122Z2,96,SMC Factory 2,,roll,
TU0604BR1-20-X122Z2,96,SMC Factory 2,,roll,
TU0604G1-20-X122Z2,96,SMC Factory 2,,roll,
TU0604G2-20-X122Z2,96,SMC Factory 2,,roll,
TU0604G3-20-X122Z2,96,SMC Factory 2,,roll,
TU0604G4-20-X122Z2,96,SMC Factory 2,,roll,
TU0604GR1-20-X122Z2,96,SMC Factory 2,,roll,
TU0604GR2-20-X122Z2,96,SMC Factory 2,,roll,
TU0604P1-20-X122Z2,96,SMC Factory 2,,roll,
TU0604PU1-20-X122Z2,96,SMC Factory 2,,roll,
TU0604PU2-20-X122Z2,96,SMC Factory 2,,roll,
TU0604R1-20-X122Z2,96,SMC Factory 2,,roll,
TU0604R2-20-X122Z2,96,SMC Factory 2,,roll,
TU0604S1-20-X122Z2,96,SMC Factory 2,,roll,
TU0604Y1-20-X122Z2,96,SMC Factory 2,,roll,
TU0604Y2-20-X122Z2,96,SMC Factory 2,,roll,
TU0604Y3-20-X122Z2,96,SMC Factory 2,,roll,
TU0604YR1-20-X122Z2,96,SMC Factory 2,,roll,
TU0604YR2-20-X122Z2,96,SMC Factory 2,,roll,
TU0604C-100-X122Z2,12,SMC Factory 2,,roll,
TU0604B-100-X122Z2,12,SMC Factory 2,,roll,
TU0604W-100-X122Z2,12,SMC Factory 2,,roll,
TU0604R-100-X122Z2,12,SMC Factory 2,,roll,
TU0604BU-100-X122Z2,12,SMC Factory 2,,roll,
TU0604Y-100-X122Z2,12,SMC Factory 2,,roll,
TU0604G-100-X122Z2,12,SMC Factory 2,,roll,
TU0604YR-100-X122Z2,12,SMC Factory 2,,roll,
TU0604BU1-100-X122Z2,12,SMC Factory 2,,roll,
TU0604BU2-100-X122Z2,12,SMC Factory 2,,roll,
TU0604BU3-100-X122Z2,12,SMC Factory 2,,roll,
TU0604BR1-100-X122Z2,12,SMC Factory 2,,roll,
TU0604G1-100-X122Z2,12,SMC Factory 2,,roll,
TU0604G2-100-X122Z2,12,SMC Factory 2,,roll,
TU0604G3-100-X122Z2,12,SMC Factory 2,,roll,
TU0604G4-100-X122Z2,12,SMC Factory 2,,roll,
TU0604GR1-100-X122Z2,12,SMC Factory 2,,roll,
TU0604GR2-100-X122Z2,12,SMC Factory 2,,roll,
TU0604P1-100-X122Z2,12,SMC Factory 2,,roll,
TU0604PU1-100-X122Z2,12,SMC Factory 2,,roll,
TU0604PU2-100-X122Z2,12,SMC Factory 2,,roll,
TU0604R1-100-X122Z2,12,SMC Factory 2,,roll,
TU0604R2-100-X122Z2,12,SMC Factory 2,,roll,
TU0604S1-100-X122Z2,12,SMC Factory 2,,roll,
TU0604Y1-100-X122Z2,12,SMC Factory 2,,roll,
TU0604Y2-100-X122Z2,12,SMC Factory 2,,roll,
TU0604Y3-100-X122Z2,12,SMC Factory 2,,roll,
TU0604YR1-100-X122Z2,12,SMC Factory 2,,roll,
TU0604YR2-100-X122Z2,12,SMC Factory 2,,roll,
TU0805C-20-X122Z2,70,SMC Factory 2,,roll,
TU0805B-20-X122Z2,70,SMC Factory 2,,roll,
TU0805W-20-X122Z2,70,SMC Factory 2,,roll,
TU0805R-20-X122Z2,70,SMC Factory 2,,roll,
TU0805BU-20-X122Z2,70,SMC Factory 2,,roll,
TU0805Y-20-X122Z2,70,SMC Factory 2,,roll,
TU0805G-20-X122Z2,70,SMC Factory 2,,roll,
TU0805YR-20-X122Z2,70,SMC Factory 2,,roll,
TU0805BU1-20-X122Z2,70,SMC Factory 2,,roll,
TU0805BU2-20-X122Z2,70,SMC Factory 2,,roll,
TU0805BU3-20-X122Z2,70,SMC Factory 2,,roll,
TU0805BR1-20-X122Z2,70,SMC Factory 2,,roll,
TU0805G1-20-X122Z2,70,SMC Factory 2,,roll,
TU0805G2-20-X122Z2,70,SMC Factory 2,,roll,
TU0805G3-20-X122Z2,70,SMC Factory 2,,roll,
TU0805G4-20-X122Z2,70,SMC Factory 2,,roll,
TU0805GR1-20-X122Z2,70,SMC Factory 2,,roll,
TU0805GR2-20-X122Z2,70,SMC Factory 2,,roll,
TU0805P1-20-X122Z2,70,SMC Factory 2,,roll,
TU0805PU1-20-X122Z2,70,SMC Factory 2,,roll,
TU0805PU2-20-X122Z2,70,SMC Factory 2,,roll,
TU0805R1-20-X122Z2,70,SMC Factory 2,,roll,
TU0805R2-20-X122Z2,70,SMC Factory 2,,roll,
TU0805S1-20-X122Z2,70,SMC Factory 2,,roll,
TU0805Y1-20-X122Z2,70,SMC Factory 2,,roll,
TU0805Y2-20-X122Z2,70,SMC Factory 2,,roll,
TU0805Y3-20-X122Z2,70,SMC Factory 2,,roll,
TU0805YR1-20-X122Z2,70,SMC Factory 2,,roll,
TU0805YR2-20-X122Z2,70,SMC Factory 2,,roll,
TU0805C-100-X122Z2,12,SMC Factory 2,,roll,
TU0805B-100-X122Z2,12,SMC Factory 2,,roll,
TU0805W-100-X122Z2,12,SMC Factory 2,,roll,
TU0805R-100-X122Z2,12,SMC Factory 2,,roll,
TU0805BU-100-X122Z2,12,SMC Factory 2,,roll,
TU0805Y-100-X122Z2,12,SMC Factory 2,,roll,
TU0805G-100-X122Z2,12,SMC Factory 2,,roll,
TU0805YR-100-X122Z2,12,SMC Factory 2,,roll,
TU0805BU1-100-X122Z2,12,SMC Factory 2,,roll,
TU0805BU2-100-X122Z2,12,SMC Factory 2,,roll,
TU0805BU3-100-X122Z2,12,SMC Factory 2,,roll,
TU0805BR1-100-X122Z2,12,SMC Factory 2,,roll,
TU0805G1-100-X122Z2,12,SMC Factory 2,,roll,
TU0805G2-100-X122Z2,12,SMC Factory 2,,roll,
TU0805G3-100-X122Z2,12,SMC Factory 2,,roll,
TU0805G4-100-X122Z2,12,SMC Factory 2,,roll,
TU0805GR1-100-X122Z2,12,SMC Factory 2,,roll,
TU0805GR2-100-X122Z2,12,SMC Factory 2,,roll,
TU0805P1-100-X122Z2,12,SMC Factory 2,,roll,
TU0805PU1-100-X122Z2,12,SMC Factory 2,,roll,
TU0805PU2-100-X122Z2,12,SMC Factory 2,,roll,
TU0805R1-100-X122Z2,12,SMC Factory 2,,roll,
TU0805R2-100-X122Z2,12,SMC Factory 2,,roll,
TU0805S1-100-X122Z2,12,SMC Factory 2,,roll,
TU0805Y1-100-X122Z2,12,SMC Factory 2,,roll,
TU0805Y2-100-X122Z2,12,SMC Factory 2,,roll,
TU0805Y3-100-X122Z2,12,SMC Factory 2,,roll,
TU0805YR1-100-X122Z2,12,SMC Factory 2,,roll,
TU0805YR2-100-X122Z2,12,SMC Factory 2,,roll,
TU0604BU1-GZ-X143Z2,1,SMC Factory 2,,roll,
TU0604BU3-100-X148Z2,38,SMC Factory 2,,roll,
TU0805BU3-100-X148Z2,18,SMC Factory 2,,roll,
TU1065BU3-100-X148Z2,12,SMC Factory 2,,roll,
TU1208BU3-20-X148Z2,36,SMC Factory 2,,roll,
TIUB07BU-100-DPH00794Z2,32,SMC Factory 2,,roll,
TIUB07BU-100-DPH00795Z2,32,SMC Factory 2,,roll,
TIUB07BU-100-DPH00796Z2,32,SMC Factory 2,,roll,
TU0604C-1000Z2,1,SMC Factory 2,,roll,
TU0604B-1000Z2,1,SMC Factory 2,,roll,
TU0604W-1000Z2,1,SMC Factory 2,,roll,
TU0604R-1000Z2,1,SMC Factory 2,,roll,
TU0604BU-1000Z2,1,SMC Factory 2,,roll,
TU0604Y-1000Z2,1,SMC Factory 2,,roll,
TU0604G-1000Z2,1,SMC Factory 2,,roll,
TU0604YR-1000Z2,1,SMC Factory 2,,roll,
TU0604BU1-1000Z2,1,SMC Factory 2,,roll,
TU0604BU2-1000Z2,1,SMC Factory 2,,roll,
TU0604BU3-1000Z2,1,SMC Factory 2,,roll,
TU0604BR1-1000Z2,1,SMC Factory 2,,roll,
TU0604G1-1000Z2,1,SMC Factory 2,,roll,
TU0604G2-1000Z2,1,SMC Factory 2,,roll,
TU0604G3-1000Z2,1,SMC Factory 2,,roll,
TU0604G4-1000Z2,1,SMC Factory 2,,roll,
TU0604GR1-1000Z2,1,SMC Factory 2,,roll,
TU0604GR2-1000Z2,1,SMC Factory 2,,roll,
TU0604P1-1000Z2,1,SMC Factory 2,,roll,
TU0604PU1-1000Z2,1,SMC Factory 2,,roll,
TU0604PU2-1000Z2,1,SMC Factory 2,,roll,
TU0604R1-1000Z2,1,SMC Factory 2,,roll,
TU0604R2-1000Z2,1,SMC Factory 2,,roll,
TU0604S1-1000Z2,1,SMC Factory 2,,roll,
TU0604Y1-1000Z2,1,SMC Factory 2,,roll,
TU0604Y2-1000Z2,1,SMC Factory 2,,roll,
TU0604Y3-1000Z2,1,SMC Factory 2,,roll,
TU0604YR1-1000Z2,1,SMC Factory 2,,roll,
TU0604YR2-1000Z2,1,SMC Factory 2,,roll,
TU0604BU-J1-X143Z2,38,SMC Factory 2,,roll,
TU0604C-J1-X143Z2,38,SMC Factory 2,,roll,
TU0604Y-J1-X143Z2,38,SMC Factory 2,,roll,
TU0425B-100U0257Z2,50,SMC Factory 2,,roll,
TU0425B-20U0257Z2,225,SMC Factory 2,,roll,
TU0425BU-100U0257Z2,50,SMC Factory 2,,roll,
TU0425BU-20U0257Z2,225,SMC Factory 2,,roll,
TU0604B-100U0258Z2,38,SMC Factory 2,,roll,
TU0604B-20U0258Z2,96,SMC Factory 2,,roll,
TU0604BU-100U0258Z2,38,SMC Factory 2,,roll,
TU0604BU-20U0258Z2,96,SMC Factory 2,,roll,
TU0805B-100U0259Z2,18,SMC Factory 2,,roll,
TU0805B-20U0259Z2,70,SMC Factory 2,,roll,
TU0805BU-100U0259Z2,18,SMC Factory 2,,roll,
TU0805BU-20U0259Z2,70,SMC Factory 2,,roll,
TU1065B-100U0260Z2,12,SMC Factory 2,,roll,
TU1065B-20U0260Z2,44,SMC Factory 2,,roll,
TU1065BU-100U0260Z2,12,SMC Factory 2,,roll,
TU1065BU-20U0260Z2,44,SMC Factory 2,,roll,
TU1208B-100U0261Z2,8,SMC Factory 2,,roll,
TU1208B-20U0261Z2,36,SMC Factory 2,,roll,
TU1208BU-100U0261Z2,8,SMC Factory 2,,roll,
TU1208BU-20U0261Z2,36,SMC Factory 2,,roll,
TU0425G2-100-X214Z2,50,SMC Factory 2,,roll,
TU0604G2-100-X214Z2,38,SMC Factory 2,,roll,
TU0805G2-100-X214Z2,18,SMC Factory 2,,roll,
TU1065G2-100-X214Z2,12,SMC Factory 2,,roll,
TU1208G2-100-X214Z2,8,SMC Factory 2,,roll,
TU0425Y2-100-X214Z2,50,SMC Factory 2,,roll,
TU0604Y2-100-X214Z2,38,SMC Factory 2,,roll,
TU0805Y2-100-X214Z2,18,SMC Factory 2,,roll,
TU1065Y2-100-X214Z2,12,SMC Factory 2,,roll,
TU1208Y2-100-X214Z2,8,SMC Factory 2,,roll,
TU0425G2-20-X214Z2,225,SMC Factory 2,,roll,
TU0604G2-20-X214Z2,96,SMC Factory 2,,roll,
TU0805G2-20-X214Z2,70,SMC Factory 2,,roll,
TU1065G2-20-X214Z2,44,SMC Factory 2,,roll,
TU1208G2-20-X214Z2,36,SMC Factory 2,,roll,
TU0425Y2-20-X214Z2,225,SMC Factory 2,,roll,
TU0604Y2-20-X214Z2,96,SMC Factory 2,,roll,
TU0805Y2-20-X214Z2,70,SMC Factory 2,,roll,
TU1065Y2-20-X214Z2,44,SMC Factory 2,,roll,
TU1208Y2-20-X214Z2,36,SMC Factory 2,,roll,
TU0604C-500-X234Z2,2,SMC Factory 2,,roll,
TU0604B-500-X234Z2,2,SMC Factory 2,,roll,
TU0604BU-500-X234Z2,2,SMC Factory 2,,roll,
TU0604G-500-X234Z2,2,SMC Factory 2,,roll,
TU0604R-500-X234Z2,2,SMC Factory 2,,roll,
TU0604W-500-X234Z2,2,SMC Factory 2,,roll,
TU0604Y-500-X234Z2,2,SMC Factory 2,,roll,
TU0604YR-500-X234Z2,2,SMC Factory 2,,roll,
TU1610G2-20-X214Z2,20,SMC Factory 2,,roll,
TU1610G2-100-X214Z2,2,SMC Factory 2,,roll,
TU1610Y2-20-X214Z2,20,SMC Factory 2,,roll,
TU1610Y2-100-X214Z2,2,SMC Factory 2,,roll,
HF2B-TU1208YR-20,36,SMC Factory 2,,roll,
HF2B-TU1208YR-100,8,SMC Factory 2,,roll,
HF2B-TU1208Y2-20,36,SMC Factory 2,,roll,
HF2B-TU1208Y2-100,8,SMC Factory 2,,roll,
HF2B-TU1208Y-20,36,SMC Factory 2,,roll,
HF2B-TU1208Y-100,8,SMC Factory 2,,roll,
HF2B-TU1208W-20,36,SMC Factory 2,,roll,
HF2B-TU1208W-100,8,SMC Factory 2,,roll,
HF2B-TU1208R-20,36,SMC Factory 2,,roll,
HF2B-TU1208R-100,8,SMC Factory 2,,roll,
HF2B-TU1208G2-20,36,SMC Factory 2,,roll,
HF2B-TU1208G2-100,8,SMC Factory 2,,roll,
HF2B-TU1208G-20,36,SMC Factory 2,,roll,
HF2B-TU1208G-100,8,SMC Factory 2,,roll,
HF2B-TU1208C-20,36,SMC Factory 2,,roll,
HF2B-TU1208C-100,8,SMC Factory 2,,roll,
HF2B-TU1208BU-20,36,SMC Factory 2,,roll,
HF2B-TU1208BU-100,8,SMC Factory 2,,roll,
HF2B-TU1208B-20,36,SMC Factory 2,,roll,
HF2B-TU1208B-100,8,SMC Factory 2,,roll,
HF2B-TU1065YR-20,44,SMC Factory 2,,roll,
HF2B-TU1065YR-100,12,SMC Factory 2,,roll,
HF2B-TU1065Y2-20,44,SMC Factory 2,,roll,
HF2B-TU1065Y2-100,12,SMC Factory 2,,roll,
HF2B-TU1065Y-20,44,SMC Factory 2,,roll,
HF2B-TU1065Y-100,12,SMC Factory 2,,roll,
HF2B-TU1065W-20,44,SMC Factory 2,,roll,
HF2B-TU1065W-100,12,SMC Factory 2,,roll,
HF2B-TU1065R-20,44,SMC Factory 2,,roll,
HF2B-TU1065R-100,12,SMC Factory 2,,roll,
HF2B-TU1065G2-20,44,SMC Factory 2,,roll,
HF2B-TU1065G2-100,12,SMC Factory 2,,roll,
HF2B-TU1065G-20,44,SMC Factory 2,,roll,
HF2B-TU1065G-100,12,SMC Factory 2,,roll,
HF2B-TU1065C-20,44,SMC Factory 2,,roll,
HF2B-TU1065C-100,12,SMC Factory 2,,roll,
HF2B-TU1065BU-20,44,SMC Factory 2,,roll,
HF2B-TU1065BU-100,12,SMC Factory 2,,roll,
HF2B-TU1065B-20,44,SMC Factory 2,,roll,
HF2B-TU1065B-100,12,SMC Factory 2,,roll,
HF2B-TU0805YR-20,70,SMC Factory 2,,roll,
HF2B-TU0805YR-100,18,SMC Factory 2,,roll,
HF2B-TU0805Y2-20,70,SMC Factory 2,,roll,
HF2B-TU0805Y2-100,18,SMC Factory 2,,roll,
HF2B-TU0805Y-20,70,SMC Factory 2,,roll,
HF2B-TU0805Y-100,18,SMC Factory 2,,roll,
HF2B-TU0805W-20,70,SMC Factory 2,,roll,
HF2B-TU0805W-100,18,SMC Factory 2,,roll,
HF2B-TU0805R-20,70,SMC Factory 2,,roll,
HF2B-TU0805R-100,18,SMC Factory 2,,roll,
HF2B-TU0805G2-20,70,SMC Factory 2,,roll,
HF2B-TU0805G2-100,18,SMC Factory 2,,roll,
HF2B-TU0805G-20,70,SMC Factory 2,,roll,
HF2B-TU0805G-100,18,SMC Factory 2,,roll,
HF2B-TU0805C-20,70,SMC Factory 2,,roll,
HF2B-TU0805C-100,18,SMC Factory 2,,roll,
HF2B-TU0805BU-20,70,SMC Factory 2,,roll,
HF2B-TU0805BU-100,18,SMC Factory 2,,roll,
HF2B-TU0805B-20,70,SMC Factory 2,,roll,
HF2B-TU0805B-100,18,SMC Factory 2,,roll,
HF2B-TU0604YR-20,96,SMC Factory 2,,roll,
HF2B-TU0604YR-100,38,SMC Factory 2,,roll,
HF2B-TU0604Y2-20,96,SMC Factory 2,,roll,
HF2B-TU0604Y2-100,38,SMC Factory 2,,roll,
HF2B-TU0604Y-20,96,SMC Factory 2,,roll,
HF2B-TU0604Y-100,38,SMC Factory 2,,roll,
HF2B-TU0604W-20,96,SMC Factory 2,,roll,
HF2B-TU0604W-100,38,SMC Factory 2,,roll,
HF2B-TU0604R-20,96,SMC Factory 2,,roll,
HF2B-TU0604R-100,38,SMC Factory 2,,roll,
HF2B-TU0604G2-20,96,SMC Factory 2,,roll,
HF2B-TU0604G2-100,38,SMC Factory 2,,roll,
HF2B-TU0604G-20,96,SMC Factory 2,,roll,
HF2B-TU0604G-100,38,SMC Factory 2,,roll,
HF2B-TU0604C-20,96,SMC Factory 2,,roll,
HF2B-TU0604C-100,38,SMC Factory 2,,roll,
HF2B-TU0604BU-20,96,SMC Factory 2,,roll,
HF2B-TU0604BU-100,38,SMC Factory 2,,roll,
HF2B-TU0604B-20,96,SMC Factory 2,,roll,
HF2B-TU0604B-100,38,SMC Factory 2,,roll,
HF2B-TU0425YR-20,225,SMC Factory 2,,roll,
HF2B-TU0425YR-100,50,SMC Factory 2,,roll,
HF2B-TU0425Y2-20,225,SMC Factory 2,,roll,
HF2B-TU0425Y2-100,50,SMC Factory 2,,roll,
HF2B-TU0425Y-20,225,SMC Factory 2,,roll,
HF2B-TU0425Y-100,50,SMC Factory 2,,roll,
HF2B-TU0425W-20,225,SMC Factory 2,,roll,
HF2B-TU0425W-100,50,SMC Factory 2,,roll,
HF2B-TU0425R-20,225,SMC Factory 2,,roll,
HF2B-TU0425R-100,50,SMC Factory 2,,roll,
HF2B-TU0425G2-20,225,SMC Factory 2,,roll,
HF2B-TU0425G2-100,50,SMC Factory 2,,roll,
HF2B-TU0425G-20,225,SMC Factory 2,,roll,
HF2B-TU0425G-100,50,SMC Factory 2,,roll,
HF2B-TU0425C-20,225,SMC Factory 2,,roll,
HF2B-TU0425C-100,50,SMC Factory 2,,roll,
HF2B-TU0425BU-20,225,SMC Factory 2,,roll,
HF2B-TU0425BU-100,50,SMC Factory 2,,roll,
HF2B-TU0425B-20,225,SMC Factory 2,,roll,
HF2B-TU0425B-100,50,SMC Factory 2,,roll,
T0403W-100,50,SMC Factory 2,,roll,
T0403W-100,50,SMC Factory 2,,roll,
T0403W-20,225,SMC Factory 2,,roll,
T0403W-20,225,SMC Factory 2,,roll,
T0425W-100,50,SMC Factory 2,,roll,
T0425W-100,50,SMC Factory 2,,roll,
T0425W-153,30,SMC Factory 2,,roll,
T0425W-153,30,SMC Factory 2,,roll,
T0425W-20,225,SMC Factory 2,,roll,
T0425W-20,225,SMC Factory 2,,roll,
T0425W-305,12,SMC Factory 2,,roll,
T0425W-305,12,SMC Factory 2,,roll,
T0425W-33,112,SMC Factory 2,,roll,
T0425W-33,112,SMC Factory 2,,roll,
T0425W-500,12,SMC Factory 2,,roll,
T0425W-500,12,SMC Factory 2,,roll,
T0604W-100,38,SMC Factory 2,,roll,
T0604W-100,38,SMC Factory 2,,roll,
T0604W-20,96,SMC Factory 2,,roll,
T0604W-20,96,SMC Factory 2,,roll,
T0604W-305,8,SMC Factory 2,,roll,
T0604W-33,68,SMC Factory 2,,roll,
T0604W-33,68,SMC Factory 2,,roll,
T0604W-500,8,SMC Factory 2,,roll,
T0645W-100,38,SMC Factory 2,,roll,
T0645W-100,38,SMC Factory 2,,roll,
T0645W-20,96,SMC Factory 2,,roll,
T0645W-20,96,SMC Factory 2,,roll,
T0806W-100,18,SMC Factory 2,,roll,
T0806W-100,18,SMC Factory 2,,roll,
T0806W-153,12,SMC Factory 2,,roll,
T0806W-20,70,SMC Factory 2,,roll,
T0806W-20,70,SMC Factory 2,,roll,
T0806W-33,58,SMC Factory 2,,roll,
T0806W-33,58,SMC Factory 2,,roll,
T0806W-500,2,SMC Factory 2,,roll,
T0806W-500,2,SMC Factory 2,,roll,
T1075W-100,12,SMC Factory 2,,roll,
T1075W-100,12,SMC Factory 2,,roll,
T1075W-20,44,SMC Factory 2,,roll,
T1075W-20,44,SMC Factory 2,,roll,
T1075W-33,30,SMC Factory 2,,roll,
T1209W-100,8,SMC Factory 2,,roll,
T1209W-100,8,SMC Factory 2,,roll,
T1209W-20,36,SMC Factory 2,,roll,
T1209W-20,36,SMC Factory 2,,roll,
T1613W-100,2,SMC Factory 2,,roll,
T1613W-100,2,SMC Factory 2,,roll,
T1613W-20,20,SMC Factory 2,,roll,
T1613W-20,20,SMC Factory 2,,roll,
TIA01W-153,56,SMC Factory 2,,roll,
TIA01W-20,450,SMC Factory 2,,roll,
TIA01W-20,450,SMC Factory 2,,roll,
TIA01W-305,12,SMC Factory 2,,roll,
TIA01W-305,12,SMC Factory 2,,roll,
TIA01W-33,315,SMC Factory 2,,roll,
TIA01W-33,315,SMC Factory 2,,roll,
TIA05W-100,60,SMC Factory 2,,roll,
TIA05W-153,32,SMC Factory 2,,roll,
TIA05W-20,180,SMC Factory 2,,roll,
TIA05W-20,180,SMC Factory 2,,roll,
TIA05W-305,12,SMC Factory 2,,roll,
TIA05W-33,118,SMC Factory 2,,roll,
TIA05W-33,118,SMC Factory 2,,roll,
TIA07W-100,32,SMC Factory 2,,roll,
TIA07W-100,32,SMC Factory 2,,roll,
TIA07W-153,20,SMC Factory 2,,roll,
TIA07W-153,20,SMC Factory 2,,roll,
TIA07W-20,112,SMC Factory 2,,roll,
TIA07W-20,112,SMC Factory 2,,roll,
TIA07W-305,8,SMC Factory 2,,roll,
TIA07W-305,8,SMC Factory 2,,roll,
TIA07W-33,72,SMC Factory 2,,roll,
TIA07W-33,72,SMC Factory 2,,roll,
TIA07W-500,3,SMC Factory 2,,roll,
TIA07W-500,3,SMC Factory 2,,roll,
TIA11W-100,12,SMC Factory 2,,roll,
TIA11W-100,12,SMC Factory 2,,roll,
TIA11W-153,3,SMC Factory 2,,roll,
TIA11W-153,3,SMC Factory 2,,roll,
TIA11W-20,58,SMC Factory 2,,roll,
TIA11W-20,58,SMC Factory 2,,roll,
TIA11W-305,2,SMC Factory 2,,roll,
TIA11W-305,2,SMC Factory 2,,roll,
TIA11W-33,44,SMC Factory 2,,roll,
TIA11W-33,44,SMC Factory 2,,roll,
TIA13W-100,8,SMC Factory 2,,roll,
TIA13W-100,8,SMC Factory 2,,roll,
TIA13W-153,2,SMC Factory 2,,roll,
TIA13W-153,2,SMC Factory 2,,roll,
TIA13W-20,34,SMC Factory 2,,roll,
TIA13W-20,34,SMC Factory 2,,roll,
TIA13W-305,1,SMC Factory 2,,roll,
TIA13W-33,22,SMC Factory 2,,roll,
TIA13W-33,22,SMC Factory 2,,roll,
T0403B-100,50,SMC Factory 2,,roll,
T0403B-100,50,SMC Factory 2,,roll,
T0403B-20,225,SMC Factory 2,,roll,
T0403B-20,225,SMC Factory 2,,roll,
T0425B-100,50,SMC Factory 2,,roll,
T0425B-100,50,SMC Factory 2,,roll,
T0425B-153,30,SMC Factory 2,,roll,
T0425B-153,30,SMC Factory 2,,roll,
T0425B-20,225,SMC Factory 2,,roll,
T0425B-20,225,SMC Factory 2,,roll,
T0425B-305,12,SMC Factory 2,,roll,
T0425B-305,12,SMC Factory 2,,roll,
T0425B-33,112,SMC Factory 2,,roll,
T0425B-33,112,SMC Factory 2,,roll,
T0425B-500,12,SMC Factory 2,,roll,
T0425B-500,12,SMC Factory 2,,roll,
T0604B-100,38,SMC Factory 2,,roll,
T0604B-100,38,SMC Factory 2,,roll,
T0604B-20,96,SMC Factory 2,,roll,
T0604B-20,96,SMC Factory 2,,roll,
T0604B-305,8,SMC Factory 2,,roll,
T0604B-33,68,SMC Factory 2,,roll,
T0604B-33,68,SMC Factory 2,,roll,
T0604B-500,8,SMC Factory 2,,roll,
T0645B-100,38,SMC Factory 2,,roll,
T0645B-100,38,SMC Factory 2,,roll,
T0645B-20,96,SMC Factory 2,,roll,
T0645B-20,96,SMC Factory 2,,roll,
T0806B-100,18,SMC Factory 2,,roll,
T0806B-100,18,SMC Factory 2,,roll,
T0806B-153,12,SMC Factory 2,,roll,
T0806B-20,70,SMC Factory 2,,roll,
T0806B-20,70,SMC Factory 2,,roll,
T0806B-33,58,SMC Factory 2,,roll,
T0806B-33,58,SMC Factory 2,,roll,
T0806B-500,2,SMC Factory 2,,roll,
T0806B-500,2,SMC Factory 2,,roll,
T1075B-100,12,SMC Factory 2,,roll,
T1075B-100,12,SMC Factory 2,,roll,
T1075B-20,44,SMC Factory 2,,roll,
T1075B-20,44,SMC Factory 2,,roll,
T1075B-33,30,SMC Factory 2,,roll,
T1209B-100,8,SMC Factory 2,,roll,
T1209B-100,8,SMC Factory 2,,roll,
T1209B-20,36,SMC Factory 2,,roll,
T1209B-20,36,SMC Factory 2,,roll,
T1613B-100,2,SMC Factory 2,,roll,
T1613B-100,2,SMC Factory 2,,roll,
T1613B-20,20,SMC Factory 2,,roll,
T1613B-20,20,SMC Factory 2,,roll,
TIA01B-153,56,SMC Factory 2,,roll,
TIA01B-20,450,SMC Factory 2,,roll,
TIA01B-20,450,SMC Factory 2,,roll,
TIA01B-305,12,SMC Factory 2,,roll,
TIA01B-305,12,SMC Factory 2,,roll,
TIA01B-33,315,SMC Factory 2,,roll,
TIA01B-33,315,SMC Factory 2,,roll,
TIA05B-100,60,SMC Factory 2,,roll,
TIA05B-153,32,SMC Factory 2,,roll,
TIA05B-20,180,SMC Factory 2,,roll,
TIA05B-20,180,SMC Factory 2,,roll,
TIA05B-305,12,SMC Factory 2,,roll,
TIA05B-33,118,SMC Factory 2,,roll,
TIA05B-33,118,SMC Factory 2,,roll,
TIA07B-100,32,SMC Factory 2,,roll,
TIA07B-100,32,SMC Factory 2,,roll,
TIA07B-153,20,SMC Factory 2,,roll,
TIA07B-153,20,SMC Factory 2,,roll,
TIA07B-20,112,SMC Factory 2,,roll,
TIA07B-20,112,SMC Factory 2,,roll,
TIA07B-305,8,SMC Factory 2,,roll,
TIA07B-305,8,SMC Factory 2,,roll,
TIA07B-33,72,SMC Factory 2,,roll,
TIA07B-33,72,SMC Factory 2,,roll,
TIA07B-500,3,SMC Factory 2,,roll,
TIA07B-500,3,SMC Factory 2,,roll,
TIA11B-100,12,SMC Factory 2,,roll,
TIA11B-100,12,SMC Factory 2,,roll,
TIA11B-153,3,SMC Factory 2,,roll,
TIA11B-153,3,SMC Factory 2,,roll,
TIA11B-20,58,SMC Factory 2,,roll,
TIA11B-20,58,SMC Factory 2,,roll,
TIA11B-305,2,SMC Factory 2,,roll,
TIA11B-305,2,SMC Factory 2,,roll,
TIA11B-33,44,SMC Factory 2,,roll,
TIA11B-33,44,SMC Factory 2,,roll,
TIA13B-100,8,SMC Factory 2,,roll,
TIA13B-100,8,SMC Factory 2,,roll,
TIA13B-153,2,SMC Factory 2,,roll,
TIA13B-153,2,SMC Factory 2,,roll,
TIA13B-20,34,SMC Factory 2,,roll,
TIA13B-20,34,SMC Factory 2,,roll,
TIA13B-305,1,SMC Factory 2,,roll,
TIA13B-33,22,SMC Factory 2,,roll,
TIA13B-33,22,SMC Factory 2,,roll,
